osmose[info] ----------------------------------------------
osmose[info] OSMOSE: Modelling Exploited Marine Ecosystems
osmose[info]         http://www.osmose-model.org
osmose[info] ----------------------------------------------
osmose[info] Software version: 4.4.1
osmose[info] Running configuration osmose-calibration.osm
osmose[info] Loading parameters from /gpfs/projects/ChenGroup/OSMOSE-HRENYB-GIT/calibration_acc/master/osmose-calibration.osm
osmose[info] . Loading parameters from /gpfs/projects/ChenGroup/OSMOSE-HRENYB-GIT/calibration_acc/master/calibration_parameters.osm
osmose[info] . Loading parameters from /gpfs/projects/ChenGroup/OSMOSE-HRENYB-GIT/calibration_acc/master/output-configuration.osm
osmose[warn] . . Osmose will ignore parameter output.biomass.enabled = TRUE (from /gpfs/projects/ChenGroup/OSMOSE-HRENYB-GIT/calibration_acc/master/output-configuration.osm line 4)
osmose[warn] . . Parameter already defined output.biomass.enabled = TRUE (from /gpfs/projects/ChenGroup/OSMOSE-HRENYB-GIT/calibration_acc/master/calibration_parameters.osm line 143)
osmose[warn] . . Osmose will ignore parameter output.meansize.byage.enabled = TRUE (from /gpfs/projects/ChenGroup/OSMOSE-HRENYB-GIT/calibration_acc/master/output-configuration.osm line 7)
osmose[warn] . . Parameter already defined output.meansize.byage.enabled = TRUE (from /gpfs/projects/ChenGroup/OSMOSE-HRENYB-GIT/calibration_acc/master/calibration_parameters.osm line 145)
osmose[warn] . . Osmose will ignore parameter output.fishing.accessible.biomass = FALSE (from /gpfs/projects/ChenGroup/OSMOSE-HRENYB-GIT/calibration_acc/master/output-configuration.osm line 15)
osmose[warn] . . Parameter already defined output.fishing.accessible.biomass = FALSE (from /gpfs/projects/ChenGroup/OSMOSE-HRENYB-GIT/calibration_acc/master/output-configuration.osm line 13)
osmose[warn] . . Osmose will ignore parameter output.fishing.harvested.biomass = FALSE (from /gpfs/projects/ChenGroup/OSMOSE-HRENYB-GIT/calibration_acc/master/output-configuration.osm line 16)
osmose[warn] . . Parameter already defined output.fishing.harvested.biomass = FALSE (from /gpfs/projects/ChenGroup/OSMOSE-HRENYB-GIT/calibration_acc/master/output-configuration.osm line 14)
osmose[warn] . . Osmose will ignore parameter output.biomass.bysize.enabled = FALSE (from /gpfs/projects/ChenGroup/OSMOSE-HRENYB-GIT/calibration_acc/master/output-configuration.osm line 21)
osmose[warn] . . Parameter already defined output.biomass.bysize.enabled = TRUE (from /gpfs/projects/ChenGroup/OSMOSE-HRENYB-GIT/calibration_acc/master/calibration_parameters.osm line 144)
osmose[warn] . . Osmose will ignore parameter output.mortality.enabled = FALSE (from /gpfs/projects/ChenGroup/OSMOSE-HRENYB-GIT/calibration_acc/master/output-configuration.osm line 76)
osmose[warn] . . Parameter already defined output.mortality.enabled = TRUE (from /gpfs/projects/ChenGroup/OSMOSE-HRENYB-GIT/calibration_acc/master/calibration_parameters.osm line 141)
osmose[warn] . . Osmose will ignore parameter output.size.enabled = FALSE (from /gpfs/projects/ChenGroup/OSMOSE-HRENYB-GIT/calibration_acc/master/output-configuration.osm line 84)
osmose[warn] . . Parameter already defined output.size.enabled = TRUE (from /gpfs/projects/ChenGroup/OSMOSE-HRENYB-GIT/calibration_acc/master/calibration_parameters.osm line 146)
osmose[warn] . . Osmose will ignore parameter output.tl.enabled = FALSE (from /gpfs/projects/ChenGroup/OSMOSE-HRENYB-GIT/calibration_acc/master/output-configuration.osm line 86)
osmose[warn] . . Parameter already defined output.tl.enabled = TRUE (from /gpfs/projects/ChenGroup/OSMOSE-HRENYB-GIT/calibration_acc/master/calibration_parameters.osm line 142)
osmose[warn] . . Osmose will ignore parameter output.meansize.byage.enabled = FALSE (from /gpfs/projects/ChenGroup/OSMOSE-HRENYB-GIT/calibration_acc/master/output-configuration.osm line 93)
osmose[warn] . . Parameter already defined output.meansize.byage.enabled = TRUE (from /gpfs/projects/ChenGroup/OSMOSE-HRENYB-GIT/calibration_acc/master/calibration_parameters.osm line 145)
osmose[warn] . . Osmose will ignore parameter output.diet.composition.enabled = FALSE (from /gpfs/projects/ChenGroup/OSMOSE-HRENYB-GIT/calibration_acc/master/output-configuration.osm line 98)
osmose[warn] . . Parameter already defined output.diet.composition.enabled = TRUE (from /gpfs/projects/ChenGroup/OSMOSE-HRENYB-GIT/calibration_acc/master/calibration_parameters.osm line 138)
osmose[warn] . . Osmose will ignore parameter output.diet.composition.byage.enabled = FALSE (from /gpfs/projects/ChenGroup/OSMOSE-HRENYB-GIT/calibration_acc/master/output-configuration.osm line 99)
osmose[warn] . . Parameter already defined output.diet.composition.byage.enabled = TRUE (from /gpfs/projects/ChenGroup/OSMOSE-HRENYB-GIT/calibration_acc/master/calibration_parameters.osm line 139)
osmose[warn] . . Osmose will ignore parameter output.diet.composition.bysize.enabled = FALSE (from /gpfs/projects/ChenGroup/OSMOSE-HRENYB-GIT/calibration_acc/master/output-configuration.osm line 100)
osmose[warn] . . Parameter already defined output.diet.composition.bysize.enabled = TRUE (from /gpfs/projects/ChenGroup/OSMOSE-HRENYB-GIT/calibration_acc/master/calibration_parameters.osm line 140)
osmose[info] . Loading parameters from /gpfs/projects/ChenGroup/OSMOSE-HRENYB-GIT/osmose-hrenyb-v4.4.1-xiangyan/osmose-hrenyb_acc.R
osmose[info] . . Loading parameters from /gpfs/projects/ChenGroup/OSMOSE-HRENYB-GIT/osmose-hrenyb-v4.4.1-xiangyan/input/calibration-parameters_final.csv
osmose[warn] . . . Osmose will ignore parameter species.accessibility2fish.sp17 = 0.00602381905188776 (from /gpfs/projects/ChenGroup/OSMOSE-HRENYB-GIT/osmose-hrenyb-v4.4.1-xiangyan/input/calibration-parameters_final.csv line 1)
osmose[warn] . . . Parameter already defined species.accessibility2fish.sp17 = 0.0399625845245665 (from /gpfs/projects/ChenGroup/OSMOSE-HRENYB-GIT/calibration_acc/master/calibration_parameters.osm line 1)
osmose[warn] . . . Osmose will ignore parameter species.accessibility2fish.sp18 = 0.0396255824279134 (from /gpfs/projects/ChenGroup/OSMOSE-HRENYB-GIT/osmose-hrenyb-v4.4.1-xiangyan/input/calibration-parameters_final.csv line 2)
osmose[warn] . . . Parameter already defined species.accessibility2fish.sp18 = 0.00406920950002785 (from /gpfs/projects/ChenGroup/OSMOSE-HRENYB-GIT/calibration_acc/master/calibration_parameters.osm line 2)
osmose[warn] . . . Osmose will ignore parameter species.accessibility2fish.sp19 = 0.997817598899465 (from /gpfs/projects/ChenGroup/OSMOSE-HRENYB-GIT/osmose-hrenyb-v4.4.1-xiangyan/input/calibration-parameters_final.csv line 3)
osmose[warn] . . . Parameter already defined species.accessibility2fish.sp19 = 0.999326521899052 (from /gpfs/projects/ChenGroup/OSMOSE-HRENYB-GIT/calibration_acc/master/calibration_parameters.osm line 3)
osmose[warn] . . . Osmose will ignore parameter species.accessibility2fish.sp20 = 0.0571585067837265 (from /gpfs/projects/ChenGroup/OSMOSE-HRENYB-GIT/osmose-hrenyb-v4.4.1-xiangyan/input/calibration-parameters_final.csv line 4)
osmose[warn] . . . Parameter already defined species.accessibility2fish.sp20 = 0.112678067844262 (from /gpfs/projects/ChenGroup/OSMOSE-HRENYB-GIT/calibration_acc/master/calibration_parameters.osm line 4)
osmose[warn] . . . Osmose will ignore parameter species.accessibility2fish.sp21 = 0.946242363609636 (from /gpfs/projects/ChenGroup/OSMOSE-HRENYB-GIT/osmose-hrenyb-v4.4.1-xiangyan/input/calibration-parameters_final.csv line 5)
osmose[warn] . . . Parameter already defined species.accessibility2fish.sp21 = 0.903857889579333 (from /gpfs/projects/ChenGroup/OSMOSE-HRENYB-GIT/calibration_acc/master/calibration_parameters.osm line 5)
osmose[warn] . . . Osmose will ignore parameter species.accessibility2fish.sp22 = 0.0730679289491536 (from /gpfs/projects/ChenGroup/OSMOSE-HRENYB-GIT/osmose-hrenyb-v4.4.1-xiangyan/input/calibration-parameters_final.csv line 6)
osmose[warn] . . . Parameter already defined species.accessibility2fish.sp22 = 0.624288024694986 (from /gpfs/projects/ChenGroup/OSMOSE-HRENYB-GIT/calibration_acc/master/calibration_parameters.osm line 6)
osmose[warn] . . . Osmose will ignore parameter species.accessibility2fish.sp23 = 0.999925123134401 (from /gpfs/projects/ChenGroup/OSMOSE-HRENYB-GIT/osmose-hrenyb-v4.4.1-xiangyan/input/calibration-parameters_final.csv line 7)
osmose[warn] . . . Parameter already defined species.accessibility2fish.sp23 = 0.965930059768038 (from /gpfs/projects/ChenGroup/OSMOSE-HRENYB-GIT/calibration_acc/master/calibration_parameters.osm line 7)
osmose[warn] . . . Osmose will ignore parameter species.accessibility2fish.sp24 = 0.277822621237559 (from /gpfs/projects/ChenGroup/OSMOSE-HRENYB-GIT/osmose-hrenyb-v4.4.1-xiangyan/input/calibration-parameters_final.csv line 8)
osmose[warn] . . . Parameter already defined species.accessibility2fish.sp24 = 0.385375335205801 (from /gpfs/projects/ChenGroup/OSMOSE-HRENYB-GIT/calibration_acc/master/calibration_parameters.osm line 8)
osmose[warn] . . . Osmose will ignore parameter population.initialization.biomass.sp0 = 62810.2999999998 (from /gpfs/projects/ChenGroup/OSMOSE-HRENYB-GIT/osmose-hrenyb-v4.4.1-xiangyan/input/calibration-parameters_final.csv line 9)
osmose[warn] . . . Parameter already defined population.initialization.biomass.sp0 = 62810.2999999998 (from /gpfs/projects/ChenGroup/OSMOSE-HRENYB-GIT/calibration_acc/master/calibration_parameters.osm line 9)
osmose[warn] . . . Osmose will ignore parameter population.initialization.biomass.sp1 = 32391.9799999999 (from /gpfs/projects/ChenGroup/OSMOSE-HRENYB-GIT/osmose-hrenyb-v4.4.1-xiangyan/input/calibration-parameters_final.csv line 10)
osmose[warn] . . . Parameter already defined population.initialization.biomass.sp1 = 32391.9799999999 (from /gpfs/projects/ChenGroup/OSMOSE-HRENYB-GIT/calibration_acc/master/calibration_parameters.osm line 10)
osmose[warn] . . . Osmose will ignore parameter population.initialization.biomass.sp2 = 140.230999999999 (from /gpfs/projects/ChenGroup/OSMOSE-HRENYB-GIT/osmose-hrenyb-v4.4.1-xiangyan/input/calibration-parameters_final.csv line 11)
osmose[warn] . . . Parameter already defined population.initialization.biomass.sp2 = 140.230999999999 (from /gpfs/projects/ChenGroup/OSMOSE-HRENYB-GIT/calibration_acc/master/calibration_parameters.osm line 11)
osmose[warn] . . . Osmose will ignore parameter population.initialization.biomass.sp3 = 2374.51500000002 (from /gpfs/projects/ChenGroup/OSMOSE-HRENYB-GIT/osmose-hrenyb-v4.4.1-xiangyan/input/calibration-parameters_final.csv line 12)
osmose[warn] . . . Parameter already defined population.initialization.biomass.sp3 = 2374.51500000002 (from /gpfs/projects/ChenGroup/OSMOSE-HRENYB-GIT/calibration_acc/master/calibration_parameters.osm line 12)
osmose[warn] . . . Osmose will ignore parameter population.initialization.biomass.sp4 = 23293.2939999999 (from /gpfs/projects/ChenGroup/OSMOSE-HRENYB-GIT/osmose-hrenyb-v4.4.1-xiangyan/input/calibration-parameters_final.csv line 13)
osmose[warn] . . . Parameter already defined population.initialization.biomass.sp4 = 23293.2939999999 (from /gpfs/projects/ChenGroup/OSMOSE-HRENYB-GIT/calibration_acc/master/calibration_parameters.osm line 13)
osmose[warn] . . . Osmose will ignore parameter population.initialization.biomass.sp5 = 2559.03499999998 (from /gpfs/projects/ChenGroup/OSMOSE-HRENYB-GIT/osmose-hrenyb-v4.4.1-xiangyan/input/calibration-parameters_final.csv line 14)
osmose[warn] . . . Parameter already defined population.initialization.biomass.sp5 = 2559.03499999998 (from /gpfs/projects/ChenGroup/OSMOSE-HRENYB-GIT/calibration_acc/master/calibration_parameters.osm line 14)
osmose[warn] . . . Osmose will ignore parameter population.initialization.biomass.sp6 = 695.020000000005 (from /gpfs/projects/ChenGroup/OSMOSE-HRENYB-GIT/osmose-hrenyb-v4.4.1-xiangyan/input/calibration-parameters_final.csv line 15)
osmose[warn] . . . Parameter already defined population.initialization.biomass.sp6 = 695.020000000005 (from /gpfs/projects/ChenGroup/OSMOSE-HRENYB-GIT/calibration_acc/master/calibration_parameters.osm line 15)
osmose[warn] . . . Osmose will ignore parameter population.initialization.biomass.sp7 = 1951.09499999999 (from /gpfs/projects/ChenGroup/OSMOSE-HRENYB-GIT/osmose-hrenyb-v4.4.1-xiangyan/input/calibration-parameters_final.csv line 16)
osmose[warn] . . . Parameter already defined population.initialization.biomass.sp7 = 1951.09499999999 (from /gpfs/projects/ChenGroup/OSMOSE-HRENYB-GIT/calibration_acc/master/calibration_parameters.osm line 16)
osmose[warn] . . . Osmose will ignore parameter population.initialization.biomass.sp8 = 71398.7800000005 (from /gpfs/projects/ChenGroup/OSMOSE-HRENYB-GIT/osmose-hrenyb-v4.4.1-xiangyan/input/calibration-parameters_final.csv line 17)
osmose[warn] . . . Parameter already defined population.initialization.biomass.sp8 = 71398.7800000005 (from /gpfs/projects/ChenGroup/OSMOSE-HRENYB-GIT/calibration_acc/master/calibration_parameters.osm line 17)
osmose[warn] . . . Osmose will ignore parameter population.initialization.biomass.sp9 = 6058.33499999997 (from /gpfs/projects/ChenGroup/OSMOSE-HRENYB-GIT/osmose-hrenyb-v4.4.1-xiangyan/input/calibration-parameters_final.csv line 18)
osmose[warn] . . . Parameter already defined population.initialization.biomass.sp9 = 6058.33499999997 (from /gpfs/projects/ChenGroup/OSMOSE-HRENYB-GIT/calibration_acc/master/calibration_parameters.osm line 18)
osmose[warn] . . . Osmose will ignore parameter population.initialization.biomass.sp10 = 17717.523 (from /gpfs/projects/ChenGroup/OSMOSE-HRENYB-GIT/osmose-hrenyb-v4.4.1-xiangyan/input/calibration-parameters_final.csv line 19)
osmose[warn] . . . Parameter already defined population.initialization.biomass.sp10 = 17717.523 (from /gpfs/projects/ChenGroup/OSMOSE-HRENYB-GIT/calibration_acc/master/calibration_parameters.osm line 19)
osmose[warn] . . . Osmose will ignore parameter population.initialization.biomass.sp11 = 3156.91799999998 (from /gpfs/projects/ChenGroup/OSMOSE-HRENYB-GIT/osmose-hrenyb-v4.4.1-xiangyan/input/calibration-parameters_final.csv line 20)
osmose[warn] . . . Parameter already defined population.initialization.biomass.sp11 = 3156.91799999998 (from /gpfs/projects/ChenGroup/OSMOSE-HRENYB-GIT/calibration_acc/master/calibration_parameters.osm line 20)
osmose[warn] . . . Osmose will ignore parameter population.initialization.biomass.sp12 = 335331.813000001 (from /gpfs/projects/ChenGroup/OSMOSE-HRENYB-GIT/osmose-hrenyb-v4.4.1-xiangyan/input/calibration-parameters_final.csv line 21)
osmose[warn] . . . Parameter already defined population.initialization.biomass.sp12 = 335331.813000001 (from /gpfs/projects/ChenGroup/OSMOSE-HRENYB-GIT/calibration_acc/master/calibration_parameters.osm line 21)
osmose[warn] . . . Osmose will ignore parameter population.initialization.biomass.sp13 = 48804.3190000005 (from /gpfs/projects/ChenGroup/OSMOSE-HRENYB-GIT/osmose-hrenyb-v4.4.1-xiangyan/input/calibration-parameters_final.csv line 22)
osmose[warn] . . . Parameter already defined population.initialization.biomass.sp13 = 48804.3190000005 (from /gpfs/projects/ChenGroup/OSMOSE-HRENYB-GIT/calibration_acc/master/calibration_parameters.osm line 22)
osmose[warn] . . . Osmose will ignore parameter population.initialization.biomass.sp14 = 14246.9760000001 (from /gpfs/projects/ChenGroup/OSMOSE-HRENYB-GIT/osmose-hrenyb-v4.4.1-xiangyan/input/calibration-parameters_final.csv line 23)
osmose[warn] . . . Parameter already defined population.initialization.biomass.sp14 = 14246.9760000001 (from /gpfs/projects/ChenGroup/OSMOSE-HRENYB-GIT/calibration_acc/master/calibration_parameters.osm line 23)
osmose[warn] . . . Osmose will ignore parameter population.initialization.biomass.sp15 = 5.31500000000001 (from /gpfs/projects/ChenGroup/OSMOSE-HRENYB-GIT/osmose-hrenyb-v4.4.1-xiangyan/input/calibration-parameters_final.csv line 24)
osmose[warn] . . . Parameter already defined population.initialization.biomass.sp15 = 5.31500000000001 (from /gpfs/projects/ChenGroup/OSMOSE-HRENYB-GIT/calibration_acc/master/calibration_parameters.osm line 24)
osmose[warn] . . . Osmose will ignore parameter population.initialization.biomass.sp16 = 1.881 (from /gpfs/projects/ChenGroup/OSMOSE-HRENYB-GIT/osmose-hrenyb-v4.4.1-xiangyan/input/calibration-parameters_final.csv line 25)
osmose[warn] . . . Parameter already defined population.initialization.biomass.sp16 = 1.881 (from /gpfs/projects/ChenGroup/OSMOSE-HRENYB-GIT/calibration_acc/master/calibration_parameters.osm line 25)
osmose[warn] . . . Osmose will ignore parameter mortality.additional.rate.sp0 = 0.00858511431545714 (from /gpfs/projects/ChenGroup/OSMOSE-HRENYB-GIT/osmose-hrenyb-v4.4.1-xiangyan/input/calibration-parameters_final.csv line 26)
osmose[warn] . . . Parameter already defined mortality.additional.rate.sp0 = 0.0369413893863153 (from /gpfs/projects/ChenGroup/OSMOSE-HRENYB-GIT/calibration_acc/master/calibration_parameters.osm line 26)
osmose[warn] . . . Osmose will ignore parameter mortality.additional.rate.sp1 = 3.36691506473395 (from /gpfs/projects/ChenGroup/OSMOSE-HRENYB-GIT/osmose-hrenyb-v4.4.1-xiangyan/input/calibration-parameters_final.csv line 27)
osmose[warn] . . . Parameter already defined mortality.additional.rate.sp1 = 1.44043442544703 (from /gpfs/projects/ChenGroup/OSMOSE-HRENYB-GIT/calibration_acc/master/calibration_parameters.osm line 27)
osmose[warn] . . . Osmose will ignore parameter mortality.additional.rate.sp2 = 0.00350868862695542 (from /gpfs/projects/ChenGroup/OSMOSE-HRENYB-GIT/osmose-hrenyb-v4.4.1-xiangyan/input/calibration-parameters_final.csv line 28)
osmose[warn] . . . Parameter already defined mortality.additional.rate.sp2 = 0.00932858197511693 (from /gpfs/projects/ChenGroup/OSMOSE-HRENYB-GIT/calibration_acc/master/calibration_parameters.osm line 28)
osmose[warn] . . . Osmose will ignore parameter mortality.additional.rate.sp3 = 0.327272152715893 (from /gpfs/projects/ChenGroup/OSMOSE-HRENYB-GIT/osmose-hrenyb-v4.4.1-xiangyan/input/calibration-parameters_final.csv line 29)
osmose[warn] . . . Parameter already defined mortality.additional.rate.sp3 = 0.0123638053520244 (from /gpfs/projects/ChenGroup/OSMOSE-HRENYB-GIT/calibration_acc/master/calibration_parameters.osm line 29)
osmose[warn] . . . Osmose will ignore parameter mortality.additional.rate.sp4 = 0.0685247893004061 (from /gpfs/projects/ChenGroup/OSMOSE-HRENYB-GIT/osmose-hrenyb-v4.4.1-xiangyan/input/calibration-parameters_final.csv line 30)
osmose[warn] . . . Parameter already defined mortality.additional.rate.sp4 = 0.0967086485906525 (from /gpfs/projects/ChenGroup/OSMOSE-HRENYB-GIT/calibration_acc/master/calibration_parameters.osm line 30)
osmose[warn] . . . Osmose will ignore parameter mortality.additional.rate.sp5 = 0.000672117239879631 (from /gpfs/projects/ChenGroup/OSMOSE-HRENYB-GIT/osmose-hrenyb-v4.4.1-xiangyan/input/calibration-parameters_final.csv line 31)
osmose[warn] . . . Parameter already defined mortality.additional.rate.sp5 = 0.00559393720289475 (from /gpfs/projects/ChenGroup/OSMOSE-HRENYB-GIT/calibration_acc/master/calibration_parameters.osm line 31)
osmose[warn] . . . Osmose will ignore parameter mortality.additional.rate.sp6 = 0.000396036887888675 (from /gpfs/projects/ChenGroup/OSMOSE-HRENYB-GIT/osmose-hrenyb-v4.4.1-xiangyan/input/calibration-parameters_final.csv line 32)
osmose[warn] . . . Parameter already defined mortality.additional.rate.sp6 = 0.00443550000423141 (from /gpfs/projects/ChenGroup/OSMOSE-HRENYB-GIT/calibration_acc/master/calibration_parameters.osm line 32)
osmose[warn] . . . Osmose will ignore parameter mortality.additional.rate.sp7 = 1.39914855407006 (from /gpfs/projects/ChenGroup/OSMOSE-HRENYB-GIT/osmose-hrenyb-v4.4.1-xiangyan/input/calibration-parameters_final.csv line 33)
osmose[warn] . . . Parameter already defined mortality.additional.rate.sp7 = 3.12871732202335 (from /gpfs/projects/ChenGroup/OSMOSE-HRENYB-GIT/calibration_acc/master/calibration_parameters.osm line 33)
osmose[warn] . . . Osmose will ignore parameter mortality.additional.rate.sp8 = 0.00157178730690133 (from /gpfs/projects/ChenGroup/OSMOSE-HRENYB-GIT/osmose-hrenyb-v4.4.1-xiangyan/input/calibration-parameters_final.csv line 34)
osmose[warn] . . . Parameter already defined mortality.additional.rate.sp8 = 0.0286031636430498 (from /gpfs/projects/ChenGroup/OSMOSE-HRENYB-GIT/calibration_acc/master/calibration_parameters.osm line 34)
osmose[warn] . . . Osmose will ignore parameter mortality.additional.rate.sp9 = 1.51347685335451 (from /gpfs/projects/ChenGroup/OSMOSE-HRENYB-GIT/osmose-hrenyb-v4.4.1-xiangyan/input/calibration-parameters_final.csv line 35)
osmose[warn] . . . Parameter already defined mortality.additional.rate.sp9 = 0.0399517260322153 (from /gpfs/projects/ChenGroup/OSMOSE-HRENYB-GIT/calibration_acc/master/calibration_parameters.osm line 35)
osmose[warn] . . . Osmose will ignore parameter mortality.additional.rate.sp10 = 0.0186867962958127 (from /gpfs/projects/ChenGroup/OSMOSE-HRENYB-GIT/osmose-hrenyb-v4.4.1-xiangyan/input/calibration-parameters_final.csv line 36)
osmose[warn] . . . Parameter already defined mortality.additional.rate.sp10 = 0.000600957497899913 (from /gpfs/projects/ChenGroup/OSMOSE-HRENYB-GIT/calibration_acc/master/calibration_parameters.osm line 36)
osmose[warn] . . . Osmose will ignore parameter mortality.additional.rate.sp11 = 0.0914889616225075 (from /gpfs/projects/ChenGroup/OSMOSE-HRENYB-GIT/osmose-hrenyb-v4.4.1-xiangyan/input/calibration-parameters_final.csv line 37)
osmose[warn] . . . Parameter already defined mortality.additional.rate.sp11 = 0.00223429148599814 (from /gpfs/projects/ChenGroup/OSMOSE-HRENYB-GIT/calibration_acc/master/calibration_parameters.osm line 37)
osmose[warn] . . . Osmose will ignore parameter mortality.additional.rate.sp12 = 3.62957172979026 (from /gpfs/projects/ChenGroup/OSMOSE-HRENYB-GIT/osmose-hrenyb-v4.4.1-xiangyan/input/calibration-parameters_final.csv line 38)
osmose[warn] . . . Parameter already defined mortality.additional.rate.sp12 = 0.000197917762494104 (from /gpfs/projects/ChenGroup/OSMOSE-HRENYB-GIT/calibration_acc/master/calibration_parameters.osm line 38)
osmose[warn] . . . Osmose will ignore parameter mortality.additional.rate.sp13 = 0.000164697874535016 (from /gpfs/projects/ChenGroup/OSMOSE-HRENYB-GIT/osmose-hrenyb-v4.4.1-xiangyan/input/calibration-parameters_final.csv line 39)
osmose[warn] . . . Parameter already defined mortality.additional.rate.sp13 = 0.00185669540760305 (from /gpfs/projects/ChenGroup/OSMOSE-HRENYB-GIT/calibration_acc/master/calibration_parameters.osm line 39)
osmose[warn] . . . Osmose will ignore parameter mortality.additional.rate.sp14 = 0.0129399237227219 (from /gpfs/projects/ChenGroup/OSMOSE-HRENYB-GIT/osmose-hrenyb-v4.4.1-xiangyan/input/calibration-parameters_final.csv line 40)
osmose[warn] . . . Parameter already defined mortality.additional.rate.sp14 = 0.00027949709562334 (from /gpfs/projects/ChenGroup/OSMOSE-HRENYB-GIT/calibration_acc/master/calibration_parameters.osm line 40)
osmose[warn] . . . Osmose will ignore parameter mortality.additional.rate.sp15 = 0.112025760295333 (from /gpfs/projects/ChenGroup/OSMOSE-HRENYB-GIT/osmose-hrenyb-v4.4.1-xiangyan/input/calibration-parameters_final.csv line 41)
osmose[warn] . . . Parameter already defined mortality.additional.rate.sp15 = 0.0247121521742011 (from /gpfs/projects/ChenGroup/OSMOSE-HRENYB-GIT/calibration_acc/master/calibration_parameters.osm line 41)
osmose[warn] . . . Osmose will ignore parameter mortality.additional.rate.sp16 = 0.710248853580153 (from /gpfs/projects/ChenGroup/OSMOSE-HRENYB-GIT/osmose-hrenyb-v4.4.1-xiangyan/input/calibration-parameters_final.csv line 42)
osmose[warn] . . . Parameter already defined mortality.additional.rate.sp16 = 0.130154370128066 (from /gpfs/projects/ChenGroup/OSMOSE-HRENYB-GIT/calibration_acc/master/calibration_parameters.osm line 42)
osmose[warn] . . . Osmose will ignore parameter mortality.additional.larva.rate.sp0 = 6.78887732905524 (from /gpfs/projects/ChenGroup/OSMOSE-HRENYB-GIT/osmose-hrenyb-v4.4.1-xiangyan/input/calibration-parameters_final.csv line 43)
osmose[warn] . . . Parameter already defined mortality.additional.larva.rate.sp0 = 30.8466606452152 (from /gpfs/projects/ChenGroup/OSMOSE-HRENYB-GIT/calibration_acc/master/calibration_parameters.osm line 43)
osmose[warn] . . . Osmose will ignore parameter mortality.additional.larva.rate.sp1 = 1.74721450373906 (from /gpfs/projects/ChenGroup/OSMOSE-HRENYB-GIT/osmose-hrenyb-v4.4.1-xiangyan/input/calibration-parameters_final.csv line 44)
osmose[warn] . . . Parameter already defined mortality.additional.larva.rate.sp1 = 29.2612876680132 (from /gpfs/projects/ChenGroup/OSMOSE-HRENYB-GIT/calibration_acc/master/calibration_parameters.osm line 44)
osmose[warn] . . . Osmose will ignore parameter mortality.additional.larva.rate.sp2 = 2.84684309265264 (from /gpfs/projects/ChenGroup/OSMOSE-HRENYB-GIT/osmose-hrenyb-v4.4.1-xiangyan/input/calibration-parameters_final.csv line 45)
osmose[warn] . . . Parameter already defined mortality.additional.larva.rate.sp2 = 13.0631181084027 (from /gpfs/projects/ChenGroup/OSMOSE-HRENYB-GIT/calibration_acc/master/calibration_parameters.osm line 45)
osmose[warn] . . . Osmose will ignore parameter mortality.additional.larva.rate.sp3 = 1.92138900652248 (from /gpfs/projects/ChenGroup/OSMOSE-HRENYB-GIT/osmose-hrenyb-v4.4.1-xiangyan/input/calibration-parameters_final.csv line 46)
osmose[warn] . . . Parameter already defined mortality.additional.larva.rate.sp3 = 1.17058448311224 (from /gpfs/projects/ChenGroup/OSMOSE-HRENYB-GIT/calibration_acc/master/calibration_parameters.osm line 46)
osmose[warn] . . . Osmose will ignore parameter mortality.additional.larva.rate.sp5 = 540.043189748235 (from /gpfs/projects/ChenGroup/OSMOSE-HRENYB-GIT/osmose-hrenyb-v4.4.1-xiangyan/input/calibration-parameters_final.csv line 47)
osmose[warn] . . . Parameter already defined mortality.additional.larva.rate.sp5 = 376.851669589332 (from /gpfs/projects/ChenGroup/OSMOSE-HRENYB-GIT/calibration_acc/master/calibration_parameters.osm line 47)
osmose[warn] . . . Osmose will ignore parameter mortality.additional.larva.rate.sp6 = 149.251163236541 (from /gpfs/projects/ChenGroup/OSMOSE-HRENYB-GIT/osmose-hrenyb-v4.4.1-xiangyan/input/calibration-parameters_final.csv line 48)
osmose[warn] . . . Parameter already defined mortality.additional.larva.rate.sp6 = 263.264596755528 (from /gpfs/projects/ChenGroup/OSMOSE-HRENYB-GIT/calibration_acc/master/calibration_parameters.osm line 48)
osmose[warn] . . . Osmose will ignore parameter mortality.additional.larva.rate.sp7 = 2.53486505649188 (from /gpfs/projects/ChenGroup/OSMOSE-HRENYB-GIT/osmose-hrenyb-v4.4.1-xiangyan/input/calibration-parameters_final.csv line 49)
osmose[warn] . . . Parameter already defined mortality.additional.larva.rate.sp7 = 16.2110225761532 (from /gpfs/projects/ChenGroup/OSMOSE-HRENYB-GIT/calibration_acc/master/calibration_parameters.osm line 49)
osmose[warn] . . . Osmose will ignore parameter mortality.additional.larva.rate.sp8 = 0.629014020333346 (from /gpfs/projects/ChenGroup/OSMOSE-HRENYB-GIT/osmose-hrenyb-v4.4.1-xiangyan/input/calibration-parameters_final.csv line 50)
osmose[warn] . . . Parameter already defined mortality.additional.larva.rate.sp8 = 0.332278003772587 (from /gpfs/projects/ChenGroup/OSMOSE-HRENYB-GIT/calibration_acc/master/calibration_parameters.osm line 50)
osmose[warn] . . . Osmose will ignore parameter mortality.additional.larva.rate.sp9 = 4.18462097538124 (from /gpfs/projects/ChenGroup/OSMOSE-HRENYB-GIT/osmose-hrenyb-v4.4.1-xiangyan/input/calibration-parameters_final.csv line 51)
osmose[warn] . . . Parameter already defined mortality.additional.larva.rate.sp9 = 75.9645358350929 (from /gpfs/projects/ChenGroup/OSMOSE-HRENYB-GIT/calibration_acc/master/calibration_parameters.osm line 51)
osmose[warn] . . . Osmose will ignore parameter mortality.additional.larva.rate.sp10 = 103.481011385914 (from /gpfs/projects/ChenGroup/OSMOSE-HRENYB-GIT/osmose-hrenyb-v4.4.1-xiangyan/input/calibration-parameters_final.csv line 52)
osmose[warn] . . . Parameter already defined mortality.additional.larva.rate.sp10 = 144.74631160628 (from /gpfs/projects/ChenGroup/OSMOSE-HRENYB-GIT/calibration_acc/master/calibration_parameters.osm line 52)
osmose[warn] . . . Osmose will ignore parameter mortality.additional.larva.rate.sp11 = 3.43878543881332 (from /gpfs/projects/ChenGroup/OSMOSE-HRENYB-GIT/osmose-hrenyb-v4.4.1-xiangyan/input/calibration-parameters_final.csv line 53)
osmose[warn] . . . Parameter already defined mortality.additional.larva.rate.sp11 = 0.730523397719445 (from /gpfs/projects/ChenGroup/OSMOSE-HRENYB-GIT/calibration_acc/master/calibration_parameters.osm line 53)
osmose[warn] . . . Osmose will ignore parameter mortality.additional.larva.rate.sp12 = 0.174842807717656 (from /gpfs/projects/ChenGroup/OSMOSE-HRENYB-GIT/osmose-hrenyb-v4.4.1-xiangyan/input/calibration-parameters_final.csv line 54)
osmose[warn] . . . Parameter already defined mortality.additional.larva.rate.sp12 = 60.4709044093682 (from /gpfs/projects/ChenGroup/OSMOSE-HRENYB-GIT/calibration_acc/master/calibration_parameters.osm line 54)
osmose[warn] . . . Osmose will ignore parameter mortality.additional.larva.rate.sp13 = 2.66249449846656 (from /gpfs/projects/ChenGroup/OSMOSE-HRENYB-GIT/osmose-hrenyb-v4.4.1-xiangyan/input/calibration-parameters_final.csv line 55)
osmose[warn] . . . Parameter already defined mortality.additional.larva.rate.sp13 = 3.07561596661124 (from /gpfs/projects/ChenGroup/OSMOSE-HRENYB-GIT/calibration_acc/master/calibration_parameters.osm line 55)
osmose[warn] . . . Osmose will ignore parameter mortality.additional.larva.rate.sp14 = 3.31410193115907 (from /gpfs/projects/ChenGroup/OSMOSE-HRENYB-GIT/osmose-hrenyb-v4.4.1-xiangyan/input/calibration-parameters_final.csv line 56)
osmose[warn] . . . Parameter already defined mortality.additional.larva.rate.sp14 = 0.68261201231758 (from /gpfs/projects/ChenGroup/OSMOSE-HRENYB-GIT/calibration_acc/master/calibration_parameters.osm line 56)
osmose[warn] . . . Osmose will ignore parameter mortality.additional.larva.rate.sp15 = 7.91863610720516 (from /gpfs/projects/ChenGroup/OSMOSE-HRENYB-GIT/osmose-hrenyb-v4.4.1-xiangyan/input/calibration-parameters_final.csv line 57)
osmose[warn] . . . Parameter already defined mortality.additional.larva.rate.sp15 = 20.9294273920258 (from /gpfs/projects/ChenGroup/OSMOSE-HRENYB-GIT/calibration_acc/master/calibration_parameters.osm line 57)
osmose[warn] . . . Osmose will ignore parameter mortality.additional.larva.rate.sp16 = 13.1158210978208 (from /gpfs/projects/ChenGroup/OSMOSE-HRENYB-GIT/osmose-hrenyb-v4.4.1-xiangyan/input/calibration-parameters_final.csv line 58)
osmose[warn] . . . Parameter already defined mortality.additional.larva.rate.sp16 = 27.0518283480554 (from /gpfs/projects/ChenGroup/OSMOSE-HRENYB-GIT/calibration_acc/master/calibration_parameters.osm line 58)
osmose[warn] . . . Osmose will ignore parameter predation.ingestion.rate.max.sp0 = 13.0544214851327 (from /gpfs/projects/ChenGroup/OSMOSE-HRENYB-GIT/osmose-hrenyb-v4.4.1-xiangyan/input/calibration-parameters_final.csv line 59)
osmose[warn] . . . Parameter already defined predation.ingestion.rate.max.sp0 = 13.0544214851327 (from /gpfs/projects/ChenGroup/OSMOSE-HRENYB-GIT/calibration_acc/master/calibration_parameters.osm line 59)
osmose[warn] . . . Osmose will ignore parameter predation.ingestion.rate.max.sp1 = 17.499106054404 (from /gpfs/projects/ChenGroup/OSMOSE-HRENYB-GIT/osmose-hrenyb-v4.4.1-xiangyan/input/calibration-parameters_final.csv line 60)
osmose[warn] . . . Parameter already defined predation.ingestion.rate.max.sp1 = 17.499106054404 (from /gpfs/projects/ChenGroup/OSMOSE-HRENYB-GIT/calibration_acc/master/calibration_parameters.osm line 60)
osmose[warn] . . . Osmose will ignore parameter predation.ingestion.rate.max.sp2 = 22.2420307181588 (from /gpfs/projects/ChenGroup/OSMOSE-HRENYB-GIT/osmose-hrenyb-v4.4.1-xiangyan/input/calibration-parameters_final.csv line 61)
osmose[warn] . . . Parameter already defined predation.ingestion.rate.max.sp2 = 22.2420307181588 (from /gpfs/projects/ChenGroup/OSMOSE-HRENYB-GIT/calibration_acc/master/calibration_parameters.osm line 61)
osmose[warn] . . . Osmose will ignore parameter predation.ingestion.rate.max.sp3 = 20.2859341399713 (from /gpfs/projects/ChenGroup/OSMOSE-HRENYB-GIT/osmose-hrenyb-v4.4.1-xiangyan/input/calibration-parameters_final.csv line 62)
osmose[warn] . . . Parameter already defined predation.ingestion.rate.max.sp3 = 20.2859341399713 (from /gpfs/projects/ChenGroup/OSMOSE-HRENYB-GIT/calibration_acc/master/calibration_parameters.osm line 62)
osmose[warn] . . . Osmose will ignore parameter predation.ingestion.rate.max.sp4 = 30.2452945208137 (from /gpfs/projects/ChenGroup/OSMOSE-HRENYB-GIT/osmose-hrenyb-v4.4.1-xiangyan/input/calibration-parameters_final.csv line 63)
osmose[warn] . . . Parameter already defined predation.ingestion.rate.max.sp4 = 30.2452945208137 (from /gpfs/projects/ChenGroup/OSMOSE-HRENYB-GIT/calibration_acc/master/calibration_parameters.osm line 63)
osmose[warn] . . . Osmose will ignore parameter predation.ingestion.rate.max.sp5 = 36.3224232421672 (from /gpfs/projects/ChenGroup/OSMOSE-HRENYB-GIT/osmose-hrenyb-v4.4.1-xiangyan/input/calibration-parameters_final.csv line 64)
osmose[warn] . . . Parameter already defined predation.ingestion.rate.max.sp5 = 36.3224232421672 (from /gpfs/projects/ChenGroup/OSMOSE-HRENYB-GIT/calibration_acc/master/calibration_parameters.osm line 64)
osmose[warn] . . . Osmose will ignore parameter predation.ingestion.rate.max.sp6 = 49.5866509091333 (from /gpfs/projects/ChenGroup/OSMOSE-HRENYB-GIT/osmose-hrenyb-v4.4.1-xiangyan/input/calibration-parameters_final.csv line 65)
osmose[warn] . . . Parameter already defined predation.ingestion.rate.max.sp6 = 49.5866509091333 (from /gpfs/projects/ChenGroup/OSMOSE-HRENYB-GIT/calibration_acc/master/calibration_parameters.osm line 65)
osmose[warn] . . . Osmose will ignore parameter predation.ingestion.rate.max.sp7 = 3.37758830757062 (from /gpfs/projects/ChenGroup/OSMOSE-HRENYB-GIT/osmose-hrenyb-v4.4.1-xiangyan/input/calibration-parameters_final.csv line 66)
osmose[warn] . . . Parameter already defined predation.ingestion.rate.max.sp7 = 3.37758830757062 (from /gpfs/projects/ChenGroup/OSMOSE-HRENYB-GIT/calibration_acc/master/calibration_parameters.osm line 66)
osmose[warn] . . . Osmose will ignore parameter predation.ingestion.rate.max.sp8 = 7.20565374073096 (from /gpfs/projects/ChenGroup/OSMOSE-HRENYB-GIT/osmose-hrenyb-v4.4.1-xiangyan/input/calibration-parameters_final.csv line 67)
osmose[warn] . . . Parameter already defined predation.ingestion.rate.max.sp8 = 7.20565374073096 (from /gpfs/projects/ChenGroup/OSMOSE-HRENYB-GIT/calibration_acc/master/calibration_parameters.osm line 67)
osmose[warn] . . . Osmose will ignore parameter predation.ingestion.rate.max.sp9 = 3.88886103394367 (from /gpfs/projects/ChenGroup/OSMOSE-HRENYB-GIT/osmose-hrenyb-v4.4.1-xiangyan/input/calibration-parameters_final.csv line 68)
osmose[warn] . . . Parameter already defined predation.ingestion.rate.max.sp9 = 3.88886103394367 (from /gpfs/projects/ChenGroup/OSMOSE-HRENYB-GIT/calibration_acc/master/calibration_parameters.osm line 68)
osmose[warn] . . . Osmose will ignore parameter predation.ingestion.rate.max.sp10 = 18.5111460151249 (from /gpfs/projects/ChenGroup/OSMOSE-HRENYB-GIT/osmose-hrenyb-v4.4.1-xiangyan/input/calibration-parameters_final.csv line 69)
osmose[warn] . . . Parameter already defined predation.ingestion.rate.max.sp10 = 18.5111460151249 (from /gpfs/projects/ChenGroup/OSMOSE-HRENYB-GIT/calibration_acc/master/calibration_parameters.osm line 69)
osmose[warn] . . . Osmose will ignore parameter predation.ingestion.rate.max.sp11 = 17.2883673390967 (from /gpfs/projects/ChenGroup/OSMOSE-HRENYB-GIT/osmose-hrenyb-v4.4.1-xiangyan/input/calibration-parameters_final.csv line 70)
osmose[warn] . . . Parameter already defined predation.ingestion.rate.max.sp11 = 17.2883673390967 (from /gpfs/projects/ChenGroup/OSMOSE-HRENYB-GIT/calibration_acc/master/calibration_parameters.osm line 70)
osmose[warn] . . . Osmose will ignore parameter predation.ingestion.rate.max.sp12 = 5.10513824731129 (from /gpfs/projects/ChenGroup/OSMOSE-HRENYB-GIT/osmose-hrenyb-v4.4.1-xiangyan/input/calibration-parameters_final.csv line 71)
osmose[warn] . . . Parameter already defined predation.ingestion.rate.max.sp12 = 5.10513824731129 (from /gpfs/projects/ChenGroup/OSMOSE-HRENYB-GIT/calibration_acc/master/calibration_parameters.osm line 71)
osmose[warn] . . . Osmose will ignore parameter predation.ingestion.rate.max.sp13 = 18.4475355878404 (from /gpfs/projects/ChenGroup/OSMOSE-HRENYB-GIT/osmose-hrenyb-v4.4.1-xiangyan/input/calibration-parameters_final.csv line 72)
osmose[warn] . . . Parameter already defined predation.ingestion.rate.max.sp13 = 18.4475355878404 (from /gpfs/projects/ChenGroup/OSMOSE-HRENYB-GIT/calibration_acc/master/calibration_parameters.osm line 72)
osmose[warn] . . . Osmose will ignore parameter predation.ingestion.rate.max.sp14 = 15.4896355511773 (from /gpfs/projects/ChenGroup/OSMOSE-HRENYB-GIT/osmose-hrenyb-v4.4.1-xiangyan/input/calibration-parameters_final.csv line 73)
osmose[warn] . . . Parameter already defined predation.ingestion.rate.max.sp14 = 15.4896355511773 (from /gpfs/projects/ChenGroup/OSMOSE-HRENYB-GIT/calibration_acc/master/calibration_parameters.osm line 73)
osmose[warn] . . . Osmose will ignore parameter predation.ingestion.rate.max.sp15 = 13.4664660620286 (from /gpfs/projects/ChenGroup/OSMOSE-HRENYB-GIT/osmose-hrenyb-v4.4.1-xiangyan/input/calibration-parameters_final.csv line 74)
osmose[warn] . . . Parameter already defined predation.ingestion.rate.max.sp15 = 13.4664660620286 (from /gpfs/projects/ChenGroup/OSMOSE-HRENYB-GIT/calibration_acc/master/calibration_parameters.osm line 74)
osmose[warn] . . . Osmose will ignore parameter predation.ingestion.rate.max.sp16 = 10.1902295549493 (from /gpfs/projects/ChenGroup/OSMOSE-HRENYB-GIT/osmose-hrenyb-v4.4.1-xiangyan/input/calibration-parameters_final.csv line 75)
osmose[warn] . . . Parameter already defined predation.ingestion.rate.max.sp16 = 10.1902295549493 (from /gpfs/projects/ChenGroup/OSMOSE-HRENYB-GIT/calibration_acc/master/calibration_parameters.osm line 75)
osmose[warn] . . . Osmose will ignore parameter species.delta.lmax.factor.sp0 = 1.42659997672452 (from /gpfs/projects/ChenGroup/OSMOSE-HRENYB-GIT/osmose-hrenyb-v4.4.1-xiangyan/input/calibration-parameters_final.csv line 76)
osmose[warn] . . . Parameter already defined species.delta.lmax.factor.sp0 = 1.62169636458467 (from /gpfs/projects/ChenGroup/OSMOSE-HRENYB-GIT/calibration_acc/master/calibration_parameters.osm line 76)
osmose[warn] . . . Osmose will ignore parameter species.delta.lmax.factor.sp1 = 1.30472697709073 (from /gpfs/projects/ChenGroup/OSMOSE-HRENYB-GIT/osmose-hrenyb-v4.4.1-xiangyan/input/calibration-parameters_final.csv line 77)
osmose[warn] . . . Parameter already defined species.delta.lmax.factor.sp1 = 1.1648067687176 (from /gpfs/projects/ChenGroup/OSMOSE-HRENYB-GIT/calibration_acc/master/calibration_parameters.osm line 77)
osmose[warn] . . . Osmose will ignore parameter species.delta.lmax.factor.sp2 = 1.09586327699776 (from /gpfs/projects/ChenGroup/OSMOSE-HRENYB-GIT/osmose-hrenyb-v4.4.1-xiangyan/input/calibration-parameters_final.csv line 78)
osmose[warn] . . . Parameter already defined species.delta.lmax.factor.sp2 = 0.828295433462408 (from /gpfs/projects/ChenGroup/OSMOSE-HRENYB-GIT/calibration_acc/master/calibration_parameters.osm line 78)
osmose[warn] . . . Osmose will ignore parameter species.delta.lmax.factor.sp3 = 1.65587880938988 (from /gpfs/projects/ChenGroup/OSMOSE-HRENYB-GIT/osmose-hrenyb-v4.4.1-xiangyan/input/calibration-parameters_final.csv line 79)
osmose[warn] . . . Parameter already defined species.delta.lmax.factor.sp3 = 1.27273635641051 (from /gpfs/projects/ChenGroup/OSMOSE-HRENYB-GIT/calibration_acc/master/calibration_parameters.osm line 79)
osmose[warn] . . . Osmose will ignore parameter species.delta.lmax.factor.sp4 = 0.802260943575912 (from /gpfs/projects/ChenGroup/OSMOSE-HRENYB-GIT/osmose-hrenyb-v4.4.1-xiangyan/input/calibration-parameters_final.csv line 80)
osmose[warn] . . . Parameter already defined species.delta.lmax.factor.sp4 = 0.95475001051614 (from /gpfs/projects/ChenGroup/OSMOSE-HRENYB-GIT/calibration_acc/master/calibration_parameters.osm line 80)
osmose[warn] . . . Osmose will ignore parameter species.delta.lmax.factor.sp5 = 1.77294877017791 (from /gpfs/projects/ChenGroup/OSMOSE-HRENYB-GIT/osmose-hrenyb-v4.4.1-xiangyan/input/calibration-parameters_final.csv line 81)
osmose[warn] . . . Parameter already defined species.delta.lmax.factor.sp5 = 1.57572868496063 (from /gpfs/projects/ChenGroup/OSMOSE-HRENYB-GIT/calibration_acc/master/calibration_parameters.osm line 81)
osmose[warn] . . . Osmose will ignore parameter species.delta.lmax.factor.sp6 = 0.900391416842742 (from /gpfs/projects/ChenGroup/OSMOSE-HRENYB-GIT/osmose-hrenyb-v4.4.1-xiangyan/input/calibration-parameters_final.csv line 82)
osmose[warn] . . . Parameter already defined species.delta.lmax.factor.sp6 = 1.46064753234845 (from /gpfs/projects/ChenGroup/OSMOSE-HRENYB-GIT/calibration_acc/master/calibration_parameters.osm line 82)
osmose[warn] . . . Osmose will ignore parameter species.delta.lmax.factor.sp7 = 1.05206432659434 (from /gpfs/projects/ChenGroup/OSMOSE-HRENYB-GIT/osmose-hrenyb-v4.4.1-xiangyan/input/calibration-parameters_final.csv line 83)
osmose[warn] . . . Parameter already defined species.delta.lmax.factor.sp7 = 1.53841410488098 (from /gpfs/projects/ChenGroup/OSMOSE-HRENYB-GIT/calibration_acc/master/calibration_parameters.osm line 83)
osmose[warn] . . . Osmose will ignore parameter species.delta.lmax.factor.sp8 = 1.84323258623592 (from /gpfs/projects/ChenGroup/OSMOSE-HRENYB-GIT/osmose-hrenyb-v4.4.1-xiangyan/input/calibration-parameters_final.csv line 84)
osmose[warn] . . . Parameter already defined species.delta.lmax.factor.sp8 = 1.80645012609806 (from /gpfs/projects/ChenGroup/OSMOSE-HRENYB-GIT/calibration_acc/master/calibration_parameters.osm line 84)
osmose[warn] . . . Osmose will ignore parameter species.delta.lmax.factor.sp9 = 1.72973826311544 (from /gpfs/projects/ChenGroup/OSMOSE-HRENYB-GIT/osmose-hrenyb-v4.4.1-xiangyan/input/calibration-parameters_final.csv line 85)
osmose[warn] . . . Parameter already defined species.delta.lmax.factor.sp9 = 1.07010705511042 (from /gpfs/projects/ChenGroup/OSMOSE-HRENYB-GIT/calibration_acc/master/calibration_parameters.osm line 85)
osmose[warn] . . . Osmose will ignore parameter species.delta.lmax.factor.sp10 = 1.32327632602196 (from /gpfs/projects/ChenGroup/OSMOSE-HRENYB-GIT/osmose-hrenyb-v4.4.1-xiangyan/input/calibration-parameters_final.csv line 86)
osmose[warn] . . . Parameter already defined species.delta.lmax.factor.sp10 = 1.66852979446155 (from /gpfs/projects/ChenGroup/OSMOSE-HRENYB-GIT/calibration_acc/master/calibration_parameters.osm line 86)
osmose[warn] . . . Osmose will ignore parameter species.delta.lmax.factor.sp11 = 1.88104345962454 (from /gpfs/projects/ChenGroup/OSMOSE-HRENYB-GIT/osmose-hrenyb-v4.4.1-xiangyan/input/calibration-parameters_final.csv line 87)
osmose[warn] . . . Parameter already defined species.delta.lmax.factor.sp11 = 1.54505452976444 (from /gpfs/projects/ChenGroup/OSMOSE-HRENYB-GIT/calibration_acc/master/calibration_parameters.osm line 87)
osmose[warn] . . . Osmose will ignore parameter species.delta.lmax.factor.sp12 = 1.92525409779276 (from /gpfs/projects/ChenGroup/OSMOSE-HRENYB-GIT/osmose-hrenyb-v4.4.1-xiangyan/input/calibration-parameters_final.csv line 88)
osmose[warn] . . . Parameter already defined species.delta.lmax.factor.sp12 = 1.46397357350166 (from /gpfs/projects/ChenGroup/OSMOSE-HRENYB-GIT/calibration_acc/master/calibration_parameters.osm line 88)
osmose[warn] . . . Osmose will ignore parameter species.delta.lmax.factor.sp13 = 0.730110705596481 (from /gpfs/projects/ChenGroup/OSMOSE-HRENYB-GIT/osmose-hrenyb-v4.4.1-xiangyan/input/calibration-parameters_final.csv line 89)
osmose[warn] . . . Parameter already defined species.delta.lmax.factor.sp13 = 0.862520507163048 (from /gpfs/projects/ChenGroup/OSMOSE-HRENYB-GIT/calibration_acc/master/calibration_parameters.osm line 89)
osmose[warn] . . . Osmose will ignore parameter species.delta.lmax.factor.sp14 = 1.57460849223085 (from /gpfs/projects/ChenGroup/OSMOSE-HRENYB-GIT/osmose-hrenyb-v4.4.1-xiangyan/input/calibration-parameters_final.csv line 90)
osmose[warn] . . . Parameter already defined species.delta.lmax.factor.sp14 = 1.49206206597491 (from /gpfs/projects/ChenGroup/OSMOSE-HRENYB-GIT/calibration_acc/master/calibration_parameters.osm line 90)
osmose[warn] . . . Osmose will ignore parameter species.delta.lmax.factor.sp15 = 0.933557370365137 (from /gpfs/projects/ChenGroup/OSMOSE-HRENYB-GIT/osmose-hrenyb-v4.4.1-xiangyan/input/calibration-parameters_final.csv line 91)
osmose[warn] . . . Parameter already defined species.delta.lmax.factor.sp15 = 0.99819042022322 (from /gpfs/projects/ChenGroup/OSMOSE-HRENYB-GIT/calibration_acc/master/calibration_parameters.osm line 91)
osmose[warn] . . . Osmose will ignore parameter species.delta.lmax.factor.sp16 = 1.5140336293251 (from /gpfs/projects/ChenGroup/OSMOSE-HRENYB-GIT/osmose-hrenyb-v4.4.1-xiangyan/input/calibration-parameters_final.csv line 92)
osmose[warn] . . . Parameter already defined species.delta.lmax.factor.sp16 = 1.0681731841898 (from /gpfs/projects/ChenGroup/OSMOSE-HRENYB-GIT/calibration_acc/master/calibration_parameters.osm line 92)
osmose[warn] . . . Osmose will ignore parameter fisheries.rate.base.fsh0 = 0.219985021223085 (from /gpfs/projects/ChenGroup/OSMOSE-HRENYB-GIT/osmose-hrenyb-v4.4.1-xiangyan/input/calibration-parameters_final.csv line 93)
osmose[warn] . . . Parameter already defined fisheries.rate.base.fsh0 = 0.10724997692096 (from /gpfs/projects/ChenGroup/OSMOSE-HRENYB-GIT/calibration_acc/master/calibration_parameters.osm line 93)
osmose[warn] . . . Osmose will ignore parameter fisheries.rate.byperiod.fsh0 = 0.360000000000001,0.41,0.38,0.47,0.47,0.47,0.58,0.56,0.59,0.95,0.73,0.61,0.61,0.66,0.51,0.48,0.48,0.47,0.57,0.25 (from /gpfs/projects/ChenGroup/OSMOSE-HRENYB-GIT/osmose-hrenyb-v4.4.1-xiangyan/input/calibration-parameters_final.csv line 94)
osmose[warn] . . . Parameter already defined fisheries.rate.byperiod.fsh0 = 0.360000000000001,0.41,0.38,0.47,0.47,0.47,0.58,0.56,0.59,0.95,0.73,0.61,0.61,0.66,0.51,0.48,0.48,0.47,0.57,0.25 (from /gpfs/projects/ChenGroup/OSMOSE-HRENYB-GIT/calibration_acc/master/calibration_parameters.osm line 94)
osmose[warn] . . . Osmose will ignore parameter fisheries.selectivity.l50.fsh0 = 20 (from /gpfs/projects/ChenGroup/OSMOSE-HRENYB-GIT/osmose-hrenyb-v4.4.1-xiangyan/input/calibration-parameters_final.csv line 95)
osmose[warn] . . . Parameter already defined fisheries.selectivity.l50.fsh0 = 20 (from /gpfs/projects/ChenGroup/OSMOSE-HRENYB-GIT/calibration_acc/master/calibration_parameters.osm line 95)
osmose[warn] . . . Osmose will ignore parameter fisheries.rate.base.fsh1 = 3.44746748854096 (from /gpfs/projects/ChenGroup/OSMOSE-HRENYB-GIT/osmose-hrenyb-v4.4.1-xiangyan/input/calibration-parameters_final.csv line 96)
osmose[warn] . . . Parameter already defined fisheries.rate.base.fsh1 = 4.22835927214523 (from /gpfs/projects/ChenGroup/OSMOSE-HRENYB-GIT/calibration_acc/master/calibration_parameters.osm line 96)
osmose[warn] . . . Osmose will ignore parameter fisheries.rate.byperiod.fsh1 = 0.815807129166484,0.574834337,0.679739979,0.773972493,0.483149257,0.78306093,0.831723819,0.332368423,0.588636248,0.424004505,0.194671633,0.230171853,0.468579739,0.572660863,0.856319795,0.219147808,0.415614626,0.768325079,0.77792926,0.313234696 (from /gpfs/projects/ChenGroup/OSMOSE-HRENYB-GIT/osmose-hrenyb-v4.4.1-xiangyan/input/calibration-parameters_final.csv line 97)
osmose[warn] . . . Parameter already defined fisheries.rate.byperiod.fsh1 = 0.933576732844924,0.759896582499972,0.756974507852302,0.562657982001229,0.328414334229978,0.60088997371857,0.504988822234993,0.765702722026612,0.51119106062409,0.325910715368772,0.326014711167755,0.338511372071746,1.09803918558965,1.04811595299578,0.51511463218696,0.535973583666647,0.397255526041759,0.583023944596783,0.541244872075348,0.207785674964002 (from /gpfs/projects/ChenGroup/OSMOSE-HRENYB-GIT/calibration_acc/master/calibration_parameters.osm line 97)
osmose[warn] . . . Osmose will ignore parameter fisheries.selectivity.l50.fsh1 = 34.44 (from /gpfs/projects/ChenGroup/OSMOSE-HRENYB-GIT/osmose-hrenyb-v4.4.1-xiangyan/input/calibration-parameters_final.csv line 98)
osmose[warn] . . . Parameter already defined fisheries.selectivity.l50.fsh1 = 34.44 (from /gpfs/projects/ChenGroup/OSMOSE-HRENYB-GIT/calibration_acc/master/calibration_parameters.osm line 98)
osmose[warn] . . . Osmose will ignore parameter fisheries.rate.base.fsh2 = 14.2598320042874 (from /gpfs/projects/ChenGroup/OSMOSE-HRENYB-GIT/osmose-hrenyb-v4.4.1-xiangyan/input/calibration-parameters_final.csv line 99)
osmose[warn] . . . Parameter already defined fisheries.rate.base.fsh2 = 2.99193519470602 (from /gpfs/projects/ChenGroup/OSMOSE-HRENYB-GIT/calibration_acc/master/calibration_parameters.osm line 99)
osmose[warn] . . . Osmose will ignore parameter fisheries.rate.byperiod.fsh2 = 0.54,0.63,0.65,0.57,0.57,0.51,0.54,0.55,0.48,0.65,0.73,0.4,0.58,0.54,0.4,0.3,0.33,0.51,0.36,0.39 (from /gpfs/projects/ChenGroup/OSMOSE-HRENYB-GIT/osmose-hrenyb-v4.4.1-xiangyan/input/calibration-parameters_final.csv line 100)
osmose[warn] . . . Parameter already defined fisheries.rate.byperiod.fsh2 = 0.54,0.63,0.65,0.57,0.57,0.51,0.54,0.55,0.48,0.65,0.73,0.4,0.58,0.54,0.4,0.299999999999999,0.33,0.51,0.360000000000001,0.39 (from /gpfs/projects/ChenGroup/OSMOSE-HRENYB-GIT/calibration_acc/master/calibration_parameters.osm line 100)
osmose[warn] . . . Osmose will ignore parameter fisheries.selectivity.l50.fsh2 = 41.91 (from /gpfs/projects/ChenGroup/OSMOSE-HRENYB-GIT/osmose-hrenyb-v4.4.1-xiangyan/input/calibration-parameters_final.csv line 101)
osmose[warn] . . . Parameter already defined fisheries.selectivity.l50.fsh2 = 41.91 (from /gpfs/projects/ChenGroup/OSMOSE-HRENYB-GIT/calibration_acc/master/calibration_parameters.osm line 101)
osmose[warn] . . . Osmose will ignore parameter fisheries.rate.base.fsh3 = 0.0925503790604286 (from /gpfs/projects/ChenGroup/OSMOSE-HRENYB-GIT/osmose-hrenyb-v4.4.1-xiangyan/input/calibration-parameters_final.csv line 102)
osmose[warn] . . . Parameter already defined fisheries.rate.base.fsh3 = 0.262220340297493 (from /gpfs/projects/ChenGroup/OSMOSE-HRENYB-GIT/calibration_acc/master/calibration_parameters.osm line 102)
osmose[warn] . . . Osmose will ignore parameter fisheries.rate.byperiod.fsh3 = 0.270000000000001,0.14,0.1,0.14,0.12,0.07,0.09,0.09,0.05,0.06,0.08,0.08,0.08,0.11,0.09,0.12,0.09,0.1,0.08,0.09 (from /gpfs/projects/ChenGroup/OSMOSE-HRENYB-GIT/osmose-hrenyb-v4.4.1-xiangyan/input/calibration-parameters_final.csv line 103)
osmose[warn] . . . Parameter already defined fisheries.rate.byperiod.fsh3 = 0.270000000000001,0.14,0.0999999999999996,0.14,0.12,0.0699999999999999,0.0900000000000002,0.0900000000000002,0.0500000000000001,0.0599999999999998,0.0799999999999996,0.0799999999999996,0.0799999999999996,0.11,0.0900000000000002,0.12,0.0900000000000002,0.0999999999999996,0.0799999999999996,0.0900000000000002 (from /gpfs/projects/ChenGroup/OSMOSE-HRENYB-GIT/calibration_acc/master/calibration_parameters.osm line 103)
osmose[warn] . . . Osmose will ignore parameter fisheries.selectivity.l50.fsh3 = 25.4 (from /gpfs/projects/ChenGroup/OSMOSE-HRENYB-GIT/osmose-hrenyb-v4.4.1-xiangyan/input/calibration-parameters_final.csv line 104)
osmose[warn] . . . Parameter already defined fisheries.selectivity.l50.fsh3 = 25.4 (from /gpfs/projects/ChenGroup/OSMOSE-HRENYB-GIT/calibration_acc/master/calibration_parameters.osm line 104)
osmose[warn] . . . Osmose will ignore parameter fisheries.rate.base.fsh4 = 0.177904112892747 (from /gpfs/projects/ChenGroup/OSMOSE-HRENYB-GIT/osmose-hrenyb-v4.4.1-xiangyan/input/calibration-parameters_final.csv line 105)
osmose[warn] . . . Parameter already defined fisheries.rate.base.fsh4 = 0.0560002387721173 (from /gpfs/projects/ChenGroup/OSMOSE-HRENYB-GIT/calibration_acc/master/calibration_parameters.osm line 105)
osmose[warn] . . . Osmose will ignore parameter fisheries.rate.byperiod.fsh4 = 0.0479999999999998,0.04,0.035,0.019,0.023,0.018,0.021,0.026,0.021,0.026,0.019,0.03,0.032,0.03,0.046,0.033,0.044,0.038,0.031,0.042 (from /gpfs/projects/ChenGroup/OSMOSE-HRENYB-GIT/osmose-hrenyb-v4.4.1-xiangyan/input/calibration-parameters_final.csv line 106)
osmose[warn] . . . Parameter already defined fisheries.rate.byperiod.fsh4 = 0.0479999999999998,0.04,0.0350000000000001,0.0189999999999999,0.0229999999999999,0.0180000000000001,0.0210000000000001,0.0259999999999999,0.0210000000000001,0.0259999999999999,0.0189999999999999,0.0300000000000001,0.032,0.0300000000000001,0.0460000000000001,0.0329999999999999,0.0439999999999998,0.0380000000000001,0.031,0.0419999999999999 (from /gpfs/projects/ChenGroup/OSMOSE-HRENYB-GIT/calibration_acc/master/calibration_parameters.osm line 106)
osmose[warn] . . . Osmose will ignore parameter fisheries.selectivity.l50.fsh4 = 105 (from /gpfs/projects/ChenGroup/OSMOSE-HRENYB-GIT/osmose-hrenyb-v4.4.1-xiangyan/input/calibration-parameters_final.csv line 107)
osmose[warn] . . . Parameter already defined fisheries.selectivity.l50.fsh4 = 105 (from /gpfs/projects/ChenGroup/OSMOSE-HRENYB-GIT/calibration_acc/master/calibration_parameters.osm line 107)
osmose[warn] . . . Osmose will ignore parameter fisheries.rate.base.fsh5 = 0.936220127615984 (from /gpfs/projects/ChenGroup/OSMOSE-HRENYB-GIT/osmose-hrenyb-v4.4.1-xiangyan/input/calibration-parameters_final.csv line 108)
osmose[warn] . . . Parameter already defined fisheries.rate.base.fsh5 = 0.830758352510922 (from /gpfs/projects/ChenGroup/OSMOSE-HRENYB-GIT/calibration_acc/master/calibration_parameters.osm line 108)
osmose[warn] . . . Osmose will ignore parameter fisheries.rate.byperiod.fsh5 = 0.177,0.174,0.174,0.191,0.233,0.226,0.257,0.19,0.22,0.204,0.24,0.243,0.232,0.334,0.252,0.215,0.262,0.305,0.284,0.284 (from /gpfs/projects/ChenGroup/OSMOSE-HRENYB-GIT/osmose-hrenyb-v4.4.1-xiangyan/input/calibration-parameters_final.csv line 109)
osmose[warn] . . . Parameter already defined fisheries.rate.byperiod.fsh5 = 0.177,0.174,0.174,0.190999999999999,0.232999999999999,0.226,0.256999999999999,0.19,0.219999999999999,0.204,0.239999999999999,0.243,0.231999999999999,0.333999999999999,0.252000000000001,0.215000000000001,0.262,0.304999999999999,0.284,0.284 (from /gpfs/projects/ChenGroup/OSMOSE-HRENYB-GIT/calibration_acc/master/calibration_parameters.osm line 109)
osmose[warn] . . . Osmose will ignore parameter fisheries.selectivity.l50.fsh5 = 71.1 (from /gpfs/projects/ChenGroup/OSMOSE-HRENYB-GIT/osmose-hrenyb-v4.4.1-xiangyan/input/calibration-parameters_final.csv line 110)
osmose[warn] . . . Parameter already defined fisheries.selectivity.l50.fsh5 = 71.1 (from /gpfs/projects/ChenGroup/OSMOSE-HRENYB-GIT/calibration_acc/master/calibration_parameters.osm line 110)
osmose[warn] . . . Osmose will ignore parameter fisheries.rate.base.fsh6 = 0.627154362694722 (from /gpfs/projects/ChenGroup/OSMOSE-HRENYB-GIT/osmose-hrenyb-v4.4.1-xiangyan/input/calibration-parameters_final.csv line 111)
osmose[warn] . . . Parameter already defined fisheries.rate.base.fsh6 = 0.890630125296712 (from /gpfs/projects/ChenGroup/OSMOSE-HRENYB-GIT/calibration_acc/master/calibration_parameters.osm line 111)
osmose[warn] . . . Osmose will ignore parameter fisheries.rate.byperiod.fsh6 = 0.100344895697545,0.098530311,0.179131979,0.103769672,0.153049046,0.121007093,0.102695141,0.102564895,0.104715118,0.114079712,0.144587148,0.099220281,0.17736532,0.083073291,0.129788511,0.092047867,0.161855194,0.10193478,0.098778202,0.098542513 (from /gpfs/projects/ChenGroup/OSMOSE-HRENYB-GIT/osmose-hrenyb-v4.4.1-xiangyan/input/calibration-parameters_final.csv line 112)
osmose[warn] . . . Parameter already defined fisheries.rate.byperiod.fsh6 = 0.120362126230178,0.0861992631332059,0.102564462208549,0.0980298976741587,0.119476828773039,0.138893241416746,0.0957454580650438,0.109425263836083,0.117371911507409,0.115312688230535,0.164351303176029,0.104846717775731,0.136822425636543,0.128068770207813,0.134788255701448,0.0997872927176122,0.157696223081368,0.0962216466031916,0.124791280261365,0.0913267462999037 (from /gpfs/projects/ChenGroup/OSMOSE-HRENYB-GIT/calibration_acc/master/calibration_parameters.osm line 112)
osmose[warn] . . . Osmose will ignore parameter fisheries.selectivity.l50.fsh6 = 43.2 (from /gpfs/projects/ChenGroup/OSMOSE-HRENYB-GIT/osmose-hrenyb-v4.4.1-xiangyan/input/calibration-parameters_final.csv line 113)
osmose[warn] . . . Parameter already defined fisheries.selectivity.l50.fsh6 = 43.2 (from /gpfs/projects/ChenGroup/OSMOSE-HRENYB-GIT/calibration_acc/master/calibration_parameters.osm line 113)
osmose[warn] . . . Osmose will ignore parameter fisheries.rate.base.fsh7 = 5.5736935618475 (from /gpfs/projects/ChenGroup/OSMOSE-HRENYB-GIT/osmose-hrenyb-v4.4.1-xiangyan/input/calibration-parameters_final.csv line 114)
osmose[warn] . . . Parameter already defined fisheries.rate.base.fsh7 = 1.24183509711729 (from /gpfs/projects/ChenGroup/OSMOSE-HRENYB-GIT/calibration_acc/master/calibration_parameters.osm line 114)
osmose[warn] . . . Osmose will ignore parameter fisheries.rate.byperiod.fsh7 = 0.55,0.66,0.58,0.55,0.45,0.37,0.48,0.38,0.28,0.126,0.076,0.097,0.121,0.178,0.173,0.175,0.187,0.167,0.125,0.092 (from /gpfs/projects/ChenGroup/OSMOSE-HRENYB-GIT/osmose-hrenyb-v4.4.1-xiangyan/input/calibration-parameters_final.csv line 115)
osmose[warn] . . . Parameter already defined fisheries.rate.byperiod.fsh7 = 0.55,0.66,0.58,0.55,0.45,0.37,0.48,0.38,0.279999999999999,0.126,0.0759999999999997,0.0970000000000004,0.121,0.178,0.173,0.175000000000001,0.187,0.167,0.124999999999999,0.0919999999999997 (from /gpfs/projects/ChenGroup/OSMOSE-HRENYB-GIT/calibration_acc/master/calibration_parameters.osm line 115)
osmose[warn] . . . Osmose will ignore parameter fisheries.selectivity.l50.fsh7 = 30.5 (from /gpfs/projects/ChenGroup/OSMOSE-HRENYB-GIT/osmose-hrenyb-v4.4.1-xiangyan/input/calibration-parameters_final.csv line 116)
osmose[warn] . . . Parameter already defined fisheries.selectivity.l50.fsh7 = 30.5 (from /gpfs/projects/ChenGroup/OSMOSE-HRENYB-GIT/calibration_acc/master/calibration_parameters.osm line 116)
osmose[warn] . . . Osmose will ignore parameter fisheries.rate.base.fsh8 = 0.15664019953179 (from /gpfs/projects/ChenGroup/OSMOSE-HRENYB-GIT/osmose-hrenyb-v4.4.1-xiangyan/input/calibration-parameters_final.csv line 117)
osmose[warn] . . . Parameter already defined fisheries.rate.base.fsh8 = 0.10376934651917 (from /gpfs/projects/ChenGroup/OSMOSE-HRENYB-GIT/calibration_acc/master/calibration_parameters.osm line 117)
osmose[warn] . . . Osmose will ignore parameter fisheries.rate.byperiod.fsh8 = 0.124999999999999,0.125,0.16,0.103,0.242,0.3,0.16,0.115,0.16,0.16,0.104,0.156,0.14,0.103,0.178,0.178,0.253,0.224,0.224,0.195 (from /gpfs/projects/ChenGroup/OSMOSE-HRENYB-GIT/osmose-hrenyb-v4.4.1-xiangyan/input/calibration-parameters_final.csv line 118)
osmose[warn] . . . Parameter already defined fisheries.rate.byperiod.fsh8 = 0.124999999999999,0.124999999999999,0.16,0.103,0.242,0.299999999999999,0.16,0.115,0.16,0.16,0.104,0.156,0.14,0.103,0.178,0.178,0.252999999999999,0.223999999999999,0.223999999999999,0.195 (from /gpfs/projects/ChenGroup/OSMOSE-HRENYB-GIT/calibration_acc/master/calibration_parameters.osm line 118)
osmose[warn] . . . Osmose will ignore parameter fisheries.selectivity.l50.fsh8 = 16.5 (from /gpfs/projects/ChenGroup/OSMOSE-HRENYB-GIT/osmose-hrenyb-v4.4.1-xiangyan/input/calibration-parameters_final.csv line 119)
osmose[warn] . . . Parameter already defined fisheries.selectivity.l50.fsh8 = 16.5 (from /gpfs/projects/ChenGroup/OSMOSE-HRENYB-GIT/calibration_acc/master/calibration_parameters.osm line 119)
osmose[warn] . . . Osmose will ignore parameter fisheries.rate.base.fsh9 = 1.01589066636146 (from /gpfs/projects/ChenGroup/OSMOSE-HRENYB-GIT/osmose-hrenyb-v4.4.1-xiangyan/input/calibration-parameters_final.csv line 120)
osmose[warn] . . . Parameter already defined fisheries.rate.base.fsh9 = 1.42129312585717 (from /gpfs/projects/ChenGroup/OSMOSE-HRENYB-GIT/calibration_acc/master/calibration_parameters.osm line 120)
osmose[warn] . . . Osmose will ignore parameter fisheries.rate.byperiod.fsh9 = 0.695,0.464,0.424,0.407,0.436,0.457,0.337,0.257,0.329,0.349,0.389,0.46,0.43,0.473,0.439,0.427,0.428,0.345,0.304,0.37 (from /gpfs/projects/ChenGroup/OSMOSE-HRENYB-GIT/osmose-hrenyb-v4.4.1-xiangyan/input/calibration-parameters_final.csv line 121)
osmose[warn] . . . Parameter already defined fisheries.rate.byperiod.fsh9 = 0.695,0.464,0.424,0.407,0.436,0.457,0.336999999999998,0.256999999999999,0.328999999999998,0.349,0.389,0.46,0.43,0.473,0.439,0.427,0.428,0.344999999999999,0.303999999999999,0.37 (from /gpfs/projects/ChenGroup/OSMOSE-HRENYB-GIT/calibration_acc/master/calibration_parameters.osm line 121)
osmose[warn] . . . Osmose will ignore parameter fisheries.selectivity.l50.fsh9 = 49.53 (from /gpfs/projects/ChenGroup/OSMOSE-HRENYB-GIT/osmose-hrenyb-v4.4.1-xiangyan/input/calibration-parameters_final.csv line 122)
osmose[warn] . . . Parameter already defined fisheries.selectivity.l50.fsh9 = 49.53 (from /gpfs/projects/ChenGroup/OSMOSE-HRENYB-GIT/calibration_acc/master/calibration_parameters.osm line 122)
osmose[warn] . . . Osmose will ignore parameter fisheries.rate.base.fsh10 = 0.2944448 (from /gpfs/projects/ChenGroup/OSMOSE-HRENYB-GIT/osmose-hrenyb-v4.4.1-xiangyan/input/calibration-parameters_final.csv line 123)
osmose[warn] . . . Parameter already defined fisheries.rate.base.fsh10 = 0.0957850697859092 (from /gpfs/projects/ChenGroup/OSMOSE-HRENYB-GIT/calibration_acc/master/calibration_parameters.osm line 123)
osmose[warn] . . . Osmose will ignore parameter fisheries.rate.byperiod.fsh10 = 0.130880736148597,0.144948402,0.099598205,0.155519716,0.166613827,0.118804491,0.121806694,0.108941155,0.189216758,0.152658176,0.171485901,0.104121403,0.157479247,0.117641488,0.124924358,0.103698925,0.176419299,0.124706409,0.092129083,0.109954873 (from /gpfs/projects/ChenGroup/OSMOSE-HRENYB-GIT/osmose-hrenyb-v4.4.1-xiangyan/input/calibration-parameters_final.csv line 124)
osmose[warn] . . . Parameter already defined fisheries.rate.byperiod.fsh10 = 0.103065028532685,0.144701042359783,0.169155570236294,0.141641931316287,0.144078658272596,0.0950900404740056,0.161251637398509,0.0934313347353598,0.125538743319327,0.154389019810332,0.150461456158929,0.150283941307262,0.175566029376881,0.116357451324748,0.173000993828337,0.118714166153612,0.165653304775605,0.114110943486275,0.108937180268892,0.126234383386966 (from /gpfs/projects/ChenGroup/OSMOSE-HRENYB-GIT/calibration_acc/master/calibration_parameters.osm line 124)
osmose[warn] . . . Osmose will ignore parameter fisheries.selectivity.l50.fsh10 = 45 (from /gpfs/projects/ChenGroup/OSMOSE-HRENYB-GIT/osmose-hrenyb-v4.4.1-xiangyan/input/calibration-parameters_final.csv line 125)
osmose[warn] . . . Parameter already defined fisheries.selectivity.l50.fsh10 = 45 (from /gpfs/projects/ChenGroup/OSMOSE-HRENYB-GIT/calibration_acc/master/calibration_parameters.osm line 125)
osmose[warn] . . . Osmose will ignore parameter fisheries.rate.base.fsh11 = 0.721522172788069 (from /gpfs/projects/ChenGroup/OSMOSE-HRENYB-GIT/osmose-hrenyb-v4.4.1-xiangyan/input/calibration-parameters_final.csv line 126)
osmose[warn] . . . Parameter already defined fisheries.rate.base.fsh11 = 0.898671039577376 (from /gpfs/projects/ChenGroup/OSMOSE-HRENYB-GIT/calibration_acc/master/calibration_parameters.osm line 126)
osmose[warn] . . . Osmose will ignore parameter fisheries.rate.byperiod.fsh11 = 0.458017032317408,0.820481096,0.584762423,0.596250399,0.465070707,1.178238147,1.808878417,1.087580619,0.988881219,0.845400512,0.940267443,0.495184088,0.917012395,0.638102572,0.566913157,1.684827767,0.484688244,0.888296887,0.904560236,1.085075884 (from /gpfs/projects/ChenGroup/OSMOSE-HRENYB-GIT/osmose-hrenyb-v4.4.1-xiangyan/input/calibration-parameters_final.csv line 127)
osmose[warn] . . . Parameter already defined fisheries.rate.byperiod.fsh11 = 0.691687221759923,1.74986853047107,0.504890522733014,1.388381645846,1.17076537790088,1.53499195299382,0.676158593439314,0.759892337432226,0.553151023635936,1.00990959199353,0.912544203586119,1.05319549505764,1.215112987215,1.82038950947003,1.06364909941346,1.56821581596043,1.36798893595559,0.755510850708175,0.853643238097509,1.30861007072565 (from /gpfs/projects/ChenGroup/OSMOSE-HRENYB-GIT/calibration_acc/master/calibration_parameters.osm line 127)
osmose[warn] . . . Osmose will ignore parameter fisheries.selectivity.l50.fsh11 = 27.84 (from /gpfs/projects/ChenGroup/OSMOSE-HRENYB-GIT/osmose-hrenyb-v4.4.1-xiangyan/input/calibration-parameters_final.csv line 128)
osmose[warn] . . . Parameter already defined fisheries.selectivity.l50.fsh11 = 27.84 (from /gpfs/projects/ChenGroup/OSMOSE-HRENYB-GIT/calibration_acc/master/calibration_parameters.osm line 128)
osmose[warn] . . . Osmose will ignore parameter fisheries.rate.base.fsh12 = 0.198744803663546 (from /gpfs/projects/ChenGroup/OSMOSE-HRENYB-GIT/osmose-hrenyb-v4.4.1-xiangyan/input/calibration-parameters_final.csv line 129)
osmose[warn] . . . Parameter already defined fisheries.rate.base.fsh12 = 0.14497237950173 (from /gpfs/projects/ChenGroup/OSMOSE-HRENYB-GIT/calibration_acc/master/calibration_parameters.osm line 129)
osmose[warn] . . . Osmose will ignore parameter fisheries.rate.byperiod.fsh12 = 0.101,0.177,0.106,0.101,0.058,0.035,0.05,0.026,0.05,0.038,0.031,0.066,0.051,0.059,0.224,0.142,0.117,0.218,0.121,0.195 (from /gpfs/projects/ChenGroup/OSMOSE-HRENYB-GIT/osmose-hrenyb-v4.4.1-xiangyan/input/calibration-parameters_final.csv line 130)
osmose[warn] . . . Parameter already defined fisheries.rate.byperiod.fsh12 = 0.101,0.177,0.106,0.101,0.0579999999999999,0.0350000000000001,0.0500000000000001,0.0259999999999999,0.0500000000000001,0.0380000000000001,0.031,0.0660000000000001,0.0510000000000001,0.0589999999999998,0.223999999999999,0.141999999999999,0.117,0.218,0.121,0.195 (from /gpfs/projects/ChenGroup/OSMOSE-HRENYB-GIT/calibration_acc/master/calibration_parameters.osm line 130)
osmose[warn] . . . Osmose will ignore parameter fisheries.selectivity.l50.fsh12 = 5 (from /gpfs/projects/ChenGroup/OSMOSE-HRENYB-GIT/osmose-hrenyb-v4.4.1-xiangyan/input/calibration-parameters_final.csv line 131)
osmose[warn] . . . Parameter already defined fisheries.selectivity.l50.fsh12 = 5 (from /gpfs/projects/ChenGroup/OSMOSE-HRENYB-GIT/calibration_acc/master/calibration_parameters.osm line 131)
osmose[warn] . . . Osmose will ignore parameter fisheries.rate.base.fsh13 = 0.150550889752568 (from /gpfs/projects/ChenGroup/OSMOSE-HRENYB-GIT/osmose-hrenyb-v4.4.1-xiangyan/input/calibration-parameters_final.csv line 132)
osmose[warn] . . . Parameter already defined fisheries.rate.base.fsh13 = 0.170650160732516 (from /gpfs/projects/ChenGroup/OSMOSE-HRENYB-GIT/calibration_acc/master/calibration_parameters.osm line 132)
osmose[warn] . . . Osmose will ignore parameter fisheries.rate.byperiod.fsh13 = 0.138,0.202,0.227,0.247,0.224,0.378,0.362,0.352,0.242,0.344,0.276,0.215,0.296,0.185,0.248,0.197,0.222,0.183,0.224,0.455 (from /gpfs/projects/ChenGroup/OSMOSE-HRENYB-GIT/osmose-hrenyb-v4.4.1-xiangyan/input/calibration-parameters_final.csv line 133)
osmose[warn] . . . Parameter already defined fisheries.rate.byperiod.fsh13 = 0.138,0.202,0.227000000000001,0.247,0.223999999999999,0.378,0.361999999999999,0.352,0.242,0.344,0.275999999999999,0.215000000000001,0.295999999999999,0.185,0.248000000000001,0.197,0.221999999999999,0.182999999999999,0.223999999999999,0.455 (from /gpfs/projects/ChenGroup/OSMOSE-HRENYB-GIT/calibration_acc/master/calibration_parameters.osm line 133)
osmose[warn] . . . Osmose will ignore parameter fisheries.selectivity.l50.fsh13 = 21 (from /gpfs/projects/ChenGroup/OSMOSE-HRENYB-GIT/osmose-hrenyb-v4.4.1-xiangyan/input/calibration-parameters_final.csv line 134)
osmose[warn] . . . Parameter already defined fisheries.selectivity.l50.fsh13 = 21 (from /gpfs/projects/ChenGroup/OSMOSE-HRENYB-GIT/calibration_acc/master/calibration_parameters.osm line 134)
osmose[warn] . . . Osmose will ignore parameter fisheries.rate.base.fsh14 = 2.84394758299303 (from /gpfs/projects/ChenGroup/OSMOSE-HRENYB-GIT/osmose-hrenyb-v4.4.1-xiangyan/input/calibration-parameters_final.csv line 135)
osmose[warn] . . . Parameter already defined fisheries.rate.base.fsh14 = 0.681828616164688 (from /gpfs/projects/ChenGroup/OSMOSE-HRENYB-GIT/calibration_acc/master/calibration_parameters.osm line 135)
osmose[warn] . . . Osmose will ignore parameter fisheries.rate.byperiod.fsh14 = 0.175910000000001,0.1878,0.16361,0.15123,0.1758,0.18097,0.21972,0.19134,0.16115,0.16043,0.22015,0.21097,0.16686,0.12222,0.16163,0.20792,0.21792,0.19764,0.2396,0.31001 (from /gpfs/projects/ChenGroup/OSMOSE-HRENYB-GIT/osmose-hrenyb-v4.4.1-xiangyan/input/calibration-parameters_final.csv line 136)
osmose[warn] . . . Parameter already defined fisheries.rate.byperiod.fsh14 = 0.175910000000001,0.187800000000001,0.16361,0.15123,0.1758,0.18097,0.219719999999999,0.191339999999999,0.16115,0.16043,0.220150000000001,0.210969999999999,0.16686,0.12222,0.16163,0.20792,0.21792,0.19764,0.239600000000001,0.31001 (from /gpfs/projects/ChenGroup/OSMOSE-HRENYB-GIT/calibration_acc/master/calibration_parameters.osm line 136)
osmose[warn] . . . Osmose will ignore parameter fisheries.selectivity.l50.fsh14 = 26.5 (from /gpfs/projects/ChenGroup/OSMOSE-HRENYB-GIT/osmose-hrenyb-v4.4.1-xiangyan/input/calibration-parameters_final.csv line 137)
osmose[warn] . . . Parameter already defined fisheries.selectivity.l50.fsh14 = 26.5 (from /gpfs/projects/ChenGroup/OSMOSE-HRENYB-GIT/calibration_acc/master/calibration_parameters.osm line 137)
osmose[warn] . . Osmose will ignore parameter species.accessibility2fish.sp17 = 0.03505406859764 (from /gpfs/projects/ChenGroup/OSMOSE-HRENYB-GIT/osmose-hrenyb-v4.4.1-xiangyan/osmose-hrenyb_acc.R line 210)
osmose[warn] . . Parameter already defined species.accessibility2fish.sp17 = 0.0399625845245665 (from /gpfs/projects/ChenGroup/OSMOSE-HRENYB-GIT/calibration_acc/master/calibration_parameters.osm line 1)
osmose[warn] . . Osmose will ignore parameter species.accessibility2fish.sp18 = 0.0316690568898034 (from /gpfs/projects/ChenGroup/OSMOSE-HRENYB-GIT/osmose-hrenyb-v4.4.1-xiangyan/osmose-hrenyb_acc.R line 211)
osmose[warn] . . Parameter already defined species.accessibility2fish.sp18 = 0.00406920950002785 (from /gpfs/projects/ChenGroup/OSMOSE-HRENYB-GIT/calibration_acc/master/calibration_parameters.osm line 2)
osmose[warn] . . Osmose will ignore parameter species.accessibility2fish.sp19 = 0.5 (from /gpfs/projects/ChenGroup/OSMOSE-HRENYB-GIT/osmose-hrenyb-v4.4.1-xiangyan/osmose-hrenyb_acc.R line 213)
osmose[warn] . . Parameter already defined species.accessibility2fish.sp19 = 0.999326521899052 (from /gpfs/projects/ChenGroup/OSMOSE-HRENYB-GIT/calibration_acc/master/calibration_parameters.osm line 3)
osmose[warn] . . Osmose will ignore parameter species.accessibility2fish.sp20 = 0.0563422613350325 (from /gpfs/projects/ChenGroup/OSMOSE-HRENYB-GIT/osmose-hrenyb-v4.4.1-xiangyan/osmose-hrenyb_acc.R line 214)
osmose[warn] . . Parameter already defined species.accessibility2fish.sp20 = 0.112678067844262 (from /gpfs/projects/ChenGroup/OSMOSE-HRENYB-GIT/calibration_acc/master/calibration_parameters.osm line 4)
osmose[warn] . . Osmose will ignore parameter species.accessibility2fish.sp21 = 0.339110018009877 (from /gpfs/projects/ChenGroup/OSMOSE-HRENYB-GIT/osmose-hrenyb-v4.4.1-xiangyan/osmose-hrenyb_acc.R line 215)
osmose[warn] . . Parameter already defined species.accessibility2fish.sp21 = 0.903857889579333 (from /gpfs/projects/ChenGroup/OSMOSE-HRENYB-GIT/calibration_acc/master/calibration_parameters.osm line 5)
osmose[warn] . . Osmose will ignore parameter species.accessibility2fish.sp22 = 0.0464219829591125 (from /gpfs/projects/ChenGroup/OSMOSE-HRENYB-GIT/osmose-hrenyb-v4.4.1-xiangyan/osmose-hrenyb_acc.R line 216)
osmose[warn] . . Parameter already defined species.accessibility2fish.sp22 = 0.624288024694986 (from /gpfs/projects/ChenGroup/OSMOSE-HRENYB-GIT/calibration_acc/master/calibration_parameters.osm line 6)
osmose[warn] . . Osmose will ignore parameter species.accessibility2fish.sp23 = 0.5 (from /gpfs/projects/ChenGroup/OSMOSE-HRENYB-GIT/osmose-hrenyb-v4.4.1-xiangyan/osmose-hrenyb_acc.R line 218)
osmose[warn] . . Parameter already defined species.accessibility2fish.sp23 = 0.965930059768038 (from /gpfs/projects/ChenGroup/OSMOSE-HRENYB-GIT/calibration_acc/master/calibration_parameters.osm line 7)
osmose[warn] . . Osmose will ignore parameter species.accessibility2fish.sp24 = 0.8 (from /gpfs/projects/ChenGroup/OSMOSE-HRENYB-GIT/osmose-hrenyb-v4.4.1-xiangyan/osmose-hrenyb_acc.R line 219)
osmose[warn] . . Parameter already defined species.accessibility2fish.sp24 = 0.385375335205801 (from /gpfs/projects/ChenGroup/OSMOSE-HRENYB-GIT/calibration_acc/master/calibration_parameters.osm line 8)
osmose[warn] . . Osmose will ignore parameter species.delta.lmax.factor.sp0 = 1 (from /gpfs/projects/ChenGroup/OSMOSE-HRENYB-GIT/osmose-hrenyb-v4.4.1-xiangyan/osmose-hrenyb_acc.R line 343)
osmose[warn] . . Parameter already defined species.delta.lmax.factor.sp0 = 1.62169636458467 (from /gpfs/projects/ChenGroup/OSMOSE-HRENYB-GIT/calibration_acc/master/calibration_parameters.osm line 76)
osmose[warn] . . Osmose will ignore parameter species.delta.lmax.factor.sp1 = 1 (from /gpfs/projects/ChenGroup/OSMOSE-HRENYB-GIT/osmose-hrenyb-v4.4.1-xiangyan/osmose-hrenyb_acc.R line 344)
osmose[warn] . . Parameter already defined species.delta.lmax.factor.sp1 = 1.1648067687176 (from /gpfs/projects/ChenGroup/OSMOSE-HRENYB-GIT/calibration_acc/master/calibration_parameters.osm line 77)
osmose[warn] . . Osmose will ignore parameter species.delta.lmax.factor.sp2 = 1 (from /gpfs/projects/ChenGroup/OSMOSE-HRENYB-GIT/osmose-hrenyb-v4.4.1-xiangyan/osmose-hrenyb_acc.R line 345)
osmose[warn] . . Parameter already defined species.delta.lmax.factor.sp2 = 0.828295433462408 (from /gpfs/projects/ChenGroup/OSMOSE-HRENYB-GIT/calibration_acc/master/calibration_parameters.osm line 78)
osmose[warn] . . Osmose will ignore parameter species.delta.lmax.factor.sp3 = 1 (from /gpfs/projects/ChenGroup/OSMOSE-HRENYB-GIT/osmose-hrenyb-v4.4.1-xiangyan/osmose-hrenyb_acc.R line 346)
osmose[warn] . . Parameter already defined species.delta.lmax.factor.sp3 = 1.27273635641051 (from /gpfs/projects/ChenGroup/OSMOSE-HRENYB-GIT/calibration_acc/master/calibration_parameters.osm line 79)
osmose[warn] . . Osmose will ignore parameter species.delta.lmax.factor.sp4 = 1 (from /gpfs/projects/ChenGroup/OSMOSE-HRENYB-GIT/osmose-hrenyb-v4.4.1-xiangyan/osmose-hrenyb_acc.R line 347)
osmose[warn] . . Parameter already defined species.delta.lmax.factor.sp4 = 0.95475001051614 (from /gpfs/projects/ChenGroup/OSMOSE-HRENYB-GIT/calibration_acc/master/calibration_parameters.osm line 80)
osmose[warn] . . Osmose will ignore parameter species.delta.lmax.factor.sp5 = 1 (from /gpfs/projects/ChenGroup/OSMOSE-HRENYB-GIT/osmose-hrenyb-v4.4.1-xiangyan/osmose-hrenyb_acc.R line 348)
osmose[warn] . . Parameter already defined species.delta.lmax.factor.sp5 = 1.57572868496063 (from /gpfs/projects/ChenGroup/OSMOSE-HRENYB-GIT/calibration_acc/master/calibration_parameters.osm line 81)
osmose[warn] . . Osmose will ignore parameter species.delta.lmax.factor.sp6 = 1 (from /gpfs/projects/ChenGroup/OSMOSE-HRENYB-GIT/osmose-hrenyb-v4.4.1-xiangyan/osmose-hrenyb_acc.R line 349)
osmose[warn] . . Parameter already defined species.delta.lmax.factor.sp6 = 1.46064753234845 (from /gpfs/projects/ChenGroup/OSMOSE-HRENYB-GIT/calibration_acc/master/calibration_parameters.osm line 82)
osmose[warn] . . Osmose will ignore parameter species.delta.lmax.factor.sp7 = 1 (from /gpfs/projects/ChenGroup/OSMOSE-HRENYB-GIT/osmose-hrenyb-v4.4.1-xiangyan/osmose-hrenyb_acc.R line 350)
osmose[warn] . . Parameter already defined species.delta.lmax.factor.sp7 = 1.53841410488098 (from /gpfs/projects/ChenGroup/OSMOSE-HRENYB-GIT/calibration_acc/master/calibration_parameters.osm line 83)
osmose[warn] . . Osmose will ignore parameter species.delta.lmax.factor.sp8 = 1 (from /gpfs/projects/ChenGroup/OSMOSE-HRENYB-GIT/osmose-hrenyb-v4.4.1-xiangyan/osmose-hrenyb_acc.R line 351)
osmose[warn] . . Parameter already defined species.delta.lmax.factor.sp8 = 1.80645012609806 (from /gpfs/projects/ChenGroup/OSMOSE-HRENYB-GIT/calibration_acc/master/calibration_parameters.osm line 84)
osmose[warn] . . Osmose will ignore parameter species.delta.lmax.factor.sp9 = 1 (from /gpfs/projects/ChenGroup/OSMOSE-HRENYB-GIT/osmose-hrenyb-v4.4.1-xiangyan/osmose-hrenyb_acc.R line 352)
osmose[warn] . . Parameter already defined species.delta.lmax.factor.sp9 = 1.07010705511042 (from /gpfs/projects/ChenGroup/OSMOSE-HRENYB-GIT/calibration_acc/master/calibration_parameters.osm line 85)
osmose[warn] . . Osmose will ignore parameter species.delta.lmax.factor.sp10 = 1 (from /gpfs/projects/ChenGroup/OSMOSE-HRENYB-GIT/osmose-hrenyb-v4.4.1-xiangyan/osmose-hrenyb_acc.R line 353)
osmose[warn] . . Parameter already defined species.delta.lmax.factor.sp10 = 1.66852979446155 (from /gpfs/projects/ChenGroup/OSMOSE-HRENYB-GIT/calibration_acc/master/calibration_parameters.osm line 86)
osmose[warn] . . Osmose will ignore parameter species.delta.lmax.factor.sp11 = 1 (from /gpfs/projects/ChenGroup/OSMOSE-HRENYB-GIT/osmose-hrenyb-v4.4.1-xiangyan/osmose-hrenyb_acc.R line 354)
osmose[warn] . . Parameter already defined species.delta.lmax.factor.sp11 = 1.54505452976444 (from /gpfs/projects/ChenGroup/OSMOSE-HRENYB-GIT/calibration_acc/master/calibration_parameters.osm line 87)
osmose[warn] . . Osmose will ignore parameter species.delta.lmax.factor.sp12 = 1 (from /gpfs/projects/ChenGroup/OSMOSE-HRENYB-GIT/osmose-hrenyb-v4.4.1-xiangyan/osmose-hrenyb_acc.R line 355)
osmose[warn] . . Parameter already defined species.delta.lmax.factor.sp12 = 1.46397357350166 (from /gpfs/projects/ChenGroup/OSMOSE-HRENYB-GIT/calibration_acc/master/calibration_parameters.osm line 88)
osmose[warn] . . Osmose will ignore parameter species.delta.lmax.factor.sp13 = 1 (from /gpfs/projects/ChenGroup/OSMOSE-HRENYB-GIT/osmose-hrenyb-v4.4.1-xiangyan/osmose-hrenyb_acc.R line 356)
osmose[warn] . . Parameter already defined species.delta.lmax.factor.sp13 = 0.862520507163048 (from /gpfs/projects/ChenGroup/OSMOSE-HRENYB-GIT/calibration_acc/master/calibration_parameters.osm line 89)
osmose[warn] . . Osmose will ignore parameter species.delta.lmax.factor.sp14 = 1 (from /gpfs/projects/ChenGroup/OSMOSE-HRENYB-GIT/osmose-hrenyb-v4.4.1-xiangyan/osmose-hrenyb_acc.R line 357)
osmose[warn] . . Parameter already defined species.delta.lmax.factor.sp14 = 1.49206206597491 (from /gpfs/projects/ChenGroup/OSMOSE-HRENYB-GIT/calibration_acc/master/calibration_parameters.osm line 90)
osmose[warn] . . Osmose will ignore parameter species.delta.lmax.factor.sp15 = 1 (from /gpfs/projects/ChenGroup/OSMOSE-HRENYB-GIT/osmose-hrenyb-v4.4.1-xiangyan/osmose-hrenyb_acc.R line 358)
osmose[warn] . . Parameter already defined species.delta.lmax.factor.sp15 = 0.99819042022322 (from /gpfs/projects/ChenGroup/OSMOSE-HRENYB-GIT/calibration_acc/master/calibration_parameters.osm line 91)
osmose[warn] . . Osmose will ignore parameter species.delta.lmax.factor.sp16 = 1 (from /gpfs/projects/ChenGroup/OSMOSE-HRENYB-GIT/osmose-hrenyb-v4.4.1-xiangyan/osmose-hrenyb_acc.R line 359)
osmose[warn] . . Parameter already defined species.delta.lmax.factor.sp16 = 1.0681731841898 (from /gpfs/projects/ChenGroup/OSMOSE-HRENYB-GIT/calibration_acc/master/calibration_parameters.osm line 92)
osmose[warn] . . Osmose will ignore parameter mortality.additional.rate.sp0 = 0.2 (from /gpfs/projects/ChenGroup/OSMOSE-HRENYB-GIT/osmose-hrenyb-v4.4.1-xiangyan/osmose-hrenyb_acc.R line 552)
osmose[warn] . . Parameter already defined mortality.additional.rate.sp0 = 0.0369413893863153 (from /gpfs/projects/ChenGroup/OSMOSE-HRENYB-GIT/calibration_acc/master/calibration_parameters.osm line 26)
osmose[warn] . . Osmose will ignore parameter mortality.additional.rate.sp1 = 0.2 (from /gpfs/projects/ChenGroup/OSMOSE-HRENYB-GIT/osmose-hrenyb-v4.4.1-xiangyan/osmose-hrenyb_acc.R line 553)
osmose[warn] . . Parameter already defined mortality.additional.rate.sp1 = 1.44043442544703 (from /gpfs/projects/ChenGroup/OSMOSE-HRENYB-GIT/calibration_acc/master/calibration_parameters.osm line 27)
osmose[warn] . . Osmose will ignore parameter mortality.additional.rate.sp2 = 0.2 (from /gpfs/projects/ChenGroup/OSMOSE-HRENYB-GIT/osmose-hrenyb-v4.4.1-xiangyan/osmose-hrenyb_acc.R line 554)
osmose[warn] . . Parameter already defined mortality.additional.rate.sp2 = 0.00932858197511693 (from /gpfs/projects/ChenGroup/OSMOSE-HRENYB-GIT/calibration_acc/master/calibration_parameters.osm line 28)
osmose[warn] . . Osmose will ignore parameter mortality.additional.rate.sp3 = 0.2 (from /gpfs/projects/ChenGroup/OSMOSE-HRENYB-GIT/osmose-hrenyb-v4.4.1-xiangyan/osmose-hrenyb_acc.R line 555)
osmose[warn] . . Parameter already defined mortality.additional.rate.sp3 = 0.0123638053520244 (from /gpfs/projects/ChenGroup/OSMOSE-HRENYB-GIT/calibration_acc/master/calibration_parameters.osm line 29)
osmose[warn] . . Osmose will ignore parameter mortality.additional.rate.sp4 = 0.2 (from /gpfs/projects/ChenGroup/OSMOSE-HRENYB-GIT/osmose-hrenyb-v4.4.1-xiangyan/osmose-hrenyb_acc.R line 556)
osmose[warn] . . Parameter already defined mortality.additional.rate.sp4 = 0.0967086485906525 (from /gpfs/projects/ChenGroup/OSMOSE-HRENYB-GIT/calibration_acc/master/calibration_parameters.osm line 30)
osmose[warn] . . Osmose will ignore parameter mortality.additional.rate.sp5 = 0.2 (from /gpfs/projects/ChenGroup/OSMOSE-HRENYB-GIT/osmose-hrenyb-v4.4.1-xiangyan/osmose-hrenyb_acc.R line 557)
osmose[warn] . . Parameter already defined mortality.additional.rate.sp5 = 0.00559393720289475 (from /gpfs/projects/ChenGroup/OSMOSE-HRENYB-GIT/calibration_acc/master/calibration_parameters.osm line 31)
osmose[warn] . . Osmose will ignore parameter mortality.additional.rate.sp6 = 0.2 (from /gpfs/projects/ChenGroup/OSMOSE-HRENYB-GIT/osmose-hrenyb-v4.4.1-xiangyan/osmose-hrenyb_acc.R line 558)
osmose[warn] . . Parameter already defined mortality.additional.rate.sp6 = 0.00443550000423141 (from /gpfs/projects/ChenGroup/OSMOSE-HRENYB-GIT/calibration_acc/master/calibration_parameters.osm line 32)
osmose[warn] . . Osmose will ignore parameter mortality.additional.rate.sp7 = 0.2 (from /gpfs/projects/ChenGroup/OSMOSE-HRENYB-GIT/osmose-hrenyb-v4.4.1-xiangyan/osmose-hrenyb_acc.R line 559)
osmose[warn] . . Parameter already defined mortality.additional.rate.sp7 = 3.12871732202335 (from /gpfs/projects/ChenGroup/OSMOSE-HRENYB-GIT/calibration_acc/master/calibration_parameters.osm line 33)
osmose[warn] . . Osmose will ignore parameter mortality.additional.rate.sp8 = 0.2 (from /gpfs/projects/ChenGroup/OSMOSE-HRENYB-GIT/osmose-hrenyb-v4.4.1-xiangyan/osmose-hrenyb_acc.R line 560)
osmose[warn] . . Parameter already defined mortality.additional.rate.sp8 = 0.0286031636430498 (from /gpfs/projects/ChenGroup/OSMOSE-HRENYB-GIT/calibration_acc/master/calibration_parameters.osm line 34)
osmose[warn] . . Osmose will ignore parameter mortality.additional.rate.sp9 = 0.2 (from /gpfs/projects/ChenGroup/OSMOSE-HRENYB-GIT/osmose-hrenyb-v4.4.1-xiangyan/osmose-hrenyb_acc.R line 561)
osmose[warn] . . Parameter already defined mortality.additional.rate.sp9 = 0.0399517260322153 (from /gpfs/projects/ChenGroup/OSMOSE-HRENYB-GIT/calibration_acc/master/calibration_parameters.osm line 35)
osmose[warn] . . Osmose will ignore parameter mortality.additional.rate.sp10 = 0.2 (from /gpfs/projects/ChenGroup/OSMOSE-HRENYB-GIT/osmose-hrenyb-v4.4.1-xiangyan/osmose-hrenyb_acc.R line 562)
osmose[warn] . . Parameter already defined mortality.additional.rate.sp10 = 0.000600957497899913 (from /gpfs/projects/ChenGroup/OSMOSE-HRENYB-GIT/calibration_acc/master/calibration_parameters.osm line 36)
osmose[warn] . . Osmose will ignore parameter mortality.additional.rate.sp11 = 0.2 (from /gpfs/projects/ChenGroup/OSMOSE-HRENYB-GIT/osmose-hrenyb-v4.4.1-xiangyan/osmose-hrenyb_acc.R line 563)
osmose[warn] . . Parameter already defined mortality.additional.rate.sp11 = 0.00223429148599814 (from /gpfs/projects/ChenGroup/OSMOSE-HRENYB-GIT/calibration_acc/master/calibration_parameters.osm line 37)
osmose[warn] . . Osmose will ignore parameter mortality.additional.rate.sp12 = 0.2 (from /gpfs/projects/ChenGroup/OSMOSE-HRENYB-GIT/osmose-hrenyb-v4.4.1-xiangyan/osmose-hrenyb_acc.R line 564)
osmose[warn] . . Parameter already defined mortality.additional.rate.sp12 = 0.000197917762494104 (from /gpfs/projects/ChenGroup/OSMOSE-HRENYB-GIT/calibration_acc/master/calibration_parameters.osm line 38)
osmose[warn] . . Osmose will ignore parameter mortality.additional.rate.sp13 = 0.2 (from /gpfs/projects/ChenGroup/OSMOSE-HRENYB-GIT/osmose-hrenyb-v4.4.1-xiangyan/osmose-hrenyb_acc.R line 565)
osmose[warn] . . Parameter already defined mortality.additional.rate.sp13 = 0.00185669540760305 (from /gpfs/projects/ChenGroup/OSMOSE-HRENYB-GIT/calibration_acc/master/calibration_parameters.osm line 39)
osmose[warn] . . Osmose will ignore parameter mortality.additional.rate.sp14 = 0.2 (from /gpfs/projects/ChenGroup/OSMOSE-HRENYB-GIT/osmose-hrenyb-v4.4.1-xiangyan/osmose-hrenyb_acc.R line 566)
osmose[warn] . . Parameter already defined mortality.additional.rate.sp14 = 0.00027949709562334 (from /gpfs/projects/ChenGroup/OSMOSE-HRENYB-GIT/calibration_acc/master/calibration_parameters.osm line 40)
osmose[warn] . . Osmose will ignore parameter mortality.additional.rate.sp15 = 0.2 (from /gpfs/projects/ChenGroup/OSMOSE-HRENYB-GIT/osmose-hrenyb-v4.4.1-xiangyan/osmose-hrenyb_acc.R line 567)
osmose[warn] . . Parameter already defined mortality.additional.rate.sp15 = 0.0247121521742011 (from /gpfs/projects/ChenGroup/OSMOSE-HRENYB-GIT/calibration_acc/master/calibration_parameters.osm line 41)
osmose[warn] . . Osmose will ignore parameter mortality.additional.rate.sp16 = 0.2 (from /gpfs/projects/ChenGroup/OSMOSE-HRENYB-GIT/osmose-hrenyb-v4.4.1-xiangyan/osmose-hrenyb_acc.R line 568)
osmose[warn] . . Parameter already defined mortality.additional.rate.sp16 = 0.130154370128066 (from /gpfs/projects/ChenGroup/OSMOSE-HRENYB-GIT/calibration_acc/master/calibration_parameters.osm line 42)
osmose[warn] . . Osmose will ignore parameter mortality.additional.larva.rate.sp0 = 1 (from /gpfs/projects/ChenGroup/OSMOSE-HRENYB-GIT/osmose-hrenyb-v4.4.1-xiangyan/osmose-hrenyb_acc.R line 570)
osmose[warn] . . Parameter already defined mortality.additional.larva.rate.sp0 = 30.8466606452152 (from /gpfs/projects/ChenGroup/OSMOSE-HRENYB-GIT/calibration_acc/master/calibration_parameters.osm line 43)
osmose[warn] . . Osmose will ignore parameter mortality.additional.larva.rate.sp1 = 1 (from /gpfs/projects/ChenGroup/OSMOSE-HRENYB-GIT/osmose-hrenyb-v4.4.1-xiangyan/osmose-hrenyb_acc.R line 571)
osmose[warn] . . Parameter already defined mortality.additional.larva.rate.sp1 = 29.2612876680132 (from /gpfs/projects/ChenGroup/OSMOSE-HRENYB-GIT/calibration_acc/master/calibration_parameters.osm line 44)
osmose[warn] . . Osmose will ignore parameter mortality.additional.larva.rate.sp2 = 1 (from /gpfs/projects/ChenGroup/OSMOSE-HRENYB-GIT/osmose-hrenyb-v4.4.1-xiangyan/osmose-hrenyb_acc.R line 572)
osmose[warn] . . Parameter already defined mortality.additional.larva.rate.sp2 = 13.0631181084027 (from /gpfs/projects/ChenGroup/OSMOSE-HRENYB-GIT/calibration_acc/master/calibration_parameters.osm line 45)
osmose[warn] . . Osmose will ignore parameter mortality.additional.larva.rate.sp3 = 1 (from /gpfs/projects/ChenGroup/OSMOSE-HRENYB-GIT/osmose-hrenyb-v4.4.1-xiangyan/osmose-hrenyb_acc.R line 573)
osmose[warn] . . Parameter already defined mortality.additional.larva.rate.sp3 = 1.17058448311224 (from /gpfs/projects/ChenGroup/OSMOSE-HRENYB-GIT/calibration_acc/master/calibration_parameters.osm line 46)
osmose[warn] . . Osmose will ignore parameter mortality.additional.larva.rate.sp5 = 1 (from /gpfs/projects/ChenGroup/OSMOSE-HRENYB-GIT/osmose-hrenyb-v4.4.1-xiangyan/osmose-hrenyb_acc.R line 575)
osmose[warn] . . Parameter already defined mortality.additional.larva.rate.sp5 = 376.851669589332 (from /gpfs/projects/ChenGroup/OSMOSE-HRENYB-GIT/calibration_acc/master/calibration_parameters.osm line 47)
osmose[warn] . . Osmose will ignore parameter mortality.additional.larva.rate.sp6 = 1 (from /gpfs/projects/ChenGroup/OSMOSE-HRENYB-GIT/osmose-hrenyb-v4.4.1-xiangyan/osmose-hrenyb_acc.R line 576)
osmose[warn] . . Parameter already defined mortality.additional.larva.rate.sp6 = 263.264596755528 (from /gpfs/projects/ChenGroup/OSMOSE-HRENYB-GIT/calibration_acc/master/calibration_parameters.osm line 48)
osmose[warn] . . Osmose will ignore parameter mortality.additional.larva.rate.sp7 = 1 (from /gpfs/projects/ChenGroup/OSMOSE-HRENYB-GIT/osmose-hrenyb-v4.4.1-xiangyan/osmose-hrenyb_acc.R line 577)
osmose[warn] . . Parameter already defined mortality.additional.larva.rate.sp7 = 16.2110225761532 (from /gpfs/projects/ChenGroup/OSMOSE-HRENYB-GIT/calibration_acc/master/calibration_parameters.osm line 49)
osmose[warn] . . Osmose will ignore parameter mortality.additional.larva.rate.sp8 = 1 (from /gpfs/projects/ChenGroup/OSMOSE-HRENYB-GIT/osmose-hrenyb-v4.4.1-xiangyan/osmose-hrenyb_acc.R line 578)
osmose[warn] . . Parameter already defined mortality.additional.larva.rate.sp8 = 0.332278003772587 (from /gpfs/projects/ChenGroup/OSMOSE-HRENYB-GIT/calibration_acc/master/calibration_parameters.osm line 50)
osmose[warn] . . Osmose will ignore parameter mortality.additional.larva.rate.sp9 = 1 (from /gpfs/projects/ChenGroup/OSMOSE-HRENYB-GIT/osmose-hrenyb-v4.4.1-xiangyan/osmose-hrenyb_acc.R line 579)
osmose[warn] . . Parameter already defined mortality.additional.larva.rate.sp9 = 75.9645358350929 (from /gpfs/projects/ChenGroup/OSMOSE-HRENYB-GIT/calibration_acc/master/calibration_parameters.osm line 51)
osmose[warn] . . Osmose will ignore parameter mortality.additional.larva.rate.sp10 = 1 (from /gpfs/projects/ChenGroup/OSMOSE-HRENYB-GIT/osmose-hrenyb-v4.4.1-xiangyan/osmose-hrenyb_acc.R line 580)
osmose[warn] . . Parameter already defined mortality.additional.larva.rate.sp10 = 144.74631160628 (from /gpfs/projects/ChenGroup/OSMOSE-HRENYB-GIT/calibration_acc/master/calibration_parameters.osm line 52)
osmose[warn] . . Osmose will ignore parameter mortality.additional.larva.rate.sp11 = 1 (from /gpfs/projects/ChenGroup/OSMOSE-HRENYB-GIT/osmose-hrenyb-v4.4.1-xiangyan/osmose-hrenyb_acc.R line 581)
osmose[warn] . . Parameter already defined mortality.additional.larva.rate.sp11 = 0.730523397719445 (from /gpfs/projects/ChenGroup/OSMOSE-HRENYB-GIT/calibration_acc/master/calibration_parameters.osm line 53)
osmose[warn] . . Osmose will ignore parameter mortality.additional.larva.rate.sp12 = 1 (from /gpfs/projects/ChenGroup/OSMOSE-HRENYB-GIT/osmose-hrenyb-v4.4.1-xiangyan/osmose-hrenyb_acc.R line 582)
osmose[warn] . . Parameter already defined mortality.additional.larva.rate.sp12 = 60.4709044093682 (from /gpfs/projects/ChenGroup/OSMOSE-HRENYB-GIT/calibration_acc/master/calibration_parameters.osm line 54)
osmose[warn] . . Osmose will ignore parameter mortality.additional.larva.rate.sp13 = 1 (from /gpfs/projects/ChenGroup/OSMOSE-HRENYB-GIT/osmose-hrenyb-v4.4.1-xiangyan/osmose-hrenyb_acc.R line 583)
osmose[warn] . . Parameter already defined mortality.additional.larva.rate.sp13 = 3.07561596661124 (from /gpfs/projects/ChenGroup/OSMOSE-HRENYB-GIT/calibration_acc/master/calibration_parameters.osm line 55)
osmose[warn] . . Osmose will ignore parameter mortality.additional.larva.rate.sp14 = 1 (from /gpfs/projects/ChenGroup/OSMOSE-HRENYB-GIT/osmose-hrenyb-v4.4.1-xiangyan/osmose-hrenyb_acc.R line 584)
osmose[warn] . . Parameter already defined mortality.additional.larva.rate.sp14 = 0.68261201231758 (from /gpfs/projects/ChenGroup/OSMOSE-HRENYB-GIT/calibration_acc/master/calibration_parameters.osm line 56)
osmose[warn] . . Osmose will ignore parameter mortality.additional.larva.rate.sp15 = 1 (from /gpfs/projects/ChenGroup/OSMOSE-HRENYB-GIT/osmose-hrenyb-v4.4.1-xiangyan/osmose-hrenyb_acc.R line 585)
osmose[warn] . . Parameter already defined mortality.additional.larva.rate.sp15 = 20.9294273920258 (from /gpfs/projects/ChenGroup/OSMOSE-HRENYB-GIT/calibration_acc/master/calibration_parameters.osm line 57)
osmose[warn] . . Osmose will ignore parameter mortality.additional.larva.rate.sp16 = 1 (from /gpfs/projects/ChenGroup/OSMOSE-HRENYB-GIT/osmose-hrenyb-v4.4.1-xiangyan/osmose-hrenyb_acc.R line 586)
osmose[warn] . . Parameter already defined mortality.additional.larva.rate.sp16 = 27.0518283480554 (from /gpfs/projects/ChenGroup/OSMOSE-HRENYB-GIT/calibration_acc/master/calibration_parameters.osm line 58)
osmose[warn] . . Osmose will ignore parameter predation.ingestion.rate.max.sp0 = 13.0544214851327 (from /gpfs/projects/ChenGroup/OSMOSE-HRENYB-GIT/osmose-hrenyb-v4.4.1-xiangyan/osmose-hrenyb_acc.R line 669)
osmose[warn] . . Parameter already defined predation.ingestion.rate.max.sp0 = 13.0544214851327 (from /gpfs/projects/ChenGroup/OSMOSE-HRENYB-GIT/calibration_acc/master/calibration_parameters.osm line 59)
osmose[warn] . . Osmose will ignore parameter predation.ingestion.rate.max.sp1 = 17.4991060544038 (from /gpfs/projects/ChenGroup/OSMOSE-HRENYB-GIT/osmose-hrenyb-v4.4.1-xiangyan/osmose-hrenyb_acc.R line 670)
osmose[warn] . . Parameter already defined predation.ingestion.rate.max.sp1 = 17.499106054404 (from /gpfs/projects/ChenGroup/OSMOSE-HRENYB-GIT/calibration_acc/master/calibration_parameters.osm line 60)
osmose[warn] . . Osmose will ignore parameter predation.ingestion.rate.max.sp2 = 22.2420307181586 (from /gpfs/projects/ChenGroup/OSMOSE-HRENYB-GIT/osmose-hrenyb-v4.4.1-xiangyan/osmose-hrenyb_acc.R line 671)
osmose[warn] . . Parameter already defined predation.ingestion.rate.max.sp2 = 22.2420307181588 (from /gpfs/projects/ChenGroup/OSMOSE-HRENYB-GIT/calibration_acc/master/calibration_parameters.osm line 61)
osmose[warn] . . Osmose will ignore parameter predation.ingestion.rate.max.sp3 = 20.2859341399712 (from /gpfs/projects/ChenGroup/OSMOSE-HRENYB-GIT/osmose-hrenyb-v4.4.1-xiangyan/osmose-hrenyb_acc.R line 672)
osmose[warn] . . Parameter already defined predation.ingestion.rate.max.sp3 = 20.2859341399713 (from /gpfs/projects/ChenGroup/OSMOSE-HRENYB-GIT/calibration_acc/master/calibration_parameters.osm line 62)
osmose[warn] . . Osmose will ignore parameter predation.ingestion.rate.max.sp4 = 30.2452945208134 (from /gpfs/projects/ChenGroup/OSMOSE-HRENYB-GIT/osmose-hrenyb-v4.4.1-xiangyan/osmose-hrenyb_acc.R line 673)
osmose[warn] . . Parameter already defined predation.ingestion.rate.max.sp4 = 30.2452945208137 (from /gpfs/projects/ChenGroup/OSMOSE-HRENYB-GIT/calibration_acc/master/calibration_parameters.osm line 63)
osmose[warn] . . Osmose will ignore parameter predation.ingestion.rate.max.sp5 = 36.3224232421668 (from /gpfs/projects/ChenGroup/OSMOSE-HRENYB-GIT/osmose-hrenyb-v4.4.1-xiangyan/osmose-hrenyb_acc.R line 674)
osmose[warn] . . Parameter already defined predation.ingestion.rate.max.sp5 = 36.3224232421672 (from /gpfs/projects/ChenGroup/OSMOSE-HRENYB-GIT/calibration_acc/master/calibration_parameters.osm line 64)
osmose[warn] . . Osmose will ignore parameter predation.ingestion.rate.max.sp6 = 49.5866509091337 (from /gpfs/projects/ChenGroup/OSMOSE-HRENYB-GIT/osmose-hrenyb-v4.4.1-xiangyan/osmose-hrenyb_acc.R line 675)
osmose[warn] . . Parameter already defined predation.ingestion.rate.max.sp6 = 49.5866509091333 (from /gpfs/projects/ChenGroup/OSMOSE-HRENYB-GIT/calibration_acc/master/calibration_parameters.osm line 65)
osmose[warn] . . Osmose will ignore parameter predation.ingestion.rate.max.sp7 = 21.5470681545784 (from /gpfs/projects/ChenGroup/OSMOSE-HRENYB-GIT/osmose-hrenyb-v4.4.1-xiangyan/osmose-hrenyb_acc.R line 676)
osmose[warn] . . Parameter already defined predation.ingestion.rate.max.sp7 = 3.37758830757062 (from /gpfs/projects/ChenGroup/OSMOSE-HRENYB-GIT/calibration_acc/master/calibration_parameters.osm line 66)
osmose[warn] . . Osmose will ignore parameter predation.ingestion.rate.max.sp8 = 7.20565374073095 (from /gpfs/projects/ChenGroup/OSMOSE-HRENYB-GIT/osmose-hrenyb-v4.4.1-xiangyan/osmose-hrenyb_acc.R line 677)
osmose[warn] . . Parameter already defined predation.ingestion.rate.max.sp8 = 7.20565374073096 (from /gpfs/projects/ChenGroup/OSMOSE-HRENYB-GIT/calibration_acc/master/calibration_parameters.osm line 67)
osmose[warn] . . Osmose will ignore parameter predation.ingestion.rate.max.sp9 = 28.1982290484333 (from /gpfs/projects/ChenGroup/OSMOSE-HRENYB-GIT/osmose-hrenyb-v4.4.1-xiangyan/osmose-hrenyb_acc.R line 678)
osmose[warn] . . Parameter already defined predation.ingestion.rate.max.sp9 = 3.88886103394367 (from /gpfs/projects/ChenGroup/OSMOSE-HRENYB-GIT/calibration_acc/master/calibration_parameters.osm line 68)
osmose[warn] . . Osmose will ignore parameter predation.ingestion.rate.max.sp10 = 18.5111460151248 (from /gpfs/projects/ChenGroup/OSMOSE-HRENYB-GIT/osmose-hrenyb-v4.4.1-xiangyan/osmose-hrenyb_acc.R line 679)
osmose[warn] . . Parameter already defined predation.ingestion.rate.max.sp10 = 18.5111460151249 (from /gpfs/projects/ChenGroup/OSMOSE-HRENYB-GIT/calibration_acc/master/calibration_parameters.osm line 69)
osmose[warn] . . Osmose will ignore parameter predation.ingestion.rate.max.sp11 = 17.2883673390966 (from /gpfs/projects/ChenGroup/OSMOSE-HRENYB-GIT/osmose-hrenyb-v4.4.1-xiangyan/osmose-hrenyb_acc.R line 680)
osmose[warn] . . Parameter already defined predation.ingestion.rate.max.sp11 = 17.2883673390967 (from /gpfs/projects/ChenGroup/OSMOSE-HRENYB-GIT/calibration_acc/master/calibration_parameters.osm line 70)
osmose[warn] . . Osmose will ignore parameter predation.ingestion.rate.max.sp12 = 5.10513824731129 (from /gpfs/projects/ChenGroup/OSMOSE-HRENYB-GIT/osmose-hrenyb-v4.4.1-xiangyan/osmose-hrenyb_acc.R line 681)
osmose[warn] . . Parameter already defined predation.ingestion.rate.max.sp12 = 5.10513824731129 (from /gpfs/projects/ChenGroup/OSMOSE-HRENYB-GIT/calibration_acc/master/calibration_parameters.osm line 71)
osmose[warn] . . Osmose will ignore parameter predation.ingestion.rate.max.sp13 = 18.4475355878403 (from /gpfs/projects/ChenGroup/OSMOSE-HRENYB-GIT/osmose-hrenyb-v4.4.1-xiangyan/osmose-hrenyb_acc.R line 682)
osmose[warn] . . Parameter already defined predation.ingestion.rate.max.sp13 = 18.4475355878404 (from /gpfs/projects/ChenGroup/OSMOSE-HRENYB-GIT/calibration_acc/master/calibration_parameters.osm line 72)
osmose[warn] . . Osmose will ignore parameter predation.ingestion.rate.max.sp14 = 15.4896355511775 (from /gpfs/projects/ChenGroup/OSMOSE-HRENYB-GIT/osmose-hrenyb-v4.4.1-xiangyan/osmose-hrenyb_acc.R line 683)
osmose[warn] . . Parameter already defined predation.ingestion.rate.max.sp14 = 15.4896355511773 (from /gpfs/projects/ChenGroup/OSMOSE-HRENYB-GIT/calibration_acc/master/calibration_parameters.osm line 73)
osmose[warn] . . Osmose will ignore parameter predation.ingestion.rate.max.sp15 = 13.4664660620286 (from /gpfs/projects/ChenGroup/OSMOSE-HRENYB-GIT/osmose-hrenyb-v4.4.1-xiangyan/osmose-hrenyb_acc.R line 684)
osmose[warn] . . Parameter already defined predation.ingestion.rate.max.sp15 = 13.4664660620286 (from /gpfs/projects/ChenGroup/OSMOSE-HRENYB-GIT/calibration_acc/master/calibration_parameters.osm line 74)
osmose[warn] . . Osmose will ignore parameter predation.ingestion.rate.max.sp16 = 10.1902295549492 (from /gpfs/projects/ChenGroup/OSMOSE-HRENYB-GIT/osmose-hrenyb-v4.4.1-xiangyan/osmose-hrenyb_acc.R line 685)
osmose[warn] . . Parameter already defined predation.ingestion.rate.max.sp16 = 10.1902295549493 (from /gpfs/projects/ChenGroup/OSMOSE-HRENYB-GIT/calibration_acc/master/calibration_parameters.osm line 75)
osmose[warn] . . Osmose will ignore parameter fisheries.selectivity.l50.fsh0 = 20 (from /gpfs/projects/ChenGroup/OSMOSE-HRENYB-GIT/osmose-hrenyb-v4.4.1-xiangyan/osmose-hrenyb_acc.R line 755)
osmose[warn] . . Parameter already defined fisheries.selectivity.l50.fsh0 = 20 (from /gpfs/projects/ChenGroup/OSMOSE-HRENYB-GIT/calibration_acc/master/calibration_parameters.osm line 95)
osmose[warn] . . Osmose will ignore parameter fisheries.rate.base.fsh0 = 1 (from /gpfs/projects/ChenGroup/OSMOSE-HRENYB-GIT/osmose-hrenyb-v4.4.1-xiangyan/osmose-hrenyb_acc.R line 761)
osmose[warn] . . Parameter already defined fisheries.rate.base.fsh0 = 0.10724997692096 (from /gpfs/projects/ChenGroup/OSMOSE-HRENYB-GIT/calibration_acc/master/calibration_parameters.osm line 93)
osmose[warn] . . Osmose will ignore parameter fisheries.rate.byperiod.fsh0 = 0.36, 0.41, 0.38, 0.47, 0.47, 0.47, 0.58, 0.56, 0.59, 0.95, 0.73, 0.61, 0.61, 0.66, 0.51, 0.48, 0.48, 0.47, 0.57, 0.25 (from /gpfs/projects/ChenGroup/OSMOSE-HRENYB-GIT/osmose-hrenyb-v4.4.1-xiangyan/osmose-hrenyb_acc.R line 763)
osmose[warn] . . Parameter already defined fisheries.rate.byperiod.fsh0 = 0.360000000000001,0.41,0.38,0.47,0.47,0.47,0.58,0.56,0.59,0.95,0.73,0.61,0.61,0.66,0.51,0.48,0.48,0.47,0.57,0.25 (from /gpfs/projects/ChenGroup/OSMOSE-HRENYB-GIT/calibration_acc/master/calibration_parameters.osm line 94)
osmose[warn] . . Osmose will ignore parameter fisheries.selectivity.l50.fsh1 = 34.44 (from /gpfs/projects/ChenGroup/OSMOSE-HRENYB-GIT/osmose-hrenyb-v4.4.1-xiangyan/osmose-hrenyb_acc.R line 775)
osmose[warn] . . Parameter already defined fisheries.selectivity.l50.fsh1 = 34.44 (from /gpfs/projects/ChenGroup/OSMOSE-HRENYB-GIT/calibration_acc/master/calibration_parameters.osm line 98)
osmose[warn] . . Osmose will ignore parameter fisheries.rate.base.fsh1 = 1 (from /gpfs/projects/ChenGroup/OSMOSE-HRENYB-GIT/osmose-hrenyb-v4.4.1-xiangyan/osmose-hrenyb_acc.R line 780)
osmose[warn] . . Parameter already defined fisheries.rate.base.fsh1 = 4.22835927214523 (from /gpfs/projects/ChenGroup/OSMOSE-HRENYB-GIT/calibration_acc/master/calibration_parameters.osm line 96)
osmose[warn] . . Osmose will ignore parameter fisheries.rate.byperiod.fsh1 = 0.63791663214942,0.233584159,0.34699362,0.356353734,0.595365222,0.441618336,0.980275266,0.426339901,0.841626175,0.784320504,0.350457488,0.270049418,0.348104502,1.007648248,0.512002015,0.909595467,0.587247215,0.718723413,0.265596079,0.204854151 (from /gpfs/projects/ChenGroup/OSMOSE-HRENYB-GIT/osmose-hrenyb-v4.4.1-xiangyan/osmose-hrenyb_acc.R line 782)
osmose[warn] . . Parameter already defined fisheries.rate.byperiod.fsh1 = 0.933576732844924,0.759896582499972,0.756974507852302,0.562657982001229,0.328414334229978,0.60088997371857,0.504988822234993,0.765702722026612,0.51119106062409,0.325910715368772,0.326014711167755,0.338511372071746,1.09803918558965,1.04811595299578,0.51511463218696,0.535973583666647,0.397255526041759,0.583023944596783,0.541244872075348,0.207785674964002 (from /gpfs/projects/ChenGroup/OSMOSE-HRENYB-GIT/calibration_acc/master/calibration_parameters.osm line 97)
osmose[warn] . . Osmose will ignore parameter fisheries.selectivity.l50.fsh2 = 41.91 (from /gpfs/projects/ChenGroup/OSMOSE-HRENYB-GIT/osmose-hrenyb-v4.4.1-xiangyan/osmose-hrenyb_acc.R line 794)
osmose[warn] . . Parameter already defined fisheries.selectivity.l50.fsh2 = 41.91 (from /gpfs/projects/ChenGroup/OSMOSE-HRENYB-GIT/calibration_acc/master/calibration_parameters.osm line 101)
osmose[warn] . . Osmose will ignore parameter fisheries.rate.base.fsh2 = 1 (from /gpfs/projects/ChenGroup/OSMOSE-HRENYB-GIT/osmose-hrenyb-v4.4.1-xiangyan/osmose-hrenyb_acc.R line 799)
osmose[warn] . . Parameter already defined fisheries.rate.base.fsh2 = 2.99193519470602 (from /gpfs/projects/ChenGroup/OSMOSE-HRENYB-GIT/calibration_acc/master/calibration_parameters.osm line 99)
osmose[warn] . . Osmose will ignore parameter fisheries.rate.byperiod.fsh2 = 0.54, 0.63, 0.65, 0.57, 0.57, 0.51, 0.54, 0.55, 0.48, 0.65, 0.73, 0.4, 0.58, 0.54, 0.4, 0.3, 0.33, 0.51, 0.36, 0.39 (from /gpfs/projects/ChenGroup/OSMOSE-HRENYB-GIT/osmose-hrenyb-v4.4.1-xiangyan/osmose-hrenyb_acc.R line 801)
osmose[warn] . . Parameter already defined fisheries.rate.byperiod.fsh2 = 0.54,0.63,0.65,0.57,0.57,0.51,0.54,0.55,0.48,0.65,0.73,0.4,0.58,0.54,0.4,0.299999999999999,0.33,0.51,0.360000000000001,0.39 (from /gpfs/projects/ChenGroup/OSMOSE-HRENYB-GIT/calibration_acc/master/calibration_parameters.osm line 100)
osmose[warn] . . Osmose will ignore parameter fisheries.selectivity.l50.fsh3 = 25.4 (from /gpfs/projects/ChenGroup/OSMOSE-HRENYB-GIT/osmose-hrenyb-v4.4.1-xiangyan/osmose-hrenyb_acc.R line 813)
osmose[warn] . . Parameter already defined fisheries.selectivity.l50.fsh3 = 25.4 (from /gpfs/projects/ChenGroup/OSMOSE-HRENYB-GIT/calibration_acc/master/calibration_parameters.osm line 104)
osmose[warn] . . Osmose will ignore parameter fisheries.rate.base.fsh3 = 1 (from /gpfs/projects/ChenGroup/OSMOSE-HRENYB-GIT/osmose-hrenyb-v4.4.1-xiangyan/osmose-hrenyb_acc.R line 818)
osmose[warn] . . Parameter already defined fisheries.rate.base.fsh3 = 0.262220340297493 (from /gpfs/projects/ChenGroup/OSMOSE-HRENYB-GIT/calibration_acc/master/calibration_parameters.osm line 102)
osmose[warn] . . Osmose will ignore parameter fisheries.rate.byperiod.fsh3 = 0.27, 0.14, 0.1, 0.14, 0.12, 0.07, 0.09, 0.09, 0.05, 0.06, 0.08, 0.08, 0.08, 0.11, 0.09, 0.12, 0.09, 0.1, 0.08, 0.09 (from /gpfs/projects/ChenGroup/OSMOSE-HRENYB-GIT/osmose-hrenyb-v4.4.1-xiangyan/osmose-hrenyb_acc.R line 820)
osmose[warn] . . Parameter already defined fisheries.rate.byperiod.fsh3 = 0.270000000000001,0.14,0.0999999999999996,0.14,0.12,0.0699999999999999,0.0900000000000002,0.0900000000000002,0.0500000000000001,0.0599999999999998,0.0799999999999996,0.0799999999999996,0.0799999999999996,0.11,0.0900000000000002,0.12,0.0900000000000002,0.0999999999999996,0.0799999999999996,0.0900000000000002 (from /gpfs/projects/ChenGroup/OSMOSE-HRENYB-GIT/calibration_acc/master/calibration_parameters.osm line 103)
osmose[warn] . . Osmose will ignore parameter fisheries.selectivity.l50.fsh4 = 105 (from /gpfs/projects/ChenGroup/OSMOSE-HRENYB-GIT/osmose-hrenyb-v4.4.1-xiangyan/osmose-hrenyb_acc.R line 832)
osmose[warn] . . Parameter already defined fisheries.selectivity.l50.fsh4 = 105 (from /gpfs/projects/ChenGroup/OSMOSE-HRENYB-GIT/calibration_acc/master/calibration_parameters.osm line 107)
osmose[warn] . . Osmose will ignore parameter fisheries.rate.base.fsh4 = 1 (from /gpfs/projects/ChenGroup/OSMOSE-HRENYB-GIT/osmose-hrenyb-v4.4.1-xiangyan/osmose-hrenyb_acc.R line 837)
osmose[warn] . . Parameter already defined fisheries.rate.base.fsh4 = 0.0560002387721173 (from /gpfs/projects/ChenGroup/OSMOSE-HRENYB-GIT/calibration_acc/master/calibration_parameters.osm line 105)
osmose[warn] . . Osmose will ignore parameter fisheries.rate.byperiod.fsh4 = 0.048, 0.04, 0.035, 0.019, 0.023, 0.018, 0.021, 0.026, 0.021, 0.026, 0.019, 0.03, 0.032, 0.03, 0.046, 0.033, 0.044, 0.038, 0.031, 0.042 (from /gpfs/projects/ChenGroup/OSMOSE-HRENYB-GIT/osmose-hrenyb-v4.4.1-xiangyan/osmose-hrenyb_acc.R line 839)
osmose[warn] . . Parameter already defined fisheries.rate.byperiod.fsh4 = 0.0479999999999998,0.04,0.0350000000000001,0.0189999999999999,0.0229999999999999,0.0180000000000001,0.0210000000000001,0.0259999999999999,0.0210000000000001,0.0259999999999999,0.0189999999999999,0.0300000000000001,0.032,0.0300000000000001,0.0460000000000001,0.0329999999999999,0.0439999999999998,0.0380000000000001,0.031,0.0419999999999999 (from /gpfs/projects/ChenGroup/OSMOSE-HRENYB-GIT/calibration_acc/master/calibration_parameters.osm line 106)
osmose[warn] . . Osmose will ignore parameter fisheries.selectivity.l50.fsh5 = 71.1 (from /gpfs/projects/ChenGroup/OSMOSE-HRENYB-GIT/osmose-hrenyb-v4.4.1-xiangyan/osmose-hrenyb_acc.R line 851)
osmose[warn] . . Parameter already defined fisheries.selectivity.l50.fsh5 = 71.1 (from /gpfs/projects/ChenGroup/OSMOSE-HRENYB-GIT/calibration_acc/master/calibration_parameters.osm line 110)
osmose[warn] . . Osmose will ignore parameter fisheries.rate.base.fsh5 = 1 (from /gpfs/projects/ChenGroup/OSMOSE-HRENYB-GIT/osmose-hrenyb-v4.4.1-xiangyan/osmose-hrenyb_acc.R line 856)
osmose[warn] . . Parameter already defined fisheries.rate.base.fsh5 = 0.830758352510922 (from /gpfs/projects/ChenGroup/OSMOSE-HRENYB-GIT/calibration_acc/master/calibration_parameters.osm line 108)
osmose[warn] . . Osmose will ignore parameter fisheries.rate.byperiod.fsh5 = 0.177, 0.174, 0.174, 0.191, 0.233, 0.226, 0.257, 0.190, 0.22, 0.204, 0.24, 0.243, 0.232, 0.334, 0.252, 0.215, 0.262, 0.305, 0.284, 0.284 (from /gpfs/projects/ChenGroup/OSMOSE-HRENYB-GIT/osmose-hrenyb-v4.4.1-xiangyan/osmose-hrenyb_acc.R line 858)
osmose[warn] . . Parameter already defined fisheries.rate.byperiod.fsh5 = 0.177,0.174,0.174,0.190999999999999,0.232999999999999,0.226,0.256999999999999,0.19,0.219999999999999,0.204,0.239999999999999,0.243,0.231999999999999,0.333999999999999,0.252000000000001,0.215000000000001,0.262,0.304999999999999,0.284,0.284 (from /gpfs/projects/ChenGroup/OSMOSE-HRENYB-GIT/calibration_acc/master/calibration_parameters.osm line 109)
osmose[warn] . . Osmose will ignore parameter fisheries.selectivity.l50.fsh6 = 43.2 (from /gpfs/projects/ChenGroup/OSMOSE-HRENYB-GIT/osmose-hrenyb-v4.4.1-xiangyan/osmose-hrenyb_acc.R line 870)
osmose[warn] . . Parameter already defined fisheries.selectivity.l50.fsh6 = 43.2 (from /gpfs/projects/ChenGroup/OSMOSE-HRENYB-GIT/calibration_acc/master/calibration_parameters.osm line 113)
osmose[warn] . . Osmose will ignore parameter fisheries.rate.base.fsh6 = 1 (from /gpfs/projects/ChenGroup/OSMOSE-HRENYB-GIT/osmose-hrenyb-v4.4.1-xiangyan/osmose-hrenyb_acc.R line 875)
osmose[warn] . . Parameter already defined fisheries.rate.base.fsh6 = 0.890630125296712 (from /gpfs/projects/ChenGroup/OSMOSE-HRENYB-GIT/calibration_acc/master/calibration_parameters.osm line 111)
osmose[warn] . . Osmose will ignore parameter fisheries.rate.byperiod.fsh6 = 0.105781404596442,0.137677872,0.153292366,0.16422761,0.082981628,0.192774651,0.115405005,0.166757833,0.115454673,0.169479655,0.148299329,0.09628986,0.09009179,0.154018976,0.160370582,0.133029267,0.090351545,0.135347579,0.105970837,0.12691669 (from /gpfs/projects/ChenGroup/OSMOSE-HRENYB-GIT/osmose-hrenyb-v4.4.1-xiangyan/osmose-hrenyb_acc.R line 877)
osmose[warn] . . Parameter already defined fisheries.rate.byperiod.fsh6 = 0.120362126230178,0.0861992631332059,0.102564462208549,0.0980298976741587,0.119476828773039,0.138893241416746,0.0957454580650438,0.109425263836083,0.117371911507409,0.115312688230535,0.164351303176029,0.104846717775731,0.136822425636543,0.128068770207813,0.134788255701448,0.0997872927176122,0.157696223081368,0.0962216466031916,0.124791280261365,0.0913267462999037 (from /gpfs/projects/ChenGroup/OSMOSE-HRENYB-GIT/calibration_acc/master/calibration_parameters.osm line 112)
osmose[warn] . . Osmose will ignore parameter fisheries.selectivity.l50.fsh7 = 30.5 (from /gpfs/projects/ChenGroup/OSMOSE-HRENYB-GIT/osmose-hrenyb-v4.4.1-xiangyan/osmose-hrenyb_acc.R line 889)
osmose[warn] . . Parameter already defined fisheries.selectivity.l50.fsh7 = 30.5 (from /gpfs/projects/ChenGroup/OSMOSE-HRENYB-GIT/calibration_acc/master/calibration_parameters.osm line 116)
osmose[warn] . . Osmose will ignore parameter fisheries.rate.base.fsh7 = 1 (from /gpfs/projects/ChenGroup/OSMOSE-HRENYB-GIT/osmose-hrenyb-v4.4.1-xiangyan/osmose-hrenyb_acc.R line 894)
osmose[warn] . . Parameter already defined fisheries.rate.base.fsh7 = 1.24183509711729 (from /gpfs/projects/ChenGroup/OSMOSE-HRENYB-GIT/calibration_acc/master/calibration_parameters.osm line 114)
osmose[warn] . . Osmose will ignore parameter fisheries.rate.byperiod.fsh7 = 0.55, 0.66, 0.58, 0.55, 0.45, 0.37, 0.48, 0.38, 0.28, 0.126, 0.076, 0.097, 0.121, 0.178, 0.173, 0.175, 0.187, 0.167, 0.125, 0.092 (from /gpfs/projects/ChenGroup/OSMOSE-HRENYB-GIT/osmose-hrenyb-v4.4.1-xiangyan/osmose-hrenyb_acc.R line 896)
osmose[warn] . . Parameter already defined fisheries.rate.byperiod.fsh7 = 0.55,0.66,0.58,0.55,0.45,0.37,0.48,0.38,0.279999999999999,0.126,0.0759999999999997,0.0970000000000004,0.121,0.178,0.173,0.175000000000001,0.187,0.167,0.124999999999999,0.0919999999999997 (from /gpfs/projects/ChenGroup/OSMOSE-HRENYB-GIT/calibration_acc/master/calibration_parameters.osm line 115)
osmose[warn] . . Osmose will ignore parameter fisheries.selectivity.l50.fsh8 = 16.5 (from /gpfs/projects/ChenGroup/OSMOSE-HRENYB-GIT/osmose-hrenyb-v4.4.1-xiangyan/osmose-hrenyb_acc.R line 908)
osmose[warn] . . Parameter already defined fisheries.selectivity.l50.fsh8 = 16.5 (from /gpfs/projects/ChenGroup/OSMOSE-HRENYB-GIT/calibration_acc/master/calibration_parameters.osm line 119)
osmose[warn] . . Osmose will ignore parameter fisheries.rate.base.fsh8 = 1 (from /gpfs/projects/ChenGroup/OSMOSE-HRENYB-GIT/osmose-hrenyb-v4.4.1-xiangyan/osmose-hrenyb_acc.R line 913)
osmose[warn] . . Parameter already defined fisheries.rate.base.fsh8 = 0.10376934651917 (from /gpfs/projects/ChenGroup/OSMOSE-HRENYB-GIT/calibration_acc/master/calibration_parameters.osm line 117)
osmose[warn] . . Osmose will ignore parameter fisheries.rate.byperiod.fsh8 = 0.125, 0.125, 0.16, 0.103, 0.242, 0.3, 0.16, 0.115, 0.16, 0.16, 0.104, 0.156, 0.14, 0.103,0.178, 0.178, 0.253,0.224,0.224,0.195 (from /gpfs/projects/ChenGroup/OSMOSE-HRENYB-GIT/osmose-hrenyb-v4.4.1-xiangyan/osmose-hrenyb_acc.R line 915)
osmose[warn] . . Parameter already defined fisheries.rate.byperiod.fsh8 = 0.124999999999999,0.124999999999999,0.16,0.103,0.242,0.299999999999999,0.16,0.115,0.16,0.16,0.104,0.156,0.14,0.103,0.178,0.178,0.252999999999999,0.223999999999999,0.223999999999999,0.195 (from /gpfs/projects/ChenGroup/OSMOSE-HRENYB-GIT/calibration_acc/master/calibration_parameters.osm line 118)
osmose[warn] . . Osmose will ignore parameter fisheries.selectivity.l50.fsh9 = 49.53 (from /gpfs/projects/ChenGroup/OSMOSE-HRENYB-GIT/osmose-hrenyb-v4.4.1-xiangyan/osmose-hrenyb_acc.R line 927)
osmose[warn] . . Parameter already defined fisheries.selectivity.l50.fsh9 = 49.53 (from /gpfs/projects/ChenGroup/OSMOSE-HRENYB-GIT/calibration_acc/master/calibration_parameters.osm line 122)
osmose[warn] . . Osmose will ignore parameter fisheries.rate.base.fsh9 = 1 (from /gpfs/projects/ChenGroup/OSMOSE-HRENYB-GIT/osmose-hrenyb-v4.4.1-xiangyan/osmose-hrenyb_acc.R line 932)
osmose[warn] . . Parameter already defined fisheries.rate.base.fsh9 = 1.42129312585717 (from /gpfs/projects/ChenGroup/OSMOSE-HRENYB-GIT/calibration_acc/master/calibration_parameters.osm line 120)
osmose[warn] . . Osmose will ignore parameter fisheries.rate.byperiod.fsh9 = 0.695, 0.464, 0.424, 0.407, 0.436, 0.457, 0.337, 0.257, 0.329, 0.349, 0.389, 0.46, 0.43, 0.473, 0.439, 0.427, 0.428, 0.345, 0.304, 0.37 (from /gpfs/projects/ChenGroup/OSMOSE-HRENYB-GIT/osmose-hrenyb-v4.4.1-xiangyan/osmose-hrenyb_acc.R line 934)
osmose[warn] . . Parameter already defined fisheries.rate.byperiod.fsh9 = 0.695,0.464,0.424,0.407,0.436,0.457,0.336999999999998,0.256999999999999,0.328999999999998,0.349,0.389,0.46,0.43,0.473,0.439,0.427,0.428,0.344999999999999,0.303999999999999,0.37 (from /gpfs/projects/ChenGroup/OSMOSE-HRENYB-GIT/calibration_acc/master/calibration_parameters.osm line 121)
osmose[warn] . . Osmose will ignore parameter fisheries.selectivity.l50.fsh10 = 45 (from /gpfs/projects/ChenGroup/OSMOSE-HRENYB-GIT/osmose-hrenyb-v4.4.1-xiangyan/osmose-hrenyb_acc.R line 946)
osmose[warn] . . Parameter already defined fisheries.selectivity.l50.fsh10 = 45 (from /gpfs/projects/ChenGroup/OSMOSE-HRENYB-GIT/calibration_acc/master/calibration_parameters.osm line 125)
osmose[warn] . . Osmose will ignore parameter fisheries.rate.base.fsh10 = 1 (from /gpfs/projects/ChenGroup/OSMOSE-HRENYB-GIT/osmose-hrenyb-v4.4.1-xiangyan/osmose-hrenyb_acc.R line 951)
osmose[warn] . . Parameter already defined fisheries.rate.base.fsh10 = 0.0957850697859092 (from /gpfs/projects/ChenGroup/OSMOSE-HRENYB-GIT/calibration_acc/master/calibration_parameters.osm line 123)
osmose[warn] . . Osmose will ignore parameter fisheries.rate.byperiod.fsh10 = 0.0834544255848906,0.107247883,0.100990532,0.114483959,0.117645716,0.102780623,0.193631501,0.096347345,0.189653711,0.096576563,0.16984856,0.099422893,0.116515679,0.081856209,0.097675278,0.082542537,0.129258709,0.144311772,0.1110704,0.117952325 (from /gpfs/projects/ChenGroup/OSMOSE-HRENYB-GIT/osmose-hrenyb-v4.4.1-xiangyan/osmose-hrenyb_acc.R line 953)
osmose[warn] . . Parameter already defined fisheries.rate.byperiod.fsh10 = 0.103065028532685,0.144701042359783,0.169155570236294,0.141641931316287,0.144078658272596,0.0950900404740056,0.161251637398509,0.0934313347353598,0.125538743319327,0.154389019810332,0.150461456158929,0.150283941307262,0.175566029376881,0.116357451324748,0.173000993828337,0.118714166153612,0.165653304775605,0.114110943486275,0.108937180268892,0.126234383386966 (from /gpfs/projects/ChenGroup/OSMOSE-HRENYB-GIT/calibration_acc/master/calibration_parameters.osm line 124)
osmose[warn] . . Osmose will ignore parameter fisheries.selectivity.l50.fsh11 = 27.84 (from /gpfs/projects/ChenGroup/OSMOSE-HRENYB-GIT/osmose-hrenyb-v4.4.1-xiangyan/osmose-hrenyb_acc.R line 966)
osmose[warn] . . Parameter already defined fisheries.selectivity.l50.fsh11 = 27.84 (from /gpfs/projects/ChenGroup/OSMOSE-HRENYB-GIT/calibration_acc/master/calibration_parameters.osm line 128)
osmose[warn] . . Osmose will ignore parameter fisheries.rate.base.fsh11 = 1 (from /gpfs/projects/ChenGroup/OSMOSE-HRENYB-GIT/osmose-hrenyb-v4.4.1-xiangyan/osmose-hrenyb_acc.R line 971)
osmose[warn] . . Parameter already defined fisheries.rate.base.fsh11 = 0.898671039577376 (from /gpfs/projects/ChenGroup/OSMOSE-HRENYB-GIT/calibration_acc/master/calibration_parameters.osm line 126)
osmose[warn] . . Osmose will ignore parameter fisheries.rate.byperiod.fsh11 = 0.649197502404809,1.377920561,0.84640383,0.736447149,0.637730635,1.81526628,1.628460758,1.136054218,0.699506654,0.926130579,0.892899838,0.67690526,1.805651568,0.974971397,0.543387457,0.971169346,0.726537543,0.375731541,0.665828555,0.998695173 (from /gpfs/projects/ChenGroup/OSMOSE-HRENYB-GIT/osmose-hrenyb-v4.4.1-xiangyan/osmose-hrenyb_acc.R line 973)
osmose[warn] . . Parameter already defined fisheries.rate.byperiod.fsh11 = 0.691687221759923,1.74986853047107,0.504890522733014,1.388381645846,1.17076537790088,1.53499195299382,0.676158593439314,0.759892337432226,0.553151023635936,1.00990959199353,0.912544203586119,1.05319549505764,1.215112987215,1.82038950947003,1.06364909941346,1.56821581596043,1.36798893595559,0.755510850708175,0.853643238097509,1.30861007072565 (from /gpfs/projects/ChenGroup/OSMOSE-HRENYB-GIT/calibration_acc/master/calibration_parameters.osm line 127)
osmose[warn] . . Osmose will ignore parameter fisheries.selectivity.l50.fsh12 = 5 (from /gpfs/projects/ChenGroup/OSMOSE-HRENYB-GIT/osmose-hrenyb-v4.4.1-xiangyan/osmose-hrenyb_acc.R line 987)
osmose[warn] . . Parameter already defined fisheries.selectivity.l50.fsh12 = 5 (from /gpfs/projects/ChenGroup/OSMOSE-HRENYB-GIT/calibration_acc/master/calibration_parameters.osm line 131)
osmose[warn] . . Osmose will ignore parameter fisheries.rate.base.fsh12 = 0.5 (from /gpfs/projects/ChenGroup/OSMOSE-HRENYB-GIT/osmose-hrenyb-v4.4.1-xiangyan/osmose-hrenyb_acc.R line 992)
osmose[warn] . . Parameter already defined fisheries.rate.base.fsh12 = 0.14497237950173 (from /gpfs/projects/ChenGroup/OSMOSE-HRENYB-GIT/calibration_acc/master/calibration_parameters.osm line 129)
osmose[warn] . . Osmose will ignore parameter fisheries.rate.byperiod.fsh12 = 0.101, 0.177, 0.106, 0.101, 0.058, 0.035, 0.05,0.026, 0.05, 0.038, 0.031, 0.066, 0.051, 0.059, 0.224, 0.142, 0.117, 0.218, 0.121, 0.195 (from /gpfs/projects/ChenGroup/OSMOSE-HRENYB-GIT/osmose-hrenyb-v4.4.1-xiangyan/osmose-hrenyb_acc.R line 994)
osmose[warn] . . Parameter already defined fisheries.rate.byperiod.fsh12 = 0.101,0.177,0.106,0.101,0.0579999999999999,0.0350000000000001,0.0500000000000001,0.0259999999999999,0.0500000000000001,0.0380000000000001,0.031,0.0660000000000001,0.0510000000000001,0.0589999999999998,0.223999999999999,0.141999999999999,0.117,0.218,0.121,0.195 (from /gpfs/projects/ChenGroup/OSMOSE-HRENYB-GIT/calibration_acc/master/calibration_parameters.osm line 130)
osmose[warn] . . Osmose will ignore parameter fisheries.selectivity.l50.fsh13 = 21 (from /gpfs/projects/ChenGroup/OSMOSE-HRENYB-GIT/osmose-hrenyb-v4.4.1-xiangyan/osmose-hrenyb_acc.R line 1008)
osmose[warn] . . Parameter already defined fisheries.selectivity.l50.fsh13 = 21 (from /gpfs/projects/ChenGroup/OSMOSE-HRENYB-GIT/calibration_acc/master/calibration_parameters.osm line 134)
osmose[warn] . . Osmose will ignore parameter fisheries.rate.base.fsh13 = 1 (from /gpfs/projects/ChenGroup/OSMOSE-HRENYB-GIT/osmose-hrenyb-v4.4.1-xiangyan/osmose-hrenyb_acc.R line 1013)
osmose[warn] . . Parameter already defined fisheries.rate.base.fsh13 = 0.170650160732516 (from /gpfs/projects/ChenGroup/OSMOSE-HRENYB-GIT/calibration_acc/master/calibration_parameters.osm line 132)
osmose[warn] . . Osmose will ignore parameter fisheries.rate.byperiod.fsh13 = 0.138, 0.202, 0.227, 0.247, 0.224, 0.378, 0.362, 0.352, 0.242, 0.344, 0.276, 0.215, 0.296, 0.185, 0.248, 0.197, 0.222, 0.183, 0.224, 0.455 (from /gpfs/projects/ChenGroup/OSMOSE-HRENYB-GIT/osmose-hrenyb-v4.4.1-xiangyan/osmose-hrenyb_acc.R line 1015)
osmose[warn] . . Parameter already defined fisheries.rate.byperiod.fsh13 = 0.138,0.202,0.227000000000001,0.247,0.223999999999999,0.378,0.361999999999999,0.352,0.242,0.344,0.275999999999999,0.215000000000001,0.295999999999999,0.185,0.248000000000001,0.197,0.221999999999999,0.182999999999999,0.223999999999999,0.455 (from /gpfs/projects/ChenGroup/OSMOSE-HRENYB-GIT/calibration_acc/master/calibration_parameters.osm line 133)
osmose[warn] . . Osmose will ignore parameter fisheries.selectivity.l50.fsh14 = 26.5 (from /gpfs/projects/ChenGroup/OSMOSE-HRENYB-GIT/osmose-hrenyb-v4.4.1-xiangyan/osmose-hrenyb_acc.R line 1027)
osmose[warn] . . Parameter already defined fisheries.selectivity.l50.fsh14 = 26.5 (from /gpfs/projects/ChenGroup/OSMOSE-HRENYB-GIT/calibration_acc/master/calibration_parameters.osm line 137)
osmose[warn] . . Osmose will ignore parameter fisheries.rate.base.fsh14 = 1 (from /gpfs/projects/ChenGroup/OSMOSE-HRENYB-GIT/osmose-hrenyb-v4.4.1-xiangyan/osmose-hrenyb_acc.R line 1032)
osmose[warn] . . Parameter already defined fisheries.rate.base.fsh14 = 0.681828616164688 (from /gpfs/projects/ChenGroup/OSMOSE-HRENYB-GIT/calibration_acc/master/calibration_parameters.osm line 135)
osmose[warn] . . Osmose will ignore parameter fisheries.rate.byperiod.fsh14 = 0.17591, 0.1878, 0.16361, 0.15123, 0.1758, 0.18097, 0.21972, 0.19134, 0.16115, 0.16043, 0.22015, 0.21097, 0.16686, 0.12222, 0.16163, 0.20792,0.21792,0.19764,0.2396, 0.31001 (from /gpfs/projects/ChenGroup/OSMOSE-HRENYB-GIT/osmose-hrenyb-v4.4.1-xiangyan/osmose-hrenyb_acc.R line 1034)
osmose[warn] . . Parameter already defined fisheries.rate.byperiod.fsh14 = 0.175910000000001,0.187800000000001,0.16361,0.15123,0.1758,0.18097,0.219719999999999,0.191339999999999,0.16115,0.16043,0.220150000000001,0.210969999999999,0.16686,0.12222,0.16163,0.20792,0.21792,0.19764,0.239600000000001,0.31001 (from /gpfs/projects/ChenGroup/OSMOSE-HRENYB-GIT/calibration_acc/master/calibration_parameters.osm line 136)
osmose[warn] . . Osmose will ignore parameter fisheries.movement.netcdf.enabled = TRUE (from /gpfs/projects/ChenGroup/OSMOSE-HRENYB-GIT/osmose-hrenyb-v4.4.1-xiangyan/osmose-hrenyb_acc.R line 1072)
osmose[warn] . . Parameter already defined fisheries.movement.netcdf.enabled = TRUE (from /gpfs/projects/ChenGroup/OSMOSE-HRENYB-GIT/osmose-hrenyb-v4.4.1-xiangyan/osmose-hrenyb_acc.R line 747)
osmose[warn] . . Osmose will ignore parameter surveys.movement.netcdf.enabled = TRUE (from /gpfs/projects/ChenGroup/OSMOSE-HRENYB-GIT/osmose-hrenyb-v4.4.1-xiangyan/osmose-hrenyb_acc.R line 1073)
osmose[warn] . . Parameter already defined surveys.movement.netcdf.enabled = TRUE (from /gpfs/projects/ChenGroup/OSMOSE-HRENYB-GIT/osmose-hrenyb-v4.4.1-xiangyan/osmose-hrenyb_acc.R line 1054)
osmose[warn] . . Osmose will ignore parameter movement.netcdf.enabled = FALSE (from /gpfs/projects/ChenGroup/OSMOSE-HRENYB-GIT/osmose-hrenyb-v4.4.1-xiangyan/osmose-hrenyb_acc.R line 1304)
osmose[warn] . . Parameter already defined movement.netcdf.enabled = FALSE (from /gpfs/projects/ChenGroup/OSMOSE-HRENYB-GIT/osmose-hrenyb-v4.4.1-xiangyan/osmose-hrenyb_acc.R line 1074)
osmose[warn] . . Osmose will ignore parameter output.restart.enabled = FALSE (from /gpfs/projects/ChenGroup/OSMOSE-HRENYB-GIT/osmose-hrenyb-v4.4.1-xiangyan/osmose-hrenyb_acc.R line 1322)
osmose[warn] . . Parameter already defined output.restart.enabled = FALSE (from /gpfs/projects/ChenGroup/OSMOSE-HRENYB-GIT/calibration_acc/master/output-configuration.osm line 12)
osmose[warn] . . Osmose will ignore parameter output.yield.biomass.enabled = TRUE (from /gpfs/projects/ChenGroup/OSMOSE-HRENYB-GIT/osmose-hrenyb-v4.4.1-xiangyan/osmose-hrenyb_acc.R line 1329)
osmose[warn] . . Parameter already defined output.yield.biomass.enabled = TRUE (from /gpfs/projects/ChenGroup/OSMOSE-HRENYB-GIT/calibration_acc/master/output-configuration.osm line 5)
osmose[warn] . . Osmose will ignore parameter output.yield.abundance.enabled = FALSE (from /gpfs/projects/ChenGroup/OSMOSE-HRENYB-GIT/osmose-hrenyb-v4.4.1-xiangyan/osmose-hrenyb_acc.R line 1330)
osmose[warn] . . Parameter already defined output.yield.abundance.enabled = FALSE (from /gpfs/projects/ChenGroup/OSMOSE-HRENYB-GIT/calibration_acc/master/output-configuration.osm line 34)
osmose[warn] . . Osmose will ignore parameter output.biomass.enabled = TRUE (from /gpfs/projects/ChenGroup/OSMOSE-HRENYB-GIT/osmose-hrenyb-v4.4.1-xiangyan/osmose-hrenyb_acc.R line 1336)
osmose[warn] . . Parameter already defined output.biomass.enabled = TRUE (from /gpfs/projects/ChenGroup/OSMOSE-HRENYB-GIT/calibration_acc/master/calibration_parameters.osm line 143)
osmose[warn] . . Osmose will ignore parameter output.biomass.bysize.enabled = TRUE (from /gpfs/projects/ChenGroup/OSMOSE-HRENYB-GIT/osmose-hrenyb-v4.4.1-xiangyan/osmose-hrenyb_acc.R line 1337)
osmose[warn] . . Parameter already defined output.biomass.bysize.enabled = TRUE (from /gpfs/projects/ChenGroup/OSMOSE-HRENYB-GIT/calibration_acc/master/calibration_parameters.osm line 144)
osmose[warn] . . Osmose will ignore parameter output.biomass.byage.enabled = TRUE (from /gpfs/projects/ChenGroup/OSMOSE-HRENYB-GIT/osmose-hrenyb-v4.4.1-xiangyan/osmose-hrenyb_acc.R line 1338)
osmose[warn] . . Parameter already defined output.biomass.byage.enabled = FALSE (from /gpfs/projects/ChenGroup/OSMOSE-HRENYB-GIT/calibration_acc/master/output-configuration.osm line 22)
osmose[warn] . . Osmose will ignore parameter output.biomass.bytl.enabled = FALSE (from /gpfs/projects/ChenGroup/OSMOSE-HRENYB-GIT/osmose-hrenyb-v4.4.1-xiangyan/osmose-hrenyb_acc.R line 1339)
osmose[warn] . . Parameter already defined output.biomass.bytl.enabled = FALSE (from /gpfs/projects/ChenGroup/OSMOSE-HRENYB-GIT/calibration_acc/master/output-configuration.osm line 23)
osmose[warn] . . Osmose will ignore parameter output.abundance.enabled = TRUE (from /gpfs/projects/ChenGroup/OSMOSE-HRENYB-GIT/osmose-hrenyb-v4.4.1-xiangyan/osmose-hrenyb_acc.R line 1341)
osmose[warn] . . Parameter already defined output.abundance.enabled = FALSE (from /gpfs/projects/ChenGroup/OSMOSE-HRENYB-GIT/calibration_acc/master/output-configuration.osm line 45)
osmose[warn] . . Osmose will ignore parameter output.abundance.bysize.enabled = FALSE (from /gpfs/projects/ChenGroup/OSMOSE-HRENYB-GIT/osmose-hrenyb-v4.4.1-xiangyan/osmose-hrenyb_acc.R line 1342)
osmose[warn] . . Parameter already defined output.abundance.bysize.enabled = FALSE (from /gpfs/projects/ChenGroup/OSMOSE-HRENYB-GIT/calibration_acc/master/output-configuration.osm line 47)
osmose[warn] . . Osmose will ignore parameter output.abundance.byage.enabled = FALSE (from /gpfs/projects/ChenGroup/OSMOSE-HRENYB-GIT/osmose-hrenyb-v4.4.1-xiangyan/osmose-hrenyb_acc.R line 1343)
osmose[warn] . . Parameter already defined output.abundance.byage.enabled = FALSE (from /gpfs/projects/ChenGroup/OSMOSE-HRENYB-GIT/calibration_acc/master/output-configuration.osm line 48)
osmose[warn] . . Osmose will ignore parameter output.meansize.byage.enabled = TRUE (from /gpfs/projects/ChenGroup/OSMOSE-HRENYB-GIT/osmose-hrenyb-v4.4.1-xiangyan/osmose-hrenyb_acc.R line 1345)
osmose[warn] . . Parameter already defined output.meansize.byage.enabled = TRUE (from /gpfs/projects/ChenGroup/OSMOSE-HRENYB-GIT/calibration_acc/master/calibration_parameters.osm line 145)
osmose[warn] . . Osmose will ignore parameter output.diet.composition.enabled = TRUE (from /gpfs/projects/ChenGroup/OSMOSE-HRENYB-GIT/osmose-hrenyb-v4.4.1-xiangyan/osmose-hrenyb_acc.R line 1347)
osmose[warn] . . Parameter already defined output.diet.composition.enabled = TRUE (from /gpfs/projects/ChenGroup/OSMOSE-HRENYB-GIT/calibration_acc/master/calibration_parameters.osm line 138)
osmose[warn] . . Osmose will ignore parameter output.diet.composition.byage.enabled = TRUE (from /gpfs/projects/ChenGroup/OSMOSE-HRENYB-GIT/osmose-hrenyb-v4.4.1-xiangyan/osmose-hrenyb_acc.R line 1348)
osmose[warn] . . Parameter already defined output.diet.composition.byage.enabled = TRUE (from /gpfs/projects/ChenGroup/OSMOSE-HRENYB-GIT/calibration_acc/master/calibration_parameters.osm line 139)
osmose[warn] . . Osmose will ignore parameter output.diet.composition.bysize.enabled = TRUE (from /gpfs/projects/ChenGroup/OSMOSE-HRENYB-GIT/osmose-hrenyb-v4.4.1-xiangyan/osmose-hrenyb_acc.R line 1349)
osmose[warn] . . Parameter already defined output.diet.composition.bysize.enabled = TRUE (from /gpfs/projects/ChenGroup/OSMOSE-HRENYB-GIT/calibration_acc/master/calibration_parameters.osm line 140)
osmose[warn] . . Osmose will ignore parameter output.diet.pressure.enabled = TRUE (from /gpfs/projects/ChenGroup/OSMOSE-HRENYB-GIT/osmose-hrenyb-v4.4.1-xiangyan/osmose-hrenyb_acc.R line 1350)
osmose[warn] . . Parameter already defined output.diet.pressure.enabled = FALSE (from /gpfs/projects/ChenGroup/OSMOSE-HRENYB-GIT/calibration_acc/master/output-configuration.osm line 101)
osmose[warn] . . Osmose will ignore parameter output.diet.pressure.byage.enabled = FALSE (from /gpfs/projects/ChenGroup/OSMOSE-HRENYB-GIT/osmose-hrenyb-v4.4.1-xiangyan/osmose-hrenyb_acc.R line 1351)
osmose[warn] . . Parameter already defined output.diet.pressure.byage.enabled = FALSE (from /gpfs/projects/ChenGroup/OSMOSE-HRENYB-GIT/calibration_acc/master/output-configuration.osm line 102)
osmose[warn] . . Osmose will ignore parameter output.diet.pressure.bysize.enabled = FALSE (from /gpfs/projects/ChenGroup/OSMOSE-HRENYB-GIT/osmose-hrenyb-v4.4.1-xiangyan/osmose-hrenyb_acc.R line 1352)
osmose[warn] . . Parameter already defined output.diet.pressure.bysize.enabled = FALSE (from /gpfs/projects/ChenGroup/OSMOSE-HRENYB-GIT/calibration_acc/master/output-configuration.osm line 103)
osmose[warn] . . Osmose will ignore parameter output.spatial.enabled = FALSE (from /gpfs/projects/ChenGroup/OSMOSE-HRENYB-GIT/osmose-hrenyb-v4.4.1-xiangyan/osmose-hrenyb_acc.R line 1372)
osmose[warn] . . Parameter already defined output.spatial.enabled = FALSE (from /gpfs/projects/ChenGroup/OSMOSE-HRENYB-GIT/calibration_acc/master/output-configuration.osm line 63)
osmose[warn] . . Osmose will ignore parameter output.spatial.ltl.enabled = FALSE (from /gpfs/projects/ChenGroup/OSMOSE-HRENYB-GIT/osmose-hrenyb-v4.4.1-xiangyan/osmose-hrenyb_acc.R line 1373)
osmose[warn] . . Parameter already defined output.spatial.ltl.enabled = FALSE (from /gpfs/projects/ChenGroup/OSMOSE-HRENYB-GIT/calibration_acc/master/output-configuration.osm line 64)
osmose[warn] . . Osmose will ignore parameter output.spatialbiomass.enabled = FALSE (from /gpfs/projects/ChenGroup/OSMOSE-HRENYB-GIT/osmose-hrenyb-v4.4.1-xiangyan/osmose-hrenyb_acc.R line 1375)
osmose[warn] . . Parameter already defined output.spatialbiomass.enabled = FALSE (from /gpfs/projects/ChenGroup/OSMOSE-HRENYB-GIT/calibration_acc/master/output-configuration.osm line 66)
osmose[warn] . . Osmose will ignore parameter output.spatialtl.enabled = FALSE (from /gpfs/projects/ChenGroup/OSMOSE-HRENYB-GIT/osmose-hrenyb-v4.4.1-xiangyan/osmose-hrenyb_acc.R line 1376)
osmose[warn] . . Parameter already defined output.spatialtl.enabled = FALSE (from /gpfs/projects/ChenGroup/OSMOSE-HRENYB-GIT/calibration_acc/master/output-configuration.osm line 68)
osmose[warn] . . Osmose will ignore parameter output.mortality.enabled = TRUE (from /gpfs/projects/ChenGroup/OSMOSE-HRENYB-GIT/osmose-hrenyb-v4.4.1-xiangyan/osmose-hrenyb_acc.R line 1378)
osmose[warn] . . Parameter already defined output.mortality.enabled = TRUE (from /gpfs/projects/ChenGroup/OSMOSE-HRENYB-GIT/calibration_acc/master/calibration_parameters.osm line 141)
osmose[warn] . . Osmose will ignore parameter output.mortality.perspecies.byage.enabled = FALSE (from /gpfs/projects/ChenGroup/OSMOSE-HRENYB-GIT/osmose-hrenyb-v4.4.1-xiangyan/osmose-hrenyb_acc.R line 1379)
osmose[warn] . . Parameter already defined output.mortality.perspecies.byage.enabled = TRUE (from /gpfs/projects/ChenGroup/OSMOSE-HRENYB-GIT/calibration_acc/master/output-configuration.osm line 8)
osmose[warn] . . Osmose will ignore parameter output.mortality.perspecies.bysize.enabled = FALSE (from /gpfs/projects/ChenGroup/OSMOSE-HRENYB-GIT/osmose-hrenyb-v4.4.1-xiangyan/osmose-hrenyb_acc.R line 1380)
osmose[warn] . . Parameter already defined output.mortality.perspecies.bysize.enabled = FALSE (from /gpfs/projects/ChenGroup/OSMOSE-HRENYB-GIT/calibration_acc/master/output-configuration.osm line 77)
osmose[warn] . . Osmose will ignore parameter output.size.enabled = TRUE (from /gpfs/projects/ChenGroup/OSMOSE-HRENYB-GIT/osmose-hrenyb-v4.4.1-xiangyan/osmose-hrenyb_acc.R line 1393)
osmose[warn] . . Parameter already defined output.size.enabled = TRUE (from /gpfs/projects/ChenGroup/OSMOSE-HRENYB-GIT/calibration_acc/master/calibration_parameters.osm line 146)
osmose[warn] . . Osmose will ignore parameter output.size.catch.enabled = FALSE (from /gpfs/projects/ChenGroup/OSMOSE-HRENYB-GIT/osmose-hrenyb-v4.4.1-xiangyan/osmose-hrenyb_acc.R line 1394)
osmose[warn] . . Parameter already defined output.size.catch.enabled = FALSE (from /gpfs/projects/ChenGroup/OSMOSE-HRENYB-GIT/calibration_acc/master/output-configuration.osm line 85)
osmose[warn] . . Osmose will ignore parameter output.tl.enabled = TRUE (from /gpfs/projects/ChenGroup/OSMOSE-HRENYB-GIT/osmose-hrenyb-v4.4.1-xiangyan/osmose-hrenyb_acc.R line 1395)
osmose[warn] . . Parameter already defined output.tl.enabled = TRUE (from /gpfs/projects/ChenGroup/OSMOSE-HRENYB-GIT/calibration_acc/master/calibration_parameters.osm line 142)
osmose[warn] . . Osmose will ignore parameter output.tl.catch.enabled = FALSE (from /gpfs/projects/ChenGroup/OSMOSE-HRENYB-GIT/osmose-hrenyb-v4.4.1-xiangyan/osmose-hrenyb_acc.R line 1396)
osmose[warn] . . Parameter already defined output.tl.catch.enabled = FALSE (from /gpfs/projects/ChenGroup/OSMOSE-HRENYB-GIT/calibration_acc/master/output-configuration.osm line 87)
osmose[warn] . . Osmose will ignore parameter output.meantl.bysize.enabled = TRUE (from /gpfs/projects/ChenGroup/OSMOSE-HRENYB-GIT/osmose-hrenyb-v4.4.1-xiangyan/osmose-hrenyb_acc.R line 1397)
osmose[warn] . . Parameter already defined output.meantl.bysize.enabled = FALSE (from /gpfs/projects/ChenGroup/OSMOSE-HRENYB-GIT/calibration_acc/master/output-configuration.osm line 91)
osmose[warn] . . Osmose will ignore parameter output.meantl.byage.enabled = TRUE (from /gpfs/projects/ChenGroup/OSMOSE-HRENYB-GIT/osmose-hrenyb-v4.4.1-xiangyan/osmose-hrenyb_acc.R line 1398)
osmose[warn] . . Parameter already defined output.meantl.byage.enabled = FALSE (from /gpfs/projects/ChenGroup/OSMOSE-HRENYB-GIT/calibration_acc/master/output-configuration.osm line 92)
osmose[info] . . Loading parameters from /gpfs/projects/ChenGroup/OSMOSE-HRENYB-GIT/osmose-hrenyb-v4.4.1-xiangyan/input/initial_conditions_final.osm
osmose[warn] . . . Osmose will ignore parameter population.initialization.biomass.sp0 = 62810.3 (from /gpfs/projects/ChenGroup/OSMOSE-HRENYB-GIT/osmose-hrenyb-v4.4.1-xiangyan/input/initial_conditions_final.osm line 4)
osmose[warn] . . . Parameter already defined population.initialization.biomass.sp0 = 62810.2999999998 (from /gpfs/projects/ChenGroup/OSMOSE-HRENYB-GIT/calibration_acc/master/calibration_parameters.osm line 9)
osmose[warn] . . . Osmose will ignore parameter population.initialization.biomass.sp1 = 32391.98 (from /gpfs/projects/ChenGroup/OSMOSE-HRENYB-GIT/osmose-hrenyb-v4.4.1-xiangyan/input/initial_conditions_final.osm line 12)
osmose[warn] . . . Parameter already defined population.initialization.biomass.sp1 = 32391.9799999999 (from /gpfs/projects/ChenGroup/OSMOSE-HRENYB-GIT/calibration_acc/master/calibration_parameters.osm line 10)
osmose[warn] . . . Osmose will ignore parameter population.initialization.biomass.sp2 = 140.231 (from /gpfs/projects/ChenGroup/OSMOSE-HRENYB-GIT/osmose-hrenyb-v4.4.1-xiangyan/input/initial_conditions_final.osm line 20)
osmose[warn] . . . Parameter already defined population.initialization.biomass.sp2 = 140.230999999999 (from /gpfs/projects/ChenGroup/OSMOSE-HRENYB-GIT/calibration_acc/master/calibration_parameters.osm line 11)
osmose[warn] . . . Osmose will ignore parameter population.initialization.biomass.sp3 = 2374.515 (from /gpfs/projects/ChenGroup/OSMOSE-HRENYB-GIT/osmose-hrenyb-v4.4.1-xiangyan/input/initial_conditions_final.osm line 28)
osmose[warn] . . . Parameter already defined population.initialization.biomass.sp3 = 2374.51500000002 (from /gpfs/projects/ChenGroup/OSMOSE-HRENYB-GIT/calibration_acc/master/calibration_parameters.osm line 12)
osmose[warn] . . . Osmose will ignore parameter population.initialization.biomass.sp4 = 23293.294 (from /gpfs/projects/ChenGroup/OSMOSE-HRENYB-GIT/osmose-hrenyb-v4.4.1-xiangyan/input/initial_conditions_final.osm line 36)
osmose[warn] . . . Parameter already defined population.initialization.biomass.sp4 = 23293.2939999999 (from /gpfs/projects/ChenGroup/OSMOSE-HRENYB-GIT/calibration_acc/master/calibration_parameters.osm line 13)
osmose[warn] . . . Osmose will ignore parameter population.initialization.biomass.sp5 = 2559.035 (from /gpfs/projects/ChenGroup/OSMOSE-HRENYB-GIT/osmose-hrenyb-v4.4.1-xiangyan/input/initial_conditions_final.osm line 44)
osmose[warn] . . . Parameter already defined population.initialization.biomass.sp5 = 2559.03499999998 (from /gpfs/projects/ChenGroup/OSMOSE-HRENYB-GIT/calibration_acc/master/calibration_parameters.osm line 14)
osmose[warn] . . . Osmose will ignore parameter population.initialization.biomass.sp6 = 695.02 (from /gpfs/projects/ChenGroup/OSMOSE-HRENYB-GIT/osmose-hrenyb-v4.4.1-xiangyan/input/initial_conditions_final.osm line 52)
osmose[warn] . . . Parameter already defined population.initialization.biomass.sp6 = 695.020000000005 (from /gpfs/projects/ChenGroup/OSMOSE-HRENYB-GIT/calibration_acc/master/calibration_parameters.osm line 15)
osmose[warn] . . . Osmose will ignore parameter population.initialization.biomass.sp7 = 1951.095 (from /gpfs/projects/ChenGroup/OSMOSE-HRENYB-GIT/osmose-hrenyb-v4.4.1-xiangyan/input/initial_conditions_final.osm line 60)
osmose[warn] . . . Parameter already defined population.initialization.biomass.sp7 = 1951.09499999999 (from /gpfs/projects/ChenGroup/OSMOSE-HRENYB-GIT/calibration_acc/master/calibration_parameters.osm line 16)
osmose[warn] . . . Osmose will ignore parameter population.initialization.biomass.sp8 = 71398.78 (from /gpfs/projects/ChenGroup/OSMOSE-HRENYB-GIT/osmose-hrenyb-v4.4.1-xiangyan/input/initial_conditions_final.osm line 68)
osmose[warn] . . . Parameter already defined population.initialization.biomass.sp8 = 71398.7800000005 (from /gpfs/projects/ChenGroup/OSMOSE-HRENYB-GIT/calibration_acc/master/calibration_parameters.osm line 17)
osmose[warn] . . . Osmose will ignore parameter population.initialization.biomass.sp9 = 6058.335 (from /gpfs/projects/ChenGroup/OSMOSE-HRENYB-GIT/osmose-hrenyb-v4.4.1-xiangyan/input/initial_conditions_final.osm line 76)
osmose[warn] . . . Parameter already defined population.initialization.biomass.sp9 = 6058.33499999997 (from /gpfs/projects/ChenGroup/OSMOSE-HRENYB-GIT/calibration_acc/master/calibration_parameters.osm line 18)
osmose[warn] . . . Osmose will ignore parameter population.initialization.biomass.sp10 = 17717.523 (from /gpfs/projects/ChenGroup/OSMOSE-HRENYB-GIT/osmose-hrenyb-v4.4.1-xiangyan/input/initial_conditions_final.osm line 84)
osmose[warn] . . . Parameter already defined population.initialization.biomass.sp10 = 17717.523 (from /gpfs/projects/ChenGroup/OSMOSE-HRENYB-GIT/calibration_acc/master/calibration_parameters.osm line 19)
osmose[warn] . . . Osmose will ignore parameter population.initialization.biomass.sp11 = 3156.918 (from /gpfs/projects/ChenGroup/OSMOSE-HRENYB-GIT/osmose-hrenyb-v4.4.1-xiangyan/input/initial_conditions_final.osm line 92)
osmose[warn] . . . Parameter already defined population.initialization.biomass.sp11 = 3156.91799999998 (from /gpfs/projects/ChenGroup/OSMOSE-HRENYB-GIT/calibration_acc/master/calibration_parameters.osm line 20)
osmose[warn] . . . Osmose will ignore parameter population.initialization.biomass.sp12 = 335331.813 (from /gpfs/projects/ChenGroup/OSMOSE-HRENYB-GIT/osmose-hrenyb-v4.4.1-xiangyan/input/initial_conditions_final.osm line 100)
osmose[warn] . . . Parameter already defined population.initialization.biomass.sp12 = 335331.813000001 (from /gpfs/projects/ChenGroup/OSMOSE-HRENYB-GIT/calibration_acc/master/calibration_parameters.osm line 21)
osmose[warn] . . . Osmose will ignore parameter population.initialization.biomass.sp13 = 48804.319 (from /gpfs/projects/ChenGroup/OSMOSE-HRENYB-GIT/osmose-hrenyb-v4.4.1-xiangyan/input/initial_conditions_final.osm line 108)
osmose[warn] . . . Parameter already defined population.initialization.biomass.sp13 = 48804.3190000005 (from /gpfs/projects/ChenGroup/OSMOSE-HRENYB-GIT/calibration_acc/master/calibration_parameters.osm line 22)
osmose[warn] . . . Osmose will ignore parameter population.initialization.biomass.sp14 = 14246.976 (from /gpfs/projects/ChenGroup/OSMOSE-HRENYB-GIT/osmose-hrenyb-v4.4.1-xiangyan/input/initial_conditions_final.osm line 116)
osmose[warn] . . . Parameter already defined population.initialization.biomass.sp14 = 14246.9760000001 (from /gpfs/projects/ChenGroup/OSMOSE-HRENYB-GIT/calibration_acc/master/calibration_parameters.osm line 23)
osmose[warn] . . . Osmose will ignore parameter population.initialization.biomass.sp15 = 5.315 (from /gpfs/projects/ChenGroup/OSMOSE-HRENYB-GIT/osmose-hrenyb-v4.4.1-xiangyan/input/initial_conditions_final.osm line 124)
osmose[warn] . . . Parameter already defined population.initialization.biomass.sp15 = 5.31500000000001 (from /gpfs/projects/ChenGroup/OSMOSE-HRENYB-GIT/calibration_acc/master/calibration_parameters.osm line 24)
osmose[warn] . . . Osmose will ignore parameter population.initialization.biomass.sp16 = 1.881 (from /gpfs/projects/ChenGroup/OSMOSE-HRENYB-GIT/osmose-hrenyb-v4.4.1-xiangyan/input/initial_conditions_final.osm line 132)
osmose[warn] . . . Parameter already defined population.initialization.biomass.sp16 = 1.881 (from /gpfs/projects/ChenGroup/OSMOSE-HRENYB-GIT/calibration_acc/master/calibration_parameters.osm line 25)
osmose[warn] . . Osmose will ignore parameter output.netcdf.format = netcdf3 (from /gpfs/projects/ChenGroup/OSMOSE-HRENYB-GIT/osmose-hrenyb-v4.4.1-xiangyan/osmose-hrenyb_acc.R line 1432)
osmose[warn] . . Parameter already defined output.netcdf.format = netcdf3 (from /gpfs/projects/ChenGroup/OSMOSE-HRENYB-GIT/osmose-hrenyb-v4.4.1-xiangyan/osmose-hrenyb_acc.R line 1392)
osmose[warn] . . Osmose will ignore parameter output.netcdf.format = netcdf3 (from /gpfs/projects/ChenGroup/OSMOSE-HRENYB-GIT/osmose-hrenyb-v4.4.1-xiangyan/osmose-hrenyb_acc.R line 1434)
osmose[warn] . . Parameter already defined output.netcdf.format = netcdf3 (from /gpfs/projects/ChenGroup/OSMOSE-HRENYB-GIT/osmose-hrenyb-v4.4.1-xiangyan/osmose-hrenyb_acc.R line 1392)
osmose[warn] . . Osmose will ignore parameter movement.checks.enabled = netcdf3 (from /gpfs/projects/ChenGroup/OSMOSE-HRENYB-GIT/osmose-hrenyb-v4.4.1-xiangyan/osmose-hrenyb_acc.R line 1440)
osmose[warn] . . Parameter already defined movement.checks.enabled = netcdf3 (from /gpfs/projects/ChenGroup/OSMOSE-HRENYB-GIT/osmose-hrenyb-v4.4.1-xiangyan/osmose-hrenyb_acc.R line 1306)
osmose[info] Configuration version: 4.4.1
osmose[warn] Could not find parameter 'simulation.restart.enabled'. Osmose assumes it is true and a NetCDF restart file will be created at the end of the simulation (or more, depending on parameters 'simulation.restart.recordfrequency.ndt' and 'simulation.restart.spinup').
osmose[info] Simulation restart spinup is 0
osmose[info] Output folder set to /gpfs/projects/ChenGroup/OSMOSE-HRENYB-GIT/calibration_acc/master/output/
osmose[info] Output CSV separator set to COMA
SLF4J: Failed to load class "org.slf4j.impl.StaticLoggerBinder".
SLF4J: Defaulting to no-operation (NOP) logger implementation
SLF4J: See http://www.slf4j.org/codes.html#StaticLoggerBinder for further details.
osmose[info] 1: Using surveys.selectivity.tiny.sr1 = 0.001000
osmose[info] Simulation 0 started...
osmose[info] 0: Using default tiny (0.000001).
osmose[info] 1: Using default tiny (0.000001).
osmose[info] 2: Using default tiny (0.000001).
osmose[info] 3: Using default tiny (0.000001).
osmose[info] 4: Using default tiny (0.000001).
osmose[info] 5: Using default tiny (0.000001).
osmose[info] 6: Using default tiny (0.000001).
osmose[info] 7: Using default tiny (0.000001).
osmose[info] 8: Using default tiny (0.000001).
osmose[info] 9: Using default tiny (0.000001).
osmose[info] 10: Using default tiny (0.000001).
osmose[info] 11: Using default tiny (0.000001).
osmose[info] 12: Using default tiny (0.000001).
osmose[info] 13: Using default tiny (0.000001).
osmose[info] 14: Using default tiny (0.000001).
osmose[info] Growth function VonBertalanffy used for species AtlanticHerring.
osmose[info] Growth function VonBertalanffy used for species AtlanticMackerel.
osmose[info] Growth function VonBertalanffy used for species BlackSeaBass.
osmose[info] Growth function VonBertalanffy used for species Scup.
osmose[info] Growth function VonBertalanffy used for species SpinyDogfish.
osmose[info] Growth function VonBertalanffy used for species StripedBass.
osmose[info] Growth function VonBertalanffy used for species Goosefish.
osmose[info] Growth function VonBertalanffy used for species WinterFlounder.
osmose[info] Growth function VonBertalanffy used for species Squids.
osmose[info] Growth function VonBertalanffy used for species Flounders.
osmose[info] Growth function VonBertalanffy used for species SkateRays.
osmose[info] Growth function VonBertalanffy used for species Hakes.
osmose[info] Growth function VonBertalanffy used for species Benthopelagics.
osmose[info] Growth function VonBertalanffy used for species MiscellaneousDemersals.
osmose[info] Growth function VonBertalanffy used for species ShallowDemersal.
osmose[info] Growth function VonBertalanffy used for species WhitePerch.
osmose[info] Growth function VonBertalanffy used for species AtlanticTomcod.
osmose[warn] The minimum value for output distribution was set equal to 0. It has been corrected to 10.0
osmose[warn] The minimum value for output distribution was set equal to 0. It has been corrected to 2.0
osmose[warn] Could not find Boolean parameter output.spatial.abundance.enabled. Osmose assumes it is false.
osmose[warn] Could not find Boolean parameter output.spatial.biomass.enabled. Osmose assumes it is false.
osmose[warn] Could not find Boolean parameter output.spatial.size.enabled. Osmose assumes it is false.
osmose[warn] Could not find Boolean parameter output.spatial.enet.enabled. Osmose assumes it is false.
osmose[warn] Could not find Boolean parameter output.spatial.enet.larvae.enabled. Osmose assumes it is false.
osmose[warn] Could not find Boolean parameter output.spatial.enet.juv.enabled. Osmose assumes it is false.
osmose[warn] Could not find Boolean parameter output.spatial.mstarv.enabled. Osmose assumes it is false.
osmose[warn] Could not find Boolean parameter output.spatial.mpred.enabled. Osmose assumes it is false.
osmose[warn] Could not find Boolean parameter output.spatial.dg.enabled. Osmose assumes it is false.
osmose[warn] Could not find Boolean parameter output.spatial.egg.enabled. Osmose assumes it is false.
osmose[warn] Could not find Boolean parameter output.spatial.fisheries.enabled. Osmose assumes it is false.
osmose[warn] Could not find Boolean parameter output.fisheries.byage.enabled. Osmose assumes it is false.
osmose[warn] Could not find Boolean parameter output.fisheries.bysize.enabled. Osmose assumes it is false.
osmose[info] Growth function VonBertalanffy used for species AtlanticHerring.
osmose[info] Growth function VonBertalanffy used for species AtlanticMackerel.
osmose[info] Growth function VonBertalanffy used for species BlackSeaBass.
osmose[info] Growth function VonBertalanffy used for species Scup.
osmose[info] Growth function VonBertalanffy used for species SpinyDogfish.
osmose[info] Growth function VonBertalanffy used for species StripedBass.
osmose[info] Growth function VonBertalanffy used for species Goosefish.
osmose[info] Growth function VonBertalanffy used for species WinterFlounder.
osmose[info] Growth function VonBertalanffy used for species Squids.
osmose[info] Growth function VonBertalanffy used for species Flounders.
osmose[info] Growth function VonBertalanffy used for species SkateRays.
osmose[info] Growth function VonBertalanffy used for species Hakes.
osmose[info] Growth function VonBertalanffy used for species Benthopelagics.
osmose[info] Growth function VonBertalanffy used for species MiscellaneousDemersals.
osmose[info] Growth function VonBertalanffy used for species ShallowDemersal.
osmose[info] Growth function VonBertalanffy used for species WhitePerch.
osmose[info] Growth function VonBertalanffy used for species AtlanticTomcod.
osmose[info] year 0
osmose[info] year 1
osmose[info] year 2
osmose[info] year 3
osmose[info] year 4
osmose[info] year 5
osmose[info] year 6
osmose[info] year 7
osmose[info] year 8
osmose[info] year 9
osmose[info] year 10
osmose[info] year 11
osmose[info] year 12
osmose[info] year 13
osmose[info] year 14
osmose[info] year 15
osmose[info] year 16
osmose[info] year 17
osmose[info] year 18
osmose[info] year 19
osmose[info] Simulation 0 completed (time ellapsed: 997 seconds)
osmose[info] *********************************************
osmose[info] OSMOSE 4.4.1 (c) 2024 IRD.
osmose[info] ----------------------------------------------
