osmose[info] ----------------------------------------------
osmose[info] OSMOSE: Modelling Exploited Marine Ecosystems
osmose[info]         http://www.osmose-model.org
osmose[info] ----------------------------------------------
osmose[info] Software version: 4.4.1
osmose[info] Running configuration osmose-calibration.osm
osmose[info] Loading parameters from /gpfs/projects/ChenGroup/OSMOSE-HRENYB-GIT/calibration_acc_0908/master/osmose-calibration.osm
osmose[info] . Loading parameters from /gpfs/projects/ChenGroup/OSMOSE-HRENYB-GIT/calibration_acc_0908/master/calibration_parameters.osm
osmose[info] . Loading parameters from /gpfs/projects/ChenGroup/OSMOSE-HRENYB-GIT/calibration_acc_0908/master/output-configuration.osm
osmose[warn] . . Osmose will ignore parameter output.biomass.enabled = TRUE (from /gpfs/projects/ChenGroup/OSMOSE-HRENYB-GIT/calibration_acc_0908/master/output-configuration.osm line 4)
osmose[warn] . . Parameter already defined output.biomass.enabled = TRUE (from /gpfs/projects/ChenGroup/OSMOSE-HRENYB-GIT/calibration_acc_0908/master/calibration_parameters.osm line 143)
osmose[warn] . . Osmose will ignore parameter output.meansize.byage.enabled = TRUE (from /gpfs/projects/ChenGroup/OSMOSE-HRENYB-GIT/calibration_acc_0908/master/output-configuration.osm line 7)
osmose[warn] . . Parameter already defined output.meansize.byage.enabled = TRUE (from /gpfs/projects/ChenGroup/OSMOSE-HRENYB-GIT/calibration_acc_0908/master/calibration_parameters.osm line 145)
osmose[warn] . . Osmose will ignore parameter output.fishing.accessible.biomass = FALSE (from /gpfs/projects/ChenGroup/OSMOSE-HRENYB-GIT/calibration_acc_0908/master/output-configuration.osm line 15)
osmose[warn] . . Parameter already defined output.fishing.accessible.biomass = FALSE (from /gpfs/projects/ChenGroup/OSMOSE-HRENYB-GIT/calibration_acc_0908/master/output-configuration.osm line 13)
osmose[warn] . . Osmose will ignore parameter output.fishing.harvested.biomass = FALSE (from /gpfs/projects/ChenGroup/OSMOSE-HRENYB-GIT/calibration_acc_0908/master/output-configuration.osm line 16)
osmose[warn] . . Parameter already defined output.fishing.harvested.biomass = FALSE (from /gpfs/projects/ChenGroup/OSMOSE-HRENYB-GIT/calibration_acc_0908/master/output-configuration.osm line 14)
osmose[warn] . . Osmose will ignore parameter output.biomass.bysize.enabled = FALSE (from /gpfs/projects/ChenGroup/OSMOSE-HRENYB-GIT/calibration_acc_0908/master/output-configuration.osm line 21)
osmose[warn] . . Parameter already defined output.biomass.bysize.enabled = TRUE (from /gpfs/projects/ChenGroup/OSMOSE-HRENYB-GIT/calibration_acc_0908/master/calibration_parameters.osm line 144)
osmose[warn] . . Osmose will ignore parameter output.mortality.enabled = FALSE (from /gpfs/projects/ChenGroup/OSMOSE-HRENYB-GIT/calibration_acc_0908/master/output-configuration.osm line 76)
osmose[warn] . . Parameter already defined output.mortality.enabled = TRUE (from /gpfs/projects/ChenGroup/OSMOSE-HRENYB-GIT/calibration_acc_0908/master/calibration_parameters.osm line 141)
osmose[warn] . . Osmose will ignore parameter output.size.enabled = FALSE (from /gpfs/projects/ChenGroup/OSMOSE-HRENYB-GIT/calibration_acc_0908/master/output-configuration.osm line 84)
osmose[warn] . . Parameter already defined output.size.enabled = TRUE (from /gpfs/projects/ChenGroup/OSMOSE-HRENYB-GIT/calibration_acc_0908/master/calibration_parameters.osm line 146)
osmose[warn] . . Osmose will ignore parameter output.tl.enabled = FALSE (from /gpfs/projects/ChenGroup/OSMOSE-HRENYB-GIT/calibration_acc_0908/master/output-configuration.osm line 86)
osmose[warn] . . Parameter already defined output.tl.enabled = TRUE (from /gpfs/projects/ChenGroup/OSMOSE-HRENYB-GIT/calibration_acc_0908/master/calibration_parameters.osm line 142)
osmose[warn] . . Osmose will ignore parameter output.meansize.byage.enabled = FALSE (from /gpfs/projects/ChenGroup/OSMOSE-HRENYB-GIT/calibration_acc_0908/master/output-configuration.osm line 93)
osmose[warn] . . Parameter already defined output.meansize.byage.enabled = TRUE (from /gpfs/projects/ChenGroup/OSMOSE-HRENYB-GIT/calibration_acc_0908/master/calibration_parameters.osm line 145)
osmose[warn] . . Osmose will ignore parameter output.diet.composition.enabled = FALSE (from /gpfs/projects/ChenGroup/OSMOSE-HRENYB-GIT/calibration_acc_0908/master/output-configuration.osm line 98)
osmose[warn] . . Parameter already defined output.diet.composition.enabled = TRUE (from /gpfs/projects/ChenGroup/OSMOSE-HRENYB-GIT/calibration_acc_0908/master/calibration_parameters.osm line 138)
osmose[warn] . . Osmose will ignore parameter output.diet.composition.byage.enabled = FALSE (from /gpfs/projects/ChenGroup/OSMOSE-HRENYB-GIT/calibration_acc_0908/master/output-configuration.osm line 99)
osmose[warn] . . Parameter already defined output.diet.composition.byage.enabled = TRUE (from /gpfs/projects/ChenGroup/OSMOSE-HRENYB-GIT/calibration_acc_0908/master/calibration_parameters.osm line 139)
osmose[warn] . . Osmose will ignore parameter output.diet.composition.bysize.enabled = FALSE (from /gpfs/projects/ChenGroup/OSMOSE-HRENYB-GIT/calibration_acc_0908/master/output-configuration.osm line 100)
osmose[warn] . . Parameter already defined output.diet.composition.bysize.enabled = TRUE (from /gpfs/projects/ChenGroup/OSMOSE-HRENYB-GIT/calibration_acc_0908/master/calibration_parameters.osm line 140)
osmose[info] . Loading parameters from /gpfs/projects/ChenGroup/OSMOSE-HRENYB-GIT/osmose-hrenyb-v4.4.1-xiangyan/osmose-hrenyb_acc.R
osmose[info] . . Loading parameters from /gpfs/projects/ChenGroup/OSMOSE-HRENYB-GIT/osmose-hrenyb-v4.4.1-xiangyan/input/calibration-parameters_acc.csv
osmose[warn] . . . Osmose will ignore parameter species.accessibility2fish.sp17 = 0.0399625845245665 (from /gpfs/projects/ChenGroup/OSMOSE-HRENYB-GIT/osmose-hrenyb-v4.4.1-xiangyan/input/calibration-parameters_acc.csv line 1)
osmose[warn] . . . Parameter already defined species.accessibility2fish.sp17 = 0.000118997374838801 (from /gpfs/projects/ChenGroup/OSMOSE-HRENYB-GIT/calibration_acc_0908/master/calibration_parameters.osm line 1)
osmose[warn] . . . Osmose will ignore parameter species.accessibility2fish.sp18 = 0.00406920950002785 (from /gpfs/projects/ChenGroup/OSMOSE-HRENYB-GIT/osmose-hrenyb-v4.4.1-xiangyan/input/calibration-parameters_acc.csv line 2)
osmose[warn] . . . Parameter already defined species.accessibility2fish.sp18 = 0.0223239433450871 (from /gpfs/projects/ChenGroup/OSMOSE-HRENYB-GIT/calibration_acc_0908/master/calibration_parameters.osm line 2)
osmose[warn] . . . Osmose will ignore parameter species.accessibility2fish.sp19 = 0.999326521899052 (from /gpfs/projects/ChenGroup/OSMOSE-HRENYB-GIT/osmose-hrenyb-v4.4.1-xiangyan/input/calibration-parameters_acc.csv line 3)
osmose[warn] . . . Parameter already defined species.accessibility2fish.sp19 = 0.876441245185431 (from /gpfs/projects/ChenGroup/OSMOSE-HRENYB-GIT/calibration_acc_0908/master/calibration_parameters.osm line 3)
osmose[warn] . . . Osmose will ignore parameter species.accessibility2fish.sp20 = 0.112678067844262 (from /gpfs/projects/ChenGroup/OSMOSE-HRENYB-GIT/osmose-hrenyb-v4.4.1-xiangyan/input/calibration-parameters_acc.csv line 4)
osmose[warn] . . . Parameter already defined species.accessibility2fish.sp20 = 0.0073975158774541 (from /gpfs/projects/ChenGroup/OSMOSE-HRENYB-GIT/calibration_acc_0908/master/calibration_parameters.osm line 4)
osmose[warn] . . . Osmose will ignore parameter species.accessibility2fish.sp21 = 0.903857889579333 (from /gpfs/projects/ChenGroup/OSMOSE-HRENYB-GIT/osmose-hrenyb-v4.4.1-xiangyan/input/calibration-parameters_acc.csv line 5)
osmose[warn] . . . Parameter already defined species.accessibility2fish.sp21 = 0.999759326702155 (from /gpfs/projects/ChenGroup/OSMOSE-HRENYB-GIT/calibration_acc_0908/master/calibration_parameters.osm line 5)
osmose[warn] . . . Osmose will ignore parameter species.accessibility2fish.sp22 = 0.624288024694986 (from /gpfs/projects/ChenGroup/OSMOSE-HRENYB-GIT/osmose-hrenyb-v4.4.1-xiangyan/input/calibration-parameters_acc.csv line 6)
osmose[warn] . . . Parameter already defined species.accessibility2fish.sp22 = 0.0211243925264501 (from /gpfs/projects/ChenGroup/OSMOSE-HRENYB-GIT/calibration_acc_0908/master/calibration_parameters.osm line 6)
osmose[warn] . . . Osmose will ignore parameter species.accessibility2fish.sp23 = 0.965930059768038 (from /gpfs/projects/ChenGroup/OSMOSE-HRENYB-GIT/osmose-hrenyb-v4.4.1-xiangyan/input/calibration-parameters_acc.csv line 7)
osmose[warn] . . . Parameter already defined species.accessibility2fish.sp23 = 0.0927909638378088 (from /gpfs/projects/ChenGroup/OSMOSE-HRENYB-GIT/calibration_acc_0908/master/calibration_parameters.osm line 7)
osmose[warn] . . . Osmose will ignore parameter species.accessibility2fish.sp24 = 0.385375335205801 (from /gpfs/projects/ChenGroup/OSMOSE-HRENYB-GIT/osmose-hrenyb-v4.4.1-xiangyan/input/calibration-parameters_acc.csv line 8)
osmose[warn] . . . Parameter already defined species.accessibility2fish.sp24 = 0.235540353029769 (from /gpfs/projects/ChenGroup/OSMOSE-HRENYB-GIT/calibration_acc_0908/master/calibration_parameters.osm line 8)
osmose[warn] . . . Osmose will ignore parameter population.initialization.biomass.sp0 = 62810.2999999998 (from /gpfs/projects/ChenGroup/OSMOSE-HRENYB-GIT/osmose-hrenyb-v4.4.1-xiangyan/input/calibration-parameters_acc.csv line 9)
osmose[warn] . . . Parameter already defined population.initialization.biomass.sp0 = 62810.2999999998 (from /gpfs/projects/ChenGroup/OSMOSE-HRENYB-GIT/calibration_acc_0908/master/calibration_parameters.osm line 9)
osmose[warn] . . . Osmose will ignore parameter population.initialization.biomass.sp1 = 32391.9799999999 (from /gpfs/projects/ChenGroup/OSMOSE-HRENYB-GIT/osmose-hrenyb-v4.4.1-xiangyan/input/calibration-parameters_acc.csv line 10)
osmose[warn] . . . Parameter already defined population.initialization.biomass.sp1 = 32391.9799999999 (from /gpfs/projects/ChenGroup/OSMOSE-HRENYB-GIT/calibration_acc_0908/master/calibration_parameters.osm line 10)
osmose[warn] . . . Osmose will ignore parameter population.initialization.biomass.sp2 = 140.230999999999 (from /gpfs/projects/ChenGroup/OSMOSE-HRENYB-GIT/osmose-hrenyb-v4.4.1-xiangyan/input/calibration-parameters_acc.csv line 11)
osmose[warn] . . . Parameter already defined population.initialization.biomass.sp2 = 140.230999999999 (from /gpfs/projects/ChenGroup/OSMOSE-HRENYB-GIT/calibration_acc_0908/master/calibration_parameters.osm line 11)
osmose[warn] . . . Osmose will ignore parameter population.initialization.biomass.sp3 = 2374.51500000002 (from /gpfs/projects/ChenGroup/OSMOSE-HRENYB-GIT/osmose-hrenyb-v4.4.1-xiangyan/input/calibration-parameters_acc.csv line 12)
osmose[warn] . . . Parameter already defined population.initialization.biomass.sp3 = 2374.51500000002 (from /gpfs/projects/ChenGroup/OSMOSE-HRENYB-GIT/calibration_acc_0908/master/calibration_parameters.osm line 12)
osmose[warn] . . . Osmose will ignore parameter population.initialization.biomass.sp4 = 23293.2939999999 (from /gpfs/projects/ChenGroup/OSMOSE-HRENYB-GIT/osmose-hrenyb-v4.4.1-xiangyan/input/calibration-parameters_acc.csv line 13)
osmose[warn] . . . Parameter already defined population.initialization.biomass.sp4 = 23293.2939999999 (from /gpfs/projects/ChenGroup/OSMOSE-HRENYB-GIT/calibration_acc_0908/master/calibration_parameters.osm line 13)
osmose[warn] . . . Osmose will ignore parameter population.initialization.biomass.sp5 = 2559.03499999998 (from /gpfs/projects/ChenGroup/OSMOSE-HRENYB-GIT/osmose-hrenyb-v4.4.1-xiangyan/input/calibration-parameters_acc.csv line 14)
osmose[warn] . . . Parameter already defined population.initialization.biomass.sp5 = 2559.03499999998 (from /gpfs/projects/ChenGroup/OSMOSE-HRENYB-GIT/calibration_acc_0908/master/calibration_parameters.osm line 14)
osmose[warn] . . . Osmose will ignore parameter population.initialization.biomass.sp6 = 695.020000000005 (from /gpfs/projects/ChenGroup/OSMOSE-HRENYB-GIT/osmose-hrenyb-v4.4.1-xiangyan/input/calibration-parameters_acc.csv line 15)
osmose[warn] . . . Parameter already defined population.initialization.biomass.sp6 = 695.020000000005 (from /gpfs/projects/ChenGroup/OSMOSE-HRENYB-GIT/calibration_acc_0908/master/calibration_parameters.osm line 15)
osmose[warn] . . . Osmose will ignore parameter population.initialization.biomass.sp7 = 1951.09499999999 (from /gpfs/projects/ChenGroup/OSMOSE-HRENYB-GIT/osmose-hrenyb-v4.4.1-xiangyan/input/calibration-parameters_acc.csv line 16)
osmose[warn] . . . Parameter already defined population.initialization.biomass.sp7 = 1951.09499999999 (from /gpfs/projects/ChenGroup/OSMOSE-HRENYB-GIT/calibration_acc_0908/master/calibration_parameters.osm line 16)
osmose[warn] . . . Osmose will ignore parameter population.initialization.biomass.sp8 = 71398.7800000005 (from /gpfs/projects/ChenGroup/OSMOSE-HRENYB-GIT/osmose-hrenyb-v4.4.1-xiangyan/input/calibration-parameters_acc.csv line 17)
osmose[warn] . . . Parameter already defined population.initialization.biomass.sp8 = 71398.7800000005 (from /gpfs/projects/ChenGroup/OSMOSE-HRENYB-GIT/calibration_acc_0908/master/calibration_parameters.osm line 17)
osmose[warn] . . . Osmose will ignore parameter population.initialization.biomass.sp9 = 6058.33499999997 (from /gpfs/projects/ChenGroup/OSMOSE-HRENYB-GIT/osmose-hrenyb-v4.4.1-xiangyan/input/calibration-parameters_acc.csv line 18)
osmose[warn] . . . Parameter already defined population.initialization.biomass.sp9 = 6058.33499999997 (from /gpfs/projects/ChenGroup/OSMOSE-HRENYB-GIT/calibration_acc_0908/master/calibration_parameters.osm line 18)
osmose[warn] . . . Osmose will ignore parameter population.initialization.biomass.sp10 = 17717.523 (from /gpfs/projects/ChenGroup/OSMOSE-HRENYB-GIT/osmose-hrenyb-v4.4.1-xiangyan/input/calibration-parameters_acc.csv line 19)
osmose[warn] . . . Parameter already defined population.initialization.biomass.sp10 = 17717.523 (from /gpfs/projects/ChenGroup/OSMOSE-HRENYB-GIT/calibration_acc_0908/master/calibration_parameters.osm line 19)
osmose[warn] . . . Osmose will ignore parameter population.initialization.biomass.sp11 = 3156.91799999998 (from /gpfs/projects/ChenGroup/OSMOSE-HRENYB-GIT/osmose-hrenyb-v4.4.1-xiangyan/input/calibration-parameters_acc.csv line 20)
osmose[warn] . . . Parameter already defined population.initialization.biomass.sp11 = 3156.91799999998 (from /gpfs/projects/ChenGroup/OSMOSE-HRENYB-GIT/calibration_acc_0908/master/calibration_parameters.osm line 20)
osmose[warn] . . . Osmose will ignore parameter population.initialization.biomass.sp12 = 335331.813000001 (from /gpfs/projects/ChenGroup/OSMOSE-HRENYB-GIT/osmose-hrenyb-v4.4.1-xiangyan/input/calibration-parameters_acc.csv line 21)
osmose[warn] . . . Parameter already defined population.initialization.biomass.sp12 = 335331.813000001 (from /gpfs/projects/ChenGroup/OSMOSE-HRENYB-GIT/calibration_acc_0908/master/calibration_parameters.osm line 21)
osmose[warn] . . . Osmose will ignore parameter population.initialization.biomass.sp13 = 48804.3190000005 (from /gpfs/projects/ChenGroup/OSMOSE-HRENYB-GIT/osmose-hrenyb-v4.4.1-xiangyan/input/calibration-parameters_acc.csv line 22)
osmose[warn] . . . Parameter already defined population.initialization.biomass.sp13 = 48804.3190000005 (from /gpfs/projects/ChenGroup/OSMOSE-HRENYB-GIT/calibration_acc_0908/master/calibration_parameters.osm line 22)
osmose[warn] . . . Osmose will ignore parameter population.initialization.biomass.sp14 = 14246.9760000001 (from /gpfs/projects/ChenGroup/OSMOSE-HRENYB-GIT/osmose-hrenyb-v4.4.1-xiangyan/input/calibration-parameters_acc.csv line 23)
osmose[warn] . . . Parameter already defined population.initialization.biomass.sp14 = 14246.9760000001 (from /gpfs/projects/ChenGroup/OSMOSE-HRENYB-GIT/calibration_acc_0908/master/calibration_parameters.osm line 23)
osmose[warn] . . . Osmose will ignore parameter population.initialization.biomass.sp15 = 5.31500000000001 (from /gpfs/projects/ChenGroup/OSMOSE-HRENYB-GIT/osmose-hrenyb-v4.4.1-xiangyan/input/calibration-parameters_acc.csv line 24)
osmose[warn] . . . Parameter already defined population.initialization.biomass.sp15 = 5.31500000000001 (from /gpfs/projects/ChenGroup/OSMOSE-HRENYB-GIT/calibration_acc_0908/master/calibration_parameters.osm line 24)
osmose[warn] . . . Osmose will ignore parameter population.initialization.biomass.sp16 = 1.881 (from /gpfs/projects/ChenGroup/OSMOSE-HRENYB-GIT/osmose-hrenyb-v4.4.1-xiangyan/input/calibration-parameters_acc.csv line 25)
osmose[warn] . . . Parameter already defined population.initialization.biomass.sp16 = 1.881 (from /gpfs/projects/ChenGroup/OSMOSE-HRENYB-GIT/calibration_acc_0908/master/calibration_parameters.osm line 25)
osmose[warn] . . . Osmose will ignore parameter mortality.additional.rate.sp0 = 0.0369413893863153 (from /gpfs/projects/ChenGroup/OSMOSE-HRENYB-GIT/osmose-hrenyb-v4.4.1-xiangyan/input/calibration-parameters_acc.csv line 26)
osmose[warn] . . . Parameter already defined mortality.additional.rate.sp0 = 0.00225291822875532 (from /gpfs/projects/ChenGroup/OSMOSE-HRENYB-GIT/calibration_acc_0908/master/calibration_parameters.osm line 26)
osmose[warn] . . . Osmose will ignore parameter mortality.additional.rate.sp1 = 1.44043442544703 (from /gpfs/projects/ChenGroup/OSMOSE-HRENYB-GIT/osmose-hrenyb-v4.4.1-xiangyan/input/calibration-parameters_acc.csv line 27)
osmose[warn] . . . Parameter already defined mortality.additional.rate.sp1 = 6.90272055904337 (from /gpfs/projects/ChenGroup/OSMOSE-HRENYB-GIT/calibration_acc_0908/master/calibration_parameters.osm line 27)
osmose[warn] . . . Osmose will ignore parameter mortality.additional.rate.sp2 = 0.00932858197511693 (from /gpfs/projects/ChenGroup/OSMOSE-HRENYB-GIT/osmose-hrenyb-v4.4.1-xiangyan/input/calibration-parameters_acc.csv line 28)
osmose[warn] . . . Parameter already defined mortality.additional.rate.sp2 = 0.000462170348765368 (from /gpfs/projects/ChenGroup/OSMOSE-HRENYB-GIT/calibration_acc_0908/master/calibration_parameters.osm line 28)
osmose[warn] . . . Osmose will ignore parameter mortality.additional.rate.sp3 = 0.0123638053520244 (from /gpfs/projects/ChenGroup/OSMOSE-HRENYB-GIT/osmose-hrenyb-v4.4.1-xiangyan/input/calibration-parameters_acc.csv line 29)
osmose[warn] . . . Parameter already defined mortality.additional.rate.sp3 = 0.00102726468633786 (from /gpfs/projects/ChenGroup/OSMOSE-HRENYB-GIT/calibration_acc_0908/master/calibration_parameters.osm line 29)
osmose[warn] . . . Osmose will ignore parameter mortality.additional.rate.sp4 = 0.0967086485906525 (from /gpfs/projects/ChenGroup/OSMOSE-HRENYB-GIT/osmose-hrenyb-v4.4.1-xiangyan/input/calibration-parameters_acc.csv line 30)
osmose[warn] . . . Parameter already defined mortality.additional.rate.sp4 = 0.0809267278718211 (from /gpfs/projects/ChenGroup/OSMOSE-HRENYB-GIT/calibration_acc_0908/master/calibration_parameters.osm line 30)
osmose[warn] . . . Osmose will ignore parameter mortality.additional.rate.sp5 = 0.00559393720289475 (from /gpfs/projects/ChenGroup/OSMOSE-HRENYB-GIT/osmose-hrenyb-v4.4.1-xiangyan/input/calibration-parameters_acc.csv line 31)
osmose[warn] . . . Parameter already defined mortality.additional.rate.sp5 = 0.0299544534838078 (from /gpfs/projects/ChenGroup/OSMOSE-HRENYB-GIT/calibration_acc_0908/master/calibration_parameters.osm line 31)
osmose[warn] . . . Osmose will ignore parameter mortality.additional.rate.sp6 = 0.00443550000423141 (from /gpfs/projects/ChenGroup/OSMOSE-HRENYB-GIT/osmose-hrenyb-v4.4.1-xiangyan/input/calibration-parameters_acc.csv line 32)
osmose[warn] . . . Parameter already defined mortality.additional.rate.sp6 = 0.00206801136579786 (from /gpfs/projects/ChenGroup/OSMOSE-HRENYB-GIT/calibration_acc_0908/master/calibration_parameters.osm line 32)
osmose[warn] . . . Osmose will ignore parameter mortality.additional.rate.sp7 = 3.12871732202335 (from /gpfs/projects/ChenGroup/OSMOSE-HRENYB-GIT/osmose-hrenyb-v4.4.1-xiangyan/input/calibration-parameters_acc.csv line 33)
osmose[warn] . . . Parameter already defined mortality.additional.rate.sp7 = 0.000507429788820464 (from /gpfs/projects/ChenGroup/OSMOSE-HRENYB-GIT/calibration_acc_0908/master/calibration_parameters.osm line 33)
osmose[warn] . . . Osmose will ignore parameter mortality.additional.rate.sp8 = 0.0286031636430498 (from /gpfs/projects/ChenGroup/OSMOSE-HRENYB-GIT/osmose-hrenyb-v4.4.1-xiangyan/input/calibration-parameters_acc.csv line 34)
osmose[warn] . . . Parameter already defined mortality.additional.rate.sp8 = 0.105226632238023 (from /gpfs/projects/ChenGroup/OSMOSE-HRENYB-GIT/calibration_acc_0908/master/calibration_parameters.osm line 34)
osmose[warn] . . . Osmose will ignore parameter mortality.additional.rate.sp9 = 0.0399517260322153 (from /gpfs/projects/ChenGroup/OSMOSE-HRENYB-GIT/osmose-hrenyb-v4.4.1-xiangyan/input/calibration-parameters_acc.csv line 35)
osmose[warn] . . . Parameter already defined mortality.additional.rate.sp9 = 0.0125953653225641 (from /gpfs/projects/ChenGroup/OSMOSE-HRENYB-GIT/calibration_acc_0908/master/calibration_parameters.osm line 35)
osmose[warn] . . . Osmose will ignore parameter mortality.additional.rate.sp10 = 0.000600957497899913 (from /gpfs/projects/ChenGroup/OSMOSE-HRENYB-GIT/osmose-hrenyb-v4.4.1-xiangyan/input/calibration-parameters_acc.csv line 36)
osmose[warn] . . . Parameter already defined mortality.additional.rate.sp10 = 0.0111694500102982 (from /gpfs/projects/ChenGroup/OSMOSE-HRENYB-GIT/calibration_acc_0908/master/calibration_parameters.osm line 36)
osmose[warn] . . . Osmose will ignore parameter mortality.additional.rate.sp11 = 0.00223429148599814 (from /gpfs/projects/ChenGroup/OSMOSE-HRENYB-GIT/osmose-hrenyb-v4.4.1-xiangyan/input/calibration-parameters_acc.csv line 37)
osmose[warn] . . . Parameter already defined mortality.additional.rate.sp11 = 0.0393901986158109 (from /gpfs/projects/ChenGroup/OSMOSE-HRENYB-GIT/calibration_acc_0908/master/calibration_parameters.osm line 37)
osmose[warn] . . . Osmose will ignore parameter mortality.additional.rate.sp12 = 0.000197917762494104 (from /gpfs/projects/ChenGroup/OSMOSE-HRENYB-GIT/osmose-hrenyb-v4.4.1-xiangyan/input/calibration-parameters_acc.csv line 38)
osmose[warn] . . . Parameter already defined mortality.additional.rate.sp12 = 0.00975271021700407 (from /gpfs/projects/ChenGroup/OSMOSE-HRENYB-GIT/calibration_acc_0908/master/calibration_parameters.osm line 38)
osmose[warn] . . . Osmose will ignore parameter mortality.additional.rate.sp13 = 0.00185669540760305 (from /gpfs/projects/ChenGroup/OSMOSE-HRENYB-GIT/osmose-hrenyb-v4.4.1-xiangyan/input/calibration-parameters_acc.csv line 39)
osmose[warn] . . . Parameter already defined mortality.additional.rate.sp13 = 0.000214724942302395 (from /gpfs/projects/ChenGroup/OSMOSE-HRENYB-GIT/calibration_acc_0908/master/calibration_parameters.osm line 39)
osmose[warn] . . . Osmose will ignore parameter mortality.additional.rate.sp14 = 0.00027949709562334 (from /gpfs/projects/ChenGroup/OSMOSE-HRENYB-GIT/osmose-hrenyb-v4.4.1-xiangyan/input/calibration-parameters_acc.csv line 40)
osmose[warn] . . . Parameter already defined mortality.additional.rate.sp14 = 0.0607086264840249 (from /gpfs/projects/ChenGroup/OSMOSE-HRENYB-GIT/calibration_acc_0908/master/calibration_parameters.osm line 40)
osmose[warn] . . . Osmose will ignore parameter mortality.additional.rate.sp15 = 0.0247121521742011 (from /gpfs/projects/ChenGroup/OSMOSE-HRENYB-GIT/osmose-hrenyb-v4.4.1-xiangyan/input/calibration-parameters_acc.csv line 41)
osmose[warn] . . . Parameter already defined mortality.additional.rate.sp15 = 0.272158123408171 (from /gpfs/projects/ChenGroup/OSMOSE-HRENYB-GIT/calibration_acc_0908/master/calibration_parameters.osm line 41)
osmose[warn] . . . Osmose will ignore parameter mortality.additional.rate.sp16 = 0.130154370128066 (from /gpfs/projects/ChenGroup/OSMOSE-HRENYB-GIT/osmose-hrenyb-v4.4.1-xiangyan/input/calibration-parameters_acc.csv line 42)
osmose[warn] . . . Parameter already defined mortality.additional.rate.sp16 = 0.599029343799797 (from /gpfs/projects/ChenGroup/OSMOSE-HRENYB-GIT/calibration_acc_0908/master/calibration_parameters.osm line 42)
osmose[warn] . . . Osmose will ignore parameter mortality.additional.larva.rate.sp0 = 30.8466606452152 (from /gpfs/projects/ChenGroup/OSMOSE-HRENYB-GIT/osmose-hrenyb-v4.4.1-xiangyan/input/calibration-parameters_acc.csv line 43)
osmose[warn] . . . Parameter already defined mortality.additional.larva.rate.sp0 = 0.311416339769513 (from /gpfs/projects/ChenGroup/OSMOSE-HRENYB-GIT/calibration_acc_0908/master/calibration_parameters.osm line 43)
osmose[warn] . . . Osmose will ignore parameter mortality.additional.larva.rate.sp1 = 29.2612876680132 (from /gpfs/projects/ChenGroup/OSMOSE-HRENYB-GIT/osmose-hrenyb-v4.4.1-xiangyan/input/calibration-parameters_acc.csv line 44)
osmose[warn] . . . Parameter already defined mortality.additional.larva.rate.sp1 = 2.37541199749914 (from /gpfs/projects/ChenGroup/OSMOSE-HRENYB-GIT/calibration_acc_0908/master/calibration_parameters.osm line 44)
osmose[warn] . . . Osmose will ignore parameter mortality.additional.larva.rate.sp2 = 13.0631181084027 (from /gpfs/projects/ChenGroup/OSMOSE-HRENYB-GIT/osmose-hrenyb-v4.4.1-xiangyan/input/calibration-parameters_acc.csv line 45)
osmose[warn] . . . Parameter already defined mortality.additional.larva.rate.sp2 = 11.6588451798328 (from /gpfs/projects/ChenGroup/OSMOSE-HRENYB-GIT/calibration_acc_0908/master/calibration_parameters.osm line 45)
osmose[warn] . . . Osmose will ignore parameter mortality.additional.larva.rate.sp3 = 1.17058448311224 (from /gpfs/projects/ChenGroup/OSMOSE-HRENYB-GIT/osmose-hrenyb-v4.4.1-xiangyan/input/calibration-parameters_acc.csv line 46)
osmose[warn] . . . Parameter already defined mortality.additional.larva.rate.sp3 = 0.521158232196396 (from /gpfs/projects/ChenGroup/OSMOSE-HRENYB-GIT/calibration_acc_0908/master/calibration_parameters.osm line 46)
osmose[warn] . . . Osmose will ignore parameter mortality.additional.larva.rate.sp5 = 376.851669589332 (from /gpfs/projects/ChenGroup/OSMOSE-HRENYB-GIT/osmose-hrenyb-v4.4.1-xiangyan/input/calibration-parameters_acc.csv line 47)
osmose[warn] . . . Parameter already defined mortality.additional.larva.rate.sp5 = 564.22818061413 (from /gpfs/projects/ChenGroup/OSMOSE-HRENYB-GIT/calibration_acc_0908/master/calibration_parameters.osm line 47)
osmose[warn] . . . Osmose will ignore parameter mortality.additional.larva.rate.sp6 = 263.264596755528 (from /gpfs/projects/ChenGroup/OSMOSE-HRENYB-GIT/osmose-hrenyb-v4.4.1-xiangyan/input/calibration-parameters_acc.csv line 48)
osmose[warn] . . . Parameter already defined mortality.additional.larva.rate.sp6 = 274.36091070672 (from /gpfs/projects/ChenGroup/OSMOSE-HRENYB-GIT/calibration_acc_0908/master/calibration_parameters.osm line 48)
osmose[warn] . . . Osmose will ignore parameter mortality.additional.larva.rate.sp7 = 16.2110225761532 (from /gpfs/projects/ChenGroup/OSMOSE-HRENYB-GIT/osmose-hrenyb-v4.4.1-xiangyan/input/calibration-parameters_acc.csv line 49)
osmose[warn] . . . Parameter already defined mortality.additional.larva.rate.sp7 = 104.317994481132 (from /gpfs/projects/ChenGroup/OSMOSE-HRENYB-GIT/calibration_acc_0908/master/calibration_parameters.osm line 49)
osmose[warn] . . . Osmose will ignore parameter mortality.additional.larva.rate.sp8 = 0.332278003772587 (from /gpfs/projects/ChenGroup/OSMOSE-HRENYB-GIT/osmose-hrenyb-v4.4.1-xiangyan/input/calibration-parameters_acc.csv line 50)
osmose[warn] . . . Parameter already defined mortality.additional.larva.rate.sp8 = 4.44442949466998 (from /gpfs/projects/ChenGroup/OSMOSE-HRENYB-GIT/calibration_acc_0908/master/calibration_parameters.osm line 50)
osmose[warn] . . . Osmose will ignore parameter mortality.additional.larva.rate.sp9 = 75.9645358350929 (from /gpfs/projects/ChenGroup/OSMOSE-HRENYB-GIT/osmose-hrenyb-v4.4.1-xiangyan/input/calibration-parameters_acc.csv line 51)
osmose[warn] . . . Parameter already defined mortality.additional.larva.rate.sp9 = 72.6700632672868 (from /gpfs/projects/ChenGroup/OSMOSE-HRENYB-GIT/calibration_acc_0908/master/calibration_parameters.osm line 51)
osmose[warn] . . . Osmose will ignore parameter mortality.additional.larva.rate.sp10 = 144.74631160628 (from /gpfs/projects/ChenGroup/OSMOSE-HRENYB-GIT/osmose-hrenyb-v4.4.1-xiangyan/input/calibration-parameters_acc.csv line 52)
osmose[warn] . . . Parameter already defined mortality.additional.larva.rate.sp10 = 116.132903013829 (from /gpfs/projects/ChenGroup/OSMOSE-HRENYB-GIT/calibration_acc_0908/master/calibration_parameters.osm line 52)
osmose[warn] . . . Osmose will ignore parameter mortality.additional.larva.rate.sp11 = 0.730523397719445 (from /gpfs/projects/ChenGroup/OSMOSE-HRENYB-GIT/osmose-hrenyb-v4.4.1-xiangyan/input/calibration-parameters_acc.csv line 53)
osmose[warn] . . . Parameter already defined mortality.additional.larva.rate.sp11 = 14.091705886196 (from /gpfs/projects/ChenGroup/OSMOSE-HRENYB-GIT/calibration_acc_0908/master/calibration_parameters.osm line 53)
osmose[warn] . . . Osmose will ignore parameter mortality.additional.larva.rate.sp12 = 60.4709044093682 (from /gpfs/projects/ChenGroup/OSMOSE-HRENYB-GIT/osmose-hrenyb-v4.4.1-xiangyan/input/calibration-parameters_acc.csv line 54)
osmose[warn] . . . Parameter already defined mortality.additional.larva.rate.sp12 = 0.611284331342297 (from /gpfs/projects/ChenGroup/OSMOSE-HRENYB-GIT/calibration_acc_0908/master/calibration_parameters.osm line 54)
osmose[warn] . . . Osmose will ignore parameter mortality.additional.larva.rate.sp13 = 3.07561596661124 (from /gpfs/projects/ChenGroup/OSMOSE-HRENYB-GIT/osmose-hrenyb-v4.4.1-xiangyan/input/calibration-parameters_acc.csv line 55)
osmose[warn] . . . Parameter already defined mortality.additional.larva.rate.sp13 = 13.1641321978825 (from /gpfs/projects/ChenGroup/OSMOSE-HRENYB-GIT/calibration_acc_0908/master/calibration_parameters.osm line 55)
osmose[warn] . . . Osmose will ignore parameter mortality.additional.larva.rate.sp14 = 0.68261201231758 (from /gpfs/projects/ChenGroup/OSMOSE-HRENYB-GIT/osmose-hrenyb-v4.4.1-xiangyan/input/calibration-parameters_acc.csv line 56)
osmose[warn] . . . Parameter already defined mortality.additional.larva.rate.sp14 = 9.14987258714014 (from /gpfs/projects/ChenGroup/OSMOSE-HRENYB-GIT/calibration_acc_0908/master/calibration_parameters.osm line 56)
osmose[warn] . . . Osmose will ignore parameter mortality.additional.larva.rate.sp15 = 20.9294273920258 (from /gpfs/projects/ChenGroup/OSMOSE-HRENYB-GIT/osmose-hrenyb-v4.4.1-xiangyan/input/calibration-parameters_acc.csv line 57)
osmose[warn] . . . Parameter already defined mortality.additional.larva.rate.sp15 = 0.531570608929203 (from /gpfs/projects/ChenGroup/OSMOSE-HRENYB-GIT/calibration_acc_0908/master/calibration_parameters.osm line 57)
osmose[warn] . . . Osmose will ignore parameter mortality.additional.larva.rate.sp16 = 27.0518283480554 (from /gpfs/projects/ChenGroup/OSMOSE-HRENYB-GIT/osmose-hrenyb-v4.4.1-xiangyan/input/calibration-parameters_acc.csv line 58)
osmose[warn] . . . Parameter already defined mortality.additional.larva.rate.sp16 = 145.318327579954 (from /gpfs/projects/ChenGroup/OSMOSE-HRENYB-GIT/calibration_acc_0908/master/calibration_parameters.osm line 58)
osmose[warn] . . . Osmose will ignore parameter predation.ingestion.rate.max.sp0 = 13.0544214851327 (from /gpfs/projects/ChenGroup/OSMOSE-HRENYB-GIT/osmose-hrenyb-v4.4.1-xiangyan/input/calibration-parameters_acc.csv line 59)
osmose[warn] . . . Parameter already defined predation.ingestion.rate.max.sp0 = 13.0544214851327 (from /gpfs/projects/ChenGroup/OSMOSE-HRENYB-GIT/calibration_acc_0908/master/calibration_parameters.osm line 59)
osmose[warn] . . . Osmose will ignore parameter predation.ingestion.rate.max.sp1 = 17.499106054404 (from /gpfs/projects/ChenGroup/OSMOSE-HRENYB-GIT/osmose-hrenyb-v4.4.1-xiangyan/input/calibration-parameters_acc.csv line 60)
osmose[warn] . . . Parameter already defined predation.ingestion.rate.max.sp1 = 17.499106054404 (from /gpfs/projects/ChenGroup/OSMOSE-HRENYB-GIT/calibration_acc_0908/master/calibration_parameters.osm line 60)
osmose[warn] . . . Osmose will ignore parameter predation.ingestion.rate.max.sp2 = 22.2420307181588 (from /gpfs/projects/ChenGroup/OSMOSE-HRENYB-GIT/osmose-hrenyb-v4.4.1-xiangyan/input/calibration-parameters_acc.csv line 61)
osmose[warn] . . . Parameter already defined predation.ingestion.rate.max.sp2 = 22.2420307181588 (from /gpfs/projects/ChenGroup/OSMOSE-HRENYB-GIT/calibration_acc_0908/master/calibration_parameters.osm line 61)
osmose[warn] . . . Osmose will ignore parameter predation.ingestion.rate.max.sp3 = 20.2859341399713 (from /gpfs/projects/ChenGroup/OSMOSE-HRENYB-GIT/osmose-hrenyb-v4.4.1-xiangyan/input/calibration-parameters_acc.csv line 62)
osmose[warn] . . . Parameter already defined predation.ingestion.rate.max.sp3 = 20.2859341399713 (from /gpfs/projects/ChenGroup/OSMOSE-HRENYB-GIT/calibration_acc_0908/master/calibration_parameters.osm line 62)
osmose[warn] . . . Osmose will ignore parameter predation.ingestion.rate.max.sp4 = 30.2452945208137 (from /gpfs/projects/ChenGroup/OSMOSE-HRENYB-GIT/osmose-hrenyb-v4.4.1-xiangyan/input/calibration-parameters_acc.csv line 63)
osmose[warn] . . . Parameter already defined predation.ingestion.rate.max.sp4 = 30.2452945208137 (from /gpfs/projects/ChenGroup/OSMOSE-HRENYB-GIT/calibration_acc_0908/master/calibration_parameters.osm line 63)
osmose[warn] . . . Osmose will ignore parameter predation.ingestion.rate.max.sp5 = 36.3224232421672 (from /gpfs/projects/ChenGroup/OSMOSE-HRENYB-GIT/osmose-hrenyb-v4.4.1-xiangyan/input/calibration-parameters_acc.csv line 64)
osmose[warn] . . . Parameter already defined predation.ingestion.rate.max.sp5 = 36.3224232421672 (from /gpfs/projects/ChenGroup/OSMOSE-HRENYB-GIT/calibration_acc_0908/master/calibration_parameters.osm line 64)
osmose[warn] . . . Osmose will ignore parameter predation.ingestion.rate.max.sp6 = 49.5866509091333 (from /gpfs/projects/ChenGroup/OSMOSE-HRENYB-GIT/osmose-hrenyb-v4.4.1-xiangyan/input/calibration-parameters_acc.csv line 65)
osmose[warn] . . . Parameter already defined predation.ingestion.rate.max.sp6 = 49.5866509091333 (from /gpfs/projects/ChenGroup/OSMOSE-HRENYB-GIT/calibration_acc_0908/master/calibration_parameters.osm line 65)
osmose[warn] . . . Osmose will ignore parameter predation.ingestion.rate.max.sp7 = 3.37758830757062 (from /gpfs/projects/ChenGroup/OSMOSE-HRENYB-GIT/osmose-hrenyb-v4.4.1-xiangyan/input/calibration-parameters_acc.csv line 66)
osmose[warn] . . . Parameter already defined predation.ingestion.rate.max.sp7 = 3.37758830757062 (from /gpfs/projects/ChenGroup/OSMOSE-HRENYB-GIT/calibration_acc_0908/master/calibration_parameters.osm line 66)
osmose[warn] . . . Osmose will ignore parameter predation.ingestion.rate.max.sp8 = 7.20565374073096 (from /gpfs/projects/ChenGroup/OSMOSE-HRENYB-GIT/osmose-hrenyb-v4.4.1-xiangyan/input/calibration-parameters_acc.csv line 67)
osmose[warn] . . . Parameter already defined predation.ingestion.rate.max.sp8 = 7.20565374073096 (from /gpfs/projects/ChenGroup/OSMOSE-HRENYB-GIT/calibration_acc_0908/master/calibration_parameters.osm line 67)
osmose[warn] . . . Osmose will ignore parameter predation.ingestion.rate.max.sp9 = 3.88886103394367 (from /gpfs/projects/ChenGroup/OSMOSE-HRENYB-GIT/osmose-hrenyb-v4.4.1-xiangyan/input/calibration-parameters_acc.csv line 68)
osmose[warn] . . . Parameter already defined predation.ingestion.rate.max.sp9 = 3.88886103394367 (from /gpfs/projects/ChenGroup/OSMOSE-HRENYB-GIT/calibration_acc_0908/master/calibration_parameters.osm line 68)
osmose[warn] . . . Osmose will ignore parameter predation.ingestion.rate.max.sp10 = 18.5111460151249 (from /gpfs/projects/ChenGroup/OSMOSE-HRENYB-GIT/osmose-hrenyb-v4.4.1-xiangyan/input/calibration-parameters_acc.csv line 69)
osmose[warn] . . . Parameter already defined predation.ingestion.rate.max.sp10 = 18.5111460151249 (from /gpfs/projects/ChenGroup/OSMOSE-HRENYB-GIT/calibration_acc_0908/master/calibration_parameters.osm line 69)
osmose[warn] . . . Osmose will ignore parameter predation.ingestion.rate.max.sp11 = 17.2883673390967 (from /gpfs/projects/ChenGroup/OSMOSE-HRENYB-GIT/osmose-hrenyb-v4.4.1-xiangyan/input/calibration-parameters_acc.csv line 70)
osmose[warn] . . . Parameter already defined predation.ingestion.rate.max.sp11 = 17.2883673390967 (from /gpfs/projects/ChenGroup/OSMOSE-HRENYB-GIT/calibration_acc_0908/master/calibration_parameters.osm line 70)
osmose[warn] . . . Osmose will ignore parameter predation.ingestion.rate.max.sp12 = 5.10513824731129 (from /gpfs/projects/ChenGroup/OSMOSE-HRENYB-GIT/osmose-hrenyb-v4.4.1-xiangyan/input/calibration-parameters_acc.csv line 71)
osmose[warn] . . . Parameter already defined predation.ingestion.rate.max.sp12 = 5.10513824731129 (from /gpfs/projects/ChenGroup/OSMOSE-HRENYB-GIT/calibration_acc_0908/master/calibration_parameters.osm line 71)
osmose[warn] . . . Osmose will ignore parameter predation.ingestion.rate.max.sp13 = 18.4475355878404 (from /gpfs/projects/ChenGroup/OSMOSE-HRENYB-GIT/osmose-hrenyb-v4.4.1-xiangyan/input/calibration-parameters_acc.csv line 72)
osmose[warn] . . . Parameter already defined predation.ingestion.rate.max.sp13 = 18.4475355878404 (from /gpfs/projects/ChenGroup/OSMOSE-HRENYB-GIT/calibration_acc_0908/master/calibration_parameters.osm line 72)
osmose[warn] . . . Osmose will ignore parameter predation.ingestion.rate.max.sp14 = 15.4896355511773 (from /gpfs/projects/ChenGroup/OSMOSE-HRENYB-GIT/osmose-hrenyb-v4.4.1-xiangyan/input/calibration-parameters_acc.csv line 73)
osmose[warn] . . . Parameter already defined predation.ingestion.rate.max.sp14 = 15.4896355511773 (from /gpfs/projects/ChenGroup/OSMOSE-HRENYB-GIT/calibration_acc_0908/master/calibration_parameters.osm line 73)
osmose[warn] . . . Osmose will ignore parameter predation.ingestion.rate.max.sp15 = 13.4664660620286 (from /gpfs/projects/ChenGroup/OSMOSE-HRENYB-GIT/osmose-hrenyb-v4.4.1-xiangyan/input/calibration-parameters_acc.csv line 74)
osmose[warn] . . . Parameter already defined predation.ingestion.rate.max.sp15 = 13.4664660620286 (from /gpfs/projects/ChenGroup/OSMOSE-HRENYB-GIT/calibration_acc_0908/master/calibration_parameters.osm line 74)
osmose[warn] . . . Osmose will ignore parameter predation.ingestion.rate.max.sp16 = 10.1902295549493 (from /gpfs/projects/ChenGroup/OSMOSE-HRENYB-GIT/osmose-hrenyb-v4.4.1-xiangyan/input/calibration-parameters_acc.csv line 75)
osmose[warn] . . . Parameter already defined predation.ingestion.rate.max.sp16 = 10.1902295549493 (from /gpfs/projects/ChenGroup/OSMOSE-HRENYB-GIT/calibration_acc_0908/master/calibration_parameters.osm line 75)
osmose[warn] . . . Osmose will ignore parameter species.delta.lmax.factor.sp0 = 1.62169636458467 (from /gpfs/projects/ChenGroup/OSMOSE-HRENYB-GIT/osmose-hrenyb-v4.4.1-xiangyan/input/calibration-parameters_acc.csv line 76)
osmose[warn] . . . Parameter already defined species.delta.lmax.factor.sp0 = 1.44795892046493 (from /gpfs/projects/ChenGroup/OSMOSE-HRENYB-GIT/calibration_acc_0908/master/calibration_parameters.osm line 76)
osmose[warn] . . . Osmose will ignore parameter species.delta.lmax.factor.sp1 = 1.1648067687176 (from /gpfs/projects/ChenGroup/OSMOSE-HRENYB-GIT/osmose-hrenyb-v4.4.1-xiangyan/input/calibration-parameters_acc.csv line 77)
osmose[warn] . . . Parameter already defined species.delta.lmax.factor.sp1 = 1.86253101222987 (from /gpfs/projects/ChenGroup/OSMOSE-HRENYB-GIT/calibration_acc_0908/master/calibration_parameters.osm line 77)
osmose[warn] . . . Osmose will ignore parameter species.delta.lmax.factor.sp2 = 0.828295433462408 (from /gpfs/projects/ChenGroup/OSMOSE-HRENYB-GIT/osmose-hrenyb-v4.4.1-xiangyan/input/calibration-parameters_acc.csv line 78)
osmose[warn] . . . Parameter already defined species.delta.lmax.factor.sp2 = 0.862321957606176 (from /gpfs/projects/ChenGroup/OSMOSE-HRENYB-GIT/calibration_acc_0908/master/calibration_parameters.osm line 78)
osmose[warn] . . . Osmose will ignore parameter species.delta.lmax.factor.sp3 = 1.27273635641051 (from /gpfs/projects/ChenGroup/OSMOSE-HRENYB-GIT/osmose-hrenyb-v4.4.1-xiangyan/input/calibration-parameters_acc.csv line 79)
osmose[warn] . . . Parameter already defined species.delta.lmax.factor.sp3 = 1.18127879094549 (from /gpfs/projects/ChenGroup/OSMOSE-HRENYB-GIT/calibration_acc_0908/master/calibration_parameters.osm line 79)
osmose[warn] . . . Osmose will ignore parameter species.delta.lmax.factor.sp4 = 0.95475001051614 (from /gpfs/projects/ChenGroup/OSMOSE-HRENYB-GIT/osmose-hrenyb-v4.4.1-xiangyan/input/calibration-parameters_acc.csv line 80)
osmose[warn] . . . Parameter already defined species.delta.lmax.factor.sp4 = 0.741439243946529 (from /gpfs/projects/ChenGroup/OSMOSE-HRENYB-GIT/calibration_acc_0908/master/calibration_parameters.osm line 80)
osmose[warn] . . . Osmose will ignore parameter species.delta.lmax.factor.sp5 = 1.57572868496063 (from /gpfs/projects/ChenGroup/OSMOSE-HRENYB-GIT/osmose-hrenyb-v4.4.1-xiangyan/input/calibration-parameters_acc.csv line 81)
osmose[warn] . . . Parameter already defined species.delta.lmax.factor.sp5 = 1.76564851510482 (from /gpfs/projects/ChenGroup/OSMOSE-HRENYB-GIT/calibration_acc_0908/master/calibration_parameters.osm line 81)
osmose[warn] . . . Osmose will ignore parameter species.delta.lmax.factor.sp6 = 1.46064753234845 (from /gpfs/projects/ChenGroup/OSMOSE-HRENYB-GIT/osmose-hrenyb-v4.4.1-xiangyan/input/calibration-parameters_acc.csv line 82)
osmose[warn] . . . Parameter already defined species.delta.lmax.factor.sp6 = 1.13632908611683 (from /gpfs/projects/ChenGroup/OSMOSE-HRENYB-GIT/calibration_acc_0908/master/calibration_parameters.osm line 82)
osmose[warn] . . . Osmose will ignore parameter species.delta.lmax.factor.sp7 = 1.53841410488098 (from /gpfs/projects/ChenGroup/OSMOSE-HRENYB-GIT/osmose-hrenyb-v4.4.1-xiangyan/input/calibration-parameters_acc.csv line 83)
osmose[warn] . . . Parameter already defined species.delta.lmax.factor.sp7 = 1.33785176998856 (from /gpfs/projects/ChenGroup/OSMOSE-HRENYB-GIT/calibration_acc_0908/master/calibration_parameters.osm line 83)
osmose[warn] . . . Osmose will ignore parameter species.delta.lmax.factor.sp8 = 1.80645012609806 (from /gpfs/projects/ChenGroup/OSMOSE-HRENYB-GIT/osmose-hrenyb-v4.4.1-xiangyan/input/calibration-parameters_acc.csv line 84)
osmose[warn] . . . Parameter already defined species.delta.lmax.factor.sp8 = 1.76203902728355 (from /gpfs/projects/ChenGroup/OSMOSE-HRENYB-GIT/calibration_acc_0908/master/calibration_parameters.osm line 84)
osmose[warn] . . . Osmose will ignore parameter species.delta.lmax.factor.sp9 = 1.07010705511042 (from /gpfs/projects/ChenGroup/OSMOSE-HRENYB-GIT/osmose-hrenyb-v4.4.1-xiangyan/input/calibration-parameters_acc.csv line 85)
osmose[warn] . . . Parameter already defined species.delta.lmax.factor.sp9 = 0.969745097291093 (from /gpfs/projects/ChenGroup/OSMOSE-HRENYB-GIT/calibration_acc_0908/master/calibration_parameters.osm line 85)
osmose[warn] . . . Osmose will ignore parameter species.delta.lmax.factor.sp10 = 1.66852979446155 (from /gpfs/projects/ChenGroup/OSMOSE-HRENYB-GIT/osmose-hrenyb-v4.4.1-xiangyan/input/calibration-parameters_acc.csv line 86)
osmose[warn] . . . Parameter already defined species.delta.lmax.factor.sp10 = 1.46092162474696 (from /gpfs/projects/ChenGroup/OSMOSE-HRENYB-GIT/calibration_acc_0908/master/calibration_parameters.osm line 86)
osmose[warn] . . . Osmose will ignore parameter species.delta.lmax.factor.sp11 = 1.54505452976444 (from /gpfs/projects/ChenGroup/OSMOSE-HRENYB-GIT/osmose-hrenyb-v4.4.1-xiangyan/input/calibration-parameters_acc.csv line 87)
osmose[warn] . . . Parameter already defined species.delta.lmax.factor.sp11 = 1.44337546727023 (from /gpfs/projects/ChenGroup/OSMOSE-HRENYB-GIT/calibration_acc_0908/master/calibration_parameters.osm line 87)
osmose[warn] . . . Osmose will ignore parameter species.delta.lmax.factor.sp12 = 1.46397357350166 (from /gpfs/projects/ChenGroup/OSMOSE-HRENYB-GIT/osmose-hrenyb-v4.4.1-xiangyan/input/calibration-parameters_acc.csv line 88)
osmose[warn] . . . Parameter already defined species.delta.lmax.factor.sp12 = 1.18242457383666 (from /gpfs/projects/ChenGroup/OSMOSE-HRENYB-GIT/calibration_acc_0908/master/calibration_parameters.osm line 88)
osmose[warn] . . . Osmose will ignore parameter species.delta.lmax.factor.sp13 = 0.862520507163048 (from /gpfs/projects/ChenGroup/OSMOSE-HRENYB-GIT/osmose-hrenyb-v4.4.1-xiangyan/input/calibration-parameters_acc.csv line 89)
osmose[warn] . . . Parameter already defined species.delta.lmax.factor.sp13 = 0.76895999836261 (from /gpfs/projects/ChenGroup/OSMOSE-HRENYB-GIT/calibration_acc_0908/master/calibration_parameters.osm line 89)
osmose[warn] . . . Osmose will ignore parameter species.delta.lmax.factor.sp14 = 1.49206206597491 (from /gpfs/projects/ChenGroup/OSMOSE-HRENYB-GIT/osmose-hrenyb-v4.4.1-xiangyan/input/calibration-parameters_acc.csv line 90)
osmose[warn] . . . Parameter already defined species.delta.lmax.factor.sp14 = 1.40134733631412 (from /gpfs/projects/ChenGroup/OSMOSE-HRENYB-GIT/calibration_acc_0908/master/calibration_parameters.osm line 90)
osmose[warn] . . . Osmose will ignore parameter species.delta.lmax.factor.sp15 = 0.99819042022322 (from /gpfs/projects/ChenGroup/OSMOSE-HRENYB-GIT/osmose-hrenyb-v4.4.1-xiangyan/input/calibration-parameters_acc.csv line 91)
osmose[warn] . . . Parameter already defined species.delta.lmax.factor.sp15 = 0.841917107459646 (from /gpfs/projects/ChenGroup/OSMOSE-HRENYB-GIT/calibration_acc_0908/master/calibration_parameters.osm line 91)
osmose[warn] . . . Osmose will ignore parameter species.delta.lmax.factor.sp16 = 1.0681731841898 (from /gpfs/projects/ChenGroup/OSMOSE-HRENYB-GIT/osmose-hrenyb-v4.4.1-xiangyan/input/calibration-parameters_acc.csv line 92)
osmose[warn] . . . Parameter already defined species.delta.lmax.factor.sp16 = 1.57578966677519 (from /gpfs/projects/ChenGroup/OSMOSE-HRENYB-GIT/calibration_acc_0908/master/calibration_parameters.osm line 92)
osmose[warn] . . . Osmose will ignore parameter fisheries.rate.base.fsh0 = 0.10724997692096 (from /gpfs/projects/ChenGroup/OSMOSE-HRENYB-GIT/osmose-hrenyb-v4.4.1-xiangyan/input/calibration-parameters_acc.csv line 93)
osmose[warn] . . . Parameter already defined fisheries.rate.base.fsh0 = 0.162286957249986 (from /gpfs/projects/ChenGroup/OSMOSE-HRENYB-GIT/calibration_acc_0908/master/calibration_parameters.osm line 93)
osmose[warn] . . . Osmose will ignore parameter fisheries.rate.byperiod.fsh0 = 0.360000000000001,0.41,0.38,0.47,0.47,0.47,0.58,0.56,0.59,0.95,0.73,0.61,0.61,0.66,0.51,0.48,0.48,0.47,0.57,0.25 (from /gpfs/projects/ChenGroup/OSMOSE-HRENYB-GIT/osmose-hrenyb-v4.4.1-xiangyan/input/calibration-parameters_acc.csv line 94)
osmose[warn] . . . Parameter already defined fisheries.rate.byperiod.fsh0 = 0.360000000000001,0.41,0.38,0.47,0.47,0.47,0.58,0.56,0.59,0.95,0.73,0.61,0.61,0.66,0.51,0.48,0.48,0.47,0.57,0.25 (from /gpfs/projects/ChenGroup/OSMOSE-HRENYB-GIT/calibration_acc_0908/master/calibration_parameters.osm line 94)
osmose[warn] . . . Osmose will ignore parameter fisheries.selectivity.l50.fsh0 = 20 (from /gpfs/projects/ChenGroup/OSMOSE-HRENYB-GIT/osmose-hrenyb-v4.4.1-xiangyan/input/calibration-parameters_acc.csv line 95)
osmose[warn] . . . Parameter already defined fisheries.selectivity.l50.fsh0 = 20 (from /gpfs/projects/ChenGroup/OSMOSE-HRENYB-GIT/calibration_acc_0908/master/calibration_parameters.osm line 95)
osmose[warn] . . . Osmose will ignore parameter fisheries.rate.base.fsh1 = 4.22835927214523 (from /gpfs/projects/ChenGroup/OSMOSE-HRENYB-GIT/osmose-hrenyb-v4.4.1-xiangyan/input/calibration-parameters_acc.csv line 96)
osmose[warn] . . . Parameter already defined fisheries.rate.base.fsh1 = 3.48036783226909 (from /gpfs/projects/ChenGroup/OSMOSE-HRENYB-GIT/calibration_acc_0908/master/calibration_parameters.osm line 96)
osmose[warn] . . . Osmose will ignore parameter fisheries.rate.byperiod.fsh1 = 0.933576732844924,0.759896582,0.756974508,0.562657982,0.328414334,0.600889974,0.504988822,0.765702722,0.511191061,0.325910715,0.326014711,0.338511372,1.098039186,1.048115953,0.515114632,0.535973584,0.397255526,0.583023945,0.541244872,0.207785675 (from /gpfs/projects/ChenGroup/OSMOSE-HRENYB-GIT/osmose-hrenyb-v4.4.1-xiangyan/input/calibration-parameters_acc.csv line 97)
osmose[warn] . . . Parameter already defined fisheries.rate.byperiod.fsh1 = 0.417304915784644,0.94143303985465,0.318028733627984,0.700842319801864,0.403714174749608,0.421884685851922,0.273217508618332,0.668577647843345,0.679588157929115,0.253579153883147,0.391858893931126,0.560256815188033,0.815069557848082,0.2608150901086,0.317772883210114,0.558418541818695,0.299151068067075,0.483316447813522,0.510602093413513,0.574141548116557 (from /gpfs/projects/ChenGroup/OSMOSE-HRENYB-GIT/calibration_acc_0908/master/calibration_parameters.osm line 97)
osmose[warn] . . . Osmose will ignore parameter fisheries.selectivity.l50.fsh1 = 34.44 (from /gpfs/projects/ChenGroup/OSMOSE-HRENYB-GIT/osmose-hrenyb-v4.4.1-xiangyan/input/calibration-parameters_acc.csv line 98)
osmose[warn] . . . Parameter already defined fisheries.selectivity.l50.fsh1 = 34.44 (from /gpfs/projects/ChenGroup/OSMOSE-HRENYB-GIT/calibration_acc_0908/master/calibration_parameters.osm line 98)
osmose[warn] . . . Osmose will ignore parameter fisheries.rate.base.fsh2 = 2.99193519470602 (from /gpfs/projects/ChenGroup/OSMOSE-HRENYB-GIT/osmose-hrenyb-v4.4.1-xiangyan/input/calibration-parameters_acc.csv line 99)
osmose[warn] . . . Parameter already defined fisheries.rate.base.fsh2 = 1.14604298464891 (from /gpfs/projects/ChenGroup/OSMOSE-HRENYB-GIT/calibration_acc_0908/master/calibration_parameters.osm line 99)
osmose[warn] . . . Osmose will ignore parameter fisheries.rate.byperiod.fsh2 = 0.54,0.63,0.65,0.57,0.57,0.51,0.54,0.55,0.48,0.65,0.73,0.4,0.58,0.54,0.4,0.3,0.33,0.51,0.36,0.39 (from /gpfs/projects/ChenGroup/OSMOSE-HRENYB-GIT/osmose-hrenyb-v4.4.1-xiangyan/input/calibration-parameters_acc.csv line 100)
osmose[warn] . . . Parameter already defined fisheries.rate.byperiod.fsh2 = 0.54,0.63,0.65,0.57,0.57,0.51,0.54,0.55,0.48,0.65,0.73,0.4,0.58,0.54,0.4,0.299999999999999,0.33,0.51,0.360000000000001,0.39 (from /gpfs/projects/ChenGroup/OSMOSE-HRENYB-GIT/calibration_acc_0908/master/calibration_parameters.osm line 100)
osmose[warn] . . . Osmose will ignore parameter fisheries.selectivity.l50.fsh2 = 41.91 (from /gpfs/projects/ChenGroup/OSMOSE-HRENYB-GIT/osmose-hrenyb-v4.4.1-xiangyan/input/calibration-parameters_acc.csv line 101)
osmose[warn] . . . Parameter already defined fisheries.selectivity.l50.fsh2 = 41.91 (from /gpfs/projects/ChenGroup/OSMOSE-HRENYB-GIT/calibration_acc_0908/master/calibration_parameters.osm line 101)
osmose[warn] . . . Osmose will ignore parameter fisheries.rate.base.fsh3 = 0.262220340297493 (from /gpfs/projects/ChenGroup/OSMOSE-HRENYB-GIT/osmose-hrenyb-v4.4.1-xiangyan/input/calibration-parameters_acc.csv line 102)
osmose[warn] . . . Parameter already defined fisheries.rate.base.fsh3 = 0.101899057751436 (from /gpfs/projects/ChenGroup/OSMOSE-HRENYB-GIT/calibration_acc_0908/master/calibration_parameters.osm line 102)
osmose[warn] . . . Osmose will ignore parameter fisheries.rate.byperiod.fsh3 = 0.270000000000001,0.14,0.1,0.14,0.12,0.07,0.09,0.09,0.05,0.06,0.08,0.08,0.08,0.11,0.09,0.12,0.09,0.1,0.08,0.09 (from /gpfs/projects/ChenGroup/OSMOSE-HRENYB-GIT/osmose-hrenyb-v4.4.1-xiangyan/input/calibration-parameters_acc.csv line 103)
osmose[warn] . . . Parameter already defined fisheries.rate.byperiod.fsh3 = 0.270000000000001,0.14,0.0999999999999996,0.14,0.12,0.0699999999999999,0.0900000000000002,0.0900000000000002,0.0500000000000001,0.0599999999999998,0.0799999999999996,0.0799999999999996,0.0799999999999996,0.11,0.0900000000000002,0.12,0.0900000000000002,0.0999999999999996,0.0799999999999996,0.0900000000000002 (from /gpfs/projects/ChenGroup/OSMOSE-HRENYB-GIT/calibration_acc_0908/master/calibration_parameters.osm line 103)
osmose[warn] . . . Osmose will ignore parameter fisheries.selectivity.l50.fsh3 = 25.4 (from /gpfs/projects/ChenGroup/OSMOSE-HRENYB-GIT/osmose-hrenyb-v4.4.1-xiangyan/input/calibration-parameters_acc.csv line 104)
osmose[warn] . . . Parameter already defined fisheries.selectivity.l50.fsh3 = 25.4 (from /gpfs/projects/ChenGroup/OSMOSE-HRENYB-GIT/calibration_acc_0908/master/calibration_parameters.osm line 104)
osmose[warn] . . . Osmose will ignore parameter fisheries.rate.base.fsh4 = 0.0560002387721173 (from /gpfs/projects/ChenGroup/OSMOSE-HRENYB-GIT/osmose-hrenyb-v4.4.1-xiangyan/input/calibration-parameters_acc.csv line 105)
osmose[warn] . . . Parameter already defined fisheries.rate.base.fsh4 = 0.224519252646436 (from /gpfs/projects/ChenGroup/OSMOSE-HRENYB-GIT/calibration_acc_0908/master/calibration_parameters.osm line 105)
osmose[warn] . . . Osmose will ignore parameter fisheries.rate.byperiod.fsh4 = 0.0479999999999998,0.04,0.035,0.019,0.023,0.018,0.021,0.026,0.021,0.026,0.019,0.03,0.032,0.03,0.046,0.033,0.044,0.038,0.031,0.042 (from /gpfs/projects/ChenGroup/OSMOSE-HRENYB-GIT/osmose-hrenyb-v4.4.1-xiangyan/input/calibration-parameters_acc.csv line 106)
osmose[warn] . . . Parameter already defined fisheries.rate.byperiod.fsh4 = 0.0479999999999998,0.04,0.0350000000000001,0.0189999999999999,0.0229999999999999,0.0180000000000001,0.0210000000000001,0.0259999999999999,0.0210000000000001,0.0259999999999999,0.0189999999999999,0.0300000000000001,0.032,0.0300000000000001,0.0460000000000001,0.0329999999999999,0.0439999999999998,0.0380000000000001,0.031,0.0419999999999999 (from /gpfs/projects/ChenGroup/OSMOSE-HRENYB-GIT/calibration_acc_0908/master/calibration_parameters.osm line 106)
osmose[warn] . . . Osmose will ignore parameter fisheries.selectivity.l50.fsh4 = 105 (from /gpfs/projects/ChenGroup/OSMOSE-HRENYB-GIT/osmose-hrenyb-v4.4.1-xiangyan/input/calibration-parameters_acc.csv line 107)
osmose[warn] . . . Parameter already defined fisheries.selectivity.l50.fsh4 = 105 (from /gpfs/projects/ChenGroup/OSMOSE-HRENYB-GIT/calibration_acc_0908/master/calibration_parameters.osm line 107)
osmose[warn] . . . Osmose will ignore parameter fisheries.rate.base.fsh5 = 0.830758352510922 (from /gpfs/projects/ChenGroup/OSMOSE-HRENYB-GIT/osmose-hrenyb-v4.4.1-xiangyan/input/calibration-parameters_acc.csv line 108)
osmose[warn] . . . Parameter already defined fisheries.rate.base.fsh5 = 1.18623293915077 (from /gpfs/projects/ChenGroup/OSMOSE-HRENYB-GIT/calibration_acc_0908/master/calibration_parameters.osm line 108)
osmose[warn] . . . Osmose will ignore parameter fisheries.rate.byperiod.fsh5 = 0.177,0.174,0.174,0.191,0.233,0.226,0.257,0.19,0.22,0.204,0.24,0.243,0.232,0.334,0.252,0.215,0.262,0.305,0.284,0.284 (from /gpfs/projects/ChenGroup/OSMOSE-HRENYB-GIT/osmose-hrenyb-v4.4.1-xiangyan/input/calibration-parameters_acc.csv line 109)
osmose[warn] . . . Parameter already defined fisheries.rate.byperiod.fsh5 = 0.177,0.174,0.174,0.190999999999999,0.232999999999999,0.226,0.256999999999999,0.19,0.219999999999999,0.204,0.239999999999999,0.243,0.231999999999999,0.333999999999999,0.252000000000001,0.215000000000001,0.262,0.304999999999999,0.284,0.284 (from /gpfs/projects/ChenGroup/OSMOSE-HRENYB-GIT/calibration_acc_0908/master/calibration_parameters.osm line 109)
osmose[warn] . . . Osmose will ignore parameter fisheries.selectivity.l50.fsh5 = 71.1 (from /gpfs/projects/ChenGroup/OSMOSE-HRENYB-GIT/osmose-hrenyb-v4.4.1-xiangyan/input/calibration-parameters_acc.csv line 110)
osmose[warn] . . . Parameter already defined fisheries.selectivity.l50.fsh5 = 71.1 (from /gpfs/projects/ChenGroup/OSMOSE-HRENYB-GIT/calibration_acc_0908/master/calibration_parameters.osm line 110)
osmose[warn] . . . Osmose will ignore parameter fisheries.rate.base.fsh6 = 0.890630125296712 (from /gpfs/projects/ChenGroup/OSMOSE-HRENYB-GIT/osmose-hrenyb-v4.4.1-xiangyan/input/calibration-parameters_acc.csv line 111)
osmose[warn] . . . Parameter already defined fisheries.rate.base.fsh6 = 0.620260739088967 (from /gpfs/projects/ChenGroup/OSMOSE-HRENYB-GIT/calibration_acc_0908/master/calibration_parameters.osm line 111)
osmose[warn] . . . Osmose will ignore parameter fisheries.rate.byperiod.fsh6 = 0.120362126230178,0.086199263,0.102564462,0.098029898,0.119476829,0.138893241,0.095745458,0.109425264,0.117371912,0.115312688,0.164351303,0.104846718,0.136822426,0.12806877,0.134788256,0.099787293,0.157696223,0.096221647,0.12479128,0.091326746 (from /gpfs/projects/ChenGroup/OSMOSE-HRENYB-GIT/osmose-hrenyb-v4.4.1-xiangyan/input/calibration-parameters_acc.csv line 112)
osmose[warn] . . . Parameter already defined fisheries.rate.byperiod.fsh6 = 0.136888947977776,0.109202851393283,0.136446312596683,0.113303349963229,0.125850734653301,0.109564303210222,0.0849151421740544,0.119414840707192,0.153161674973283,0.107059697230708,0.193234585613045,0.104598135683508,0.124219445837404,0.171482741218608,0.10708760638335,0.119225623451248,0.106053352392397,0.0882556693168203,0.169541650158094,0.0942383174650608 (from /gpfs/projects/ChenGroup/OSMOSE-HRENYB-GIT/calibration_acc_0908/master/calibration_parameters.osm line 112)
osmose[warn] . . . Osmose will ignore parameter fisheries.selectivity.l50.fsh6 = 43.2 (from /gpfs/projects/ChenGroup/OSMOSE-HRENYB-GIT/osmose-hrenyb-v4.4.1-xiangyan/input/calibration-parameters_acc.csv line 113)
osmose[warn] . . . Parameter already defined fisheries.selectivity.l50.fsh6 = 43.2 (from /gpfs/projects/ChenGroup/OSMOSE-HRENYB-GIT/calibration_acc_0908/master/calibration_parameters.osm line 113)
osmose[warn] . . . Osmose will ignore parameter fisheries.rate.base.fsh7 = 1.24183509711729 (from /gpfs/projects/ChenGroup/OSMOSE-HRENYB-GIT/osmose-hrenyb-v4.4.1-xiangyan/input/calibration-parameters_acc.csv line 114)
osmose[warn] . . . Parameter already defined fisheries.rate.base.fsh7 = 0.268825111145966 (from /gpfs/projects/ChenGroup/OSMOSE-HRENYB-GIT/calibration_acc_0908/master/calibration_parameters.osm line 114)
osmose[warn] . . . Osmose will ignore parameter fisheries.rate.byperiod.fsh7 = 0.55,0.66,0.58,0.55,0.45,0.37,0.48,0.38,0.28,0.126,0.076,0.097,0.121,0.178,0.173,0.175,0.187,0.167,0.125,0.092 (from /gpfs/projects/ChenGroup/OSMOSE-HRENYB-GIT/osmose-hrenyb-v4.4.1-xiangyan/input/calibration-parameters_acc.csv line 115)
osmose[warn] . . . Parameter already defined fisheries.rate.byperiod.fsh7 = 0.55,0.66,0.58,0.55,0.45,0.37,0.48,0.38,0.279999999999999,0.126,0.0759999999999997,0.0970000000000004,0.121,0.178,0.173,0.175000000000001,0.187,0.167,0.124999999999999,0.0919999999999997 (from /gpfs/projects/ChenGroup/OSMOSE-HRENYB-GIT/calibration_acc_0908/master/calibration_parameters.osm line 115)
osmose[warn] . . . Osmose will ignore parameter fisheries.selectivity.l50.fsh7 = 30.5 (from /gpfs/projects/ChenGroup/OSMOSE-HRENYB-GIT/osmose-hrenyb-v4.4.1-xiangyan/input/calibration-parameters_acc.csv line 116)
osmose[warn] . . . Parameter already defined fisheries.selectivity.l50.fsh7 = 30.5 (from /gpfs/projects/ChenGroup/OSMOSE-HRENYB-GIT/calibration_acc_0908/master/calibration_parameters.osm line 116)
osmose[warn] . . . Osmose will ignore parameter fisheries.rate.base.fsh8 = 0.10376934651917 (from /gpfs/projects/ChenGroup/OSMOSE-HRENYB-GIT/osmose-hrenyb-v4.4.1-xiangyan/input/calibration-parameters_acc.csv line 117)
osmose[warn] . . . Parameter already defined fisheries.rate.base.fsh8 = 0.0645833169126691 (from /gpfs/projects/ChenGroup/OSMOSE-HRENYB-GIT/calibration_acc_0908/master/calibration_parameters.osm line 117)
osmose[warn] . . . Osmose will ignore parameter fisheries.rate.byperiod.fsh8 = 0.124999999999999,0.125,0.16,0.103,0.242,0.3,0.16,0.115,0.16,0.16,0.104,0.156,0.14,0.103,0.178,0.178,0.253,0.224,0.224,0.195 (from /gpfs/projects/ChenGroup/OSMOSE-HRENYB-GIT/osmose-hrenyb-v4.4.1-xiangyan/input/calibration-parameters_acc.csv line 118)
osmose[warn] . . . Parameter already defined fisheries.rate.byperiod.fsh8 = 0.124999999999999,0.124999999999999,0.16,0.103,0.242,0.299999999999999,0.16,0.115,0.16,0.16,0.104,0.156,0.14,0.103,0.178,0.178,0.252999999999999,0.223999999999999,0.223999999999999,0.195 (from /gpfs/projects/ChenGroup/OSMOSE-HRENYB-GIT/calibration_acc_0908/master/calibration_parameters.osm line 118)
osmose[warn] . . . Osmose will ignore parameter fisheries.selectivity.l50.fsh8 = 16.5 (from /gpfs/projects/ChenGroup/OSMOSE-HRENYB-GIT/osmose-hrenyb-v4.4.1-xiangyan/input/calibration-parameters_acc.csv line 119)
osmose[warn] . . . Parameter already defined fisheries.selectivity.l50.fsh8 = 16.5 (from /gpfs/projects/ChenGroup/OSMOSE-HRENYB-GIT/calibration_acc_0908/master/calibration_parameters.osm line 119)
osmose[warn] . . . Osmose will ignore parameter fisheries.rate.base.fsh9 = 1.42129312585717 (from /gpfs/projects/ChenGroup/OSMOSE-HRENYB-GIT/osmose-hrenyb-v4.4.1-xiangyan/input/calibration-parameters_acc.csv line 120)
osmose[warn] . . . Parameter already defined fisheries.rate.base.fsh9 = 0.139293295459067 (from /gpfs/projects/ChenGroup/OSMOSE-HRENYB-GIT/calibration_acc_0908/master/calibration_parameters.osm line 120)
osmose[warn] . . . Osmose will ignore parameter fisheries.rate.byperiod.fsh9 = 0.695,0.464,0.424,0.407,0.436,0.457,0.337,0.257,0.329,0.349,0.389,0.46,0.43,0.473,0.439,0.427,0.428,0.345,0.304,0.37 (from /gpfs/projects/ChenGroup/OSMOSE-HRENYB-GIT/osmose-hrenyb-v4.4.1-xiangyan/input/calibration-parameters_acc.csv line 121)
osmose[warn] . . . Parameter already defined fisheries.rate.byperiod.fsh9 = 0.695,0.464,0.424,0.407,0.436,0.457,0.336999999999998,0.256999999999999,0.328999999999998,0.349,0.389,0.46,0.43,0.473,0.439,0.427,0.428,0.344999999999999,0.303999999999999,0.37 (from /gpfs/projects/ChenGroup/OSMOSE-HRENYB-GIT/calibration_acc_0908/master/calibration_parameters.osm line 121)
osmose[warn] . . . Osmose will ignore parameter fisheries.selectivity.l50.fsh9 = 49.53 (from /gpfs/projects/ChenGroup/OSMOSE-HRENYB-GIT/osmose-hrenyb-v4.4.1-xiangyan/input/calibration-parameters_acc.csv line 122)
osmose[warn] . . . Parameter already defined fisheries.selectivity.l50.fsh9 = 49.53 (from /gpfs/projects/ChenGroup/OSMOSE-HRENYB-GIT/calibration_acc_0908/master/calibration_parameters.osm line 122)
osmose[warn] . . . Osmose will ignore parameter fisheries.rate.base.fsh10 = 0.0957850697859092 (from /gpfs/projects/ChenGroup/OSMOSE-HRENYB-GIT/osmose-hrenyb-v4.4.1-xiangyan/input/calibration-parameters_acc.csv line 123)
osmose[warn] . . . Parameter already defined fisheries.rate.base.fsh10 = 0.595395015512708 (from /gpfs/projects/ChenGroup/OSMOSE-HRENYB-GIT/calibration_acc_0908/master/calibration_parameters.osm line 123)
osmose[warn] . . . Osmose will ignore parameter fisheries.rate.byperiod.fsh10 = 0.103065028532685,0.144701042,0.16915557,0.141641931,0.144078658,0.09509004,0.161251637,0.093431335,0.125538743,0.15438902,0.150461456,0.150283941,0.175566029,0.116357451,0.173000994,0.118714166,0.165653305,0.114110943,0.10893718,0.126234383 (from /gpfs/projects/ChenGroup/OSMOSE-HRENYB-GIT/osmose-hrenyb-v4.4.1-xiangyan/input/calibration-parameters_acc.csv line 124)
osmose[warn] . . . Parameter already defined fisheries.rate.byperiod.fsh10 = 0.176429467796492,0.113323273382395,0.0885016711087847,0.139930064565922,0.0885808703553466,0.105808114275016,0.113548806170129,0.117352210097268,0.113109094490442,0.163023904546113,0.12175137001159,0.156855299157089,0.157402844826274,0.143229951700317,0.101922623540627,0.0990800352364194,0.150802844816659,0.0913155482626504,0.0826478593844628,0.109839359709541 (from /gpfs/projects/ChenGroup/OSMOSE-HRENYB-GIT/calibration_acc_0908/master/calibration_parameters.osm line 124)
osmose[warn] . . . Osmose will ignore parameter fisheries.selectivity.l50.fsh10 = 45 (from /gpfs/projects/ChenGroup/OSMOSE-HRENYB-GIT/osmose-hrenyb-v4.4.1-xiangyan/input/calibration-parameters_acc.csv line 125)
osmose[warn] . . . Parameter already defined fisheries.selectivity.l50.fsh10 = 45 (from /gpfs/projects/ChenGroup/OSMOSE-HRENYB-GIT/calibration_acc_0908/master/calibration_parameters.osm line 125)
osmose[warn] . . . Osmose will ignore parameter fisheries.rate.base.fsh11 = 0.898671039577376 (from /gpfs/projects/ChenGroup/OSMOSE-HRENYB-GIT/osmose-hrenyb-v4.4.1-xiangyan/input/calibration-parameters_acc.csv line 126)
osmose[warn] . . . Parameter already defined fisheries.rate.base.fsh11 = 0.104248237473186 (from /gpfs/projects/ChenGroup/OSMOSE-HRENYB-GIT/calibration_acc_0908/master/calibration_parameters.osm line 126)
osmose[warn] . . . Osmose will ignore parameter fisheries.rate.byperiod.fsh11 = 0.691687221759923,1.74986853,0.504890523,1.388381646,1.170765378,1.534991953,0.676158593,0.759892337,0.553151024,1.009909592,0.912544204,1.053195495,1.215112987,1.820389509,1.063649099,1.568215816,1.367988936,0.755510851,0.853643238,1.308610071 (from /gpfs/projects/ChenGroup/OSMOSE-HRENYB-GIT/osmose-hrenyb-v4.4.1-xiangyan/input/calibration-parameters_acc.csv line 127)
osmose[warn] . . . Parameter already defined fisheries.rate.byperiod.fsh11 = 0.971438001813425,1.28669577953987,0.476042382732835,0.794871164150029,1.26544090234092,1.8305767505982,0.626752744373955,0.525400569803044,0.316053098261679,1.42819836541101,0.585124355150642,0.891793361186025,0.829693198369922,0.836307888100477,1.23812824231318,1.05630780405297,1.55327534730583,0.448316758689876,1.22169155253536,1.1276880422055 (from /gpfs/projects/ChenGroup/OSMOSE-HRENYB-GIT/calibration_acc_0908/master/calibration_parameters.osm line 127)
osmose[warn] . . . Osmose will ignore parameter fisheries.selectivity.l50.fsh11 = 27.84 (from /gpfs/projects/ChenGroup/OSMOSE-HRENYB-GIT/osmose-hrenyb-v4.4.1-xiangyan/input/calibration-parameters_acc.csv line 128)
osmose[warn] . . . Parameter already defined fisheries.selectivity.l50.fsh11 = 27.84 (from /gpfs/projects/ChenGroup/OSMOSE-HRENYB-GIT/calibration_acc_0908/master/calibration_parameters.osm line 128)
osmose[warn] . . . Osmose will ignore parameter fisheries.rate.base.fsh12 = 0.14497237950173 (from /gpfs/projects/ChenGroup/OSMOSE-HRENYB-GIT/osmose-hrenyb-v4.4.1-xiangyan/input/calibration-parameters_acc.csv line 129)
osmose[warn] . . . Parameter already defined fisheries.rate.base.fsh12 = 0.601677294996802 (from /gpfs/projects/ChenGroup/OSMOSE-HRENYB-GIT/calibration_acc_0908/master/calibration_parameters.osm line 129)
osmose[warn] . . . Osmose will ignore parameter fisheries.rate.byperiod.fsh12 = 0.101,0.177,0.106,0.101,0.058,0.035,0.05,0.026,0.05,0.038,0.031,0.066,0.051,0.059,0.224,0.142,0.117,0.218,0.121,0.195 (from /gpfs/projects/ChenGroup/OSMOSE-HRENYB-GIT/osmose-hrenyb-v4.4.1-xiangyan/input/calibration-parameters_acc.csv line 130)
osmose[warn] . . . Parameter already defined fisheries.rate.byperiod.fsh12 = 0.101,0.177,0.106,0.101,0.0579999999999999,0.0350000000000001,0.0500000000000001,0.0259999999999999,0.0500000000000001,0.0380000000000001,0.031,0.0660000000000001,0.0510000000000001,0.0589999999999998,0.223999999999999,0.141999999999999,0.117,0.218,0.121,0.195 (from /gpfs/projects/ChenGroup/OSMOSE-HRENYB-GIT/calibration_acc_0908/master/calibration_parameters.osm line 130)
osmose[warn] . . . Osmose will ignore parameter fisheries.selectivity.l50.fsh12 = 5 (from /gpfs/projects/ChenGroup/OSMOSE-HRENYB-GIT/osmose-hrenyb-v4.4.1-xiangyan/input/calibration-parameters_acc.csv line 131)
osmose[warn] . . . Parameter already defined fisheries.selectivity.l50.fsh12 = 5 (from /gpfs/projects/ChenGroup/OSMOSE-HRENYB-GIT/calibration_acc_0908/master/calibration_parameters.osm line 131)
osmose[warn] . . . Osmose will ignore parameter fisheries.rate.base.fsh13 = 0.170650160732516 (from /gpfs/projects/ChenGroup/OSMOSE-HRENYB-GIT/osmose-hrenyb-v4.4.1-xiangyan/input/calibration-parameters_acc.csv line 132)
osmose[warn] . . . Parameter already defined fisheries.rate.base.fsh13 = 0.111727989163418 (from /gpfs/projects/ChenGroup/OSMOSE-HRENYB-GIT/calibration_acc_0908/master/calibration_parameters.osm line 132)
osmose[warn] . . . Osmose will ignore parameter fisheries.rate.byperiod.fsh13 = 0.138,0.202,0.227,0.247,0.224,0.378,0.362,0.352,0.242,0.344,0.276,0.215,0.296,0.185,0.248,0.197,0.222,0.183,0.224,0.455 (from /gpfs/projects/ChenGroup/OSMOSE-HRENYB-GIT/osmose-hrenyb-v4.4.1-xiangyan/input/calibration-parameters_acc.csv line 133)
osmose[warn] . . . Parameter already defined fisheries.rate.byperiod.fsh13 = 0.138,0.202,0.227000000000001,0.247,0.223999999999999,0.378,0.361999999999999,0.352,0.242,0.344,0.275999999999999,0.215000000000001,0.295999999999999,0.185,0.248000000000001,0.197,0.221999999999999,0.182999999999999,0.223999999999999,0.455 (from /gpfs/projects/ChenGroup/OSMOSE-HRENYB-GIT/calibration_acc_0908/master/calibration_parameters.osm line 133)
osmose[warn] . . . Osmose will ignore parameter fisheries.selectivity.l50.fsh13 = 21 (from /gpfs/projects/ChenGroup/OSMOSE-HRENYB-GIT/osmose-hrenyb-v4.4.1-xiangyan/input/calibration-parameters_acc.csv line 134)
osmose[warn] . . . Parameter already defined fisheries.selectivity.l50.fsh13 = 21 (from /gpfs/projects/ChenGroup/OSMOSE-HRENYB-GIT/calibration_acc_0908/master/calibration_parameters.osm line 134)
osmose[warn] . . . Osmose will ignore parameter fisheries.rate.base.fsh14 = 0.681828616164688 (from /gpfs/projects/ChenGroup/OSMOSE-HRENYB-GIT/osmose-hrenyb-v4.4.1-xiangyan/input/calibration-parameters_acc.csv line 135)
osmose[warn] . . . Parameter already defined fisheries.rate.base.fsh14 = 0.91087118841279 (from /gpfs/projects/ChenGroup/OSMOSE-HRENYB-GIT/calibration_acc_0908/master/calibration_parameters.osm line 135)
osmose[warn] . . . Osmose will ignore parameter fisheries.rate.byperiod.fsh14 = 0.175910000000001,0.1878,0.16361,0.15123,0.1758,0.18097,0.21972,0.19134,0.16115,0.16043,0.22015,0.21097,0.16686,0.12222,0.16163,0.20792,0.21792,0.19764,0.2396,0.31001 (from /gpfs/projects/ChenGroup/OSMOSE-HRENYB-GIT/osmose-hrenyb-v4.4.1-xiangyan/input/calibration-parameters_acc.csv line 136)
osmose[warn] . . . Parameter already defined fisheries.rate.byperiod.fsh14 = 0.175910000000001,0.187800000000001,0.16361,0.15123,0.1758,0.18097,0.219719999999999,0.191339999999999,0.16115,0.16043,0.220150000000001,0.210969999999999,0.16686,0.12222,0.16163,0.20792,0.21792,0.19764,0.239600000000001,0.31001 (from /gpfs/projects/ChenGroup/OSMOSE-HRENYB-GIT/calibration_acc_0908/master/calibration_parameters.osm line 136)
osmose[warn] . . . Osmose will ignore parameter fisheries.selectivity.l50.fsh14 = 26.5 (from /gpfs/projects/ChenGroup/OSMOSE-HRENYB-GIT/osmose-hrenyb-v4.4.1-xiangyan/input/calibration-parameters_acc.csv line 137)
osmose[warn] . . . Parameter already defined fisheries.selectivity.l50.fsh14 = 26.5 (from /gpfs/projects/ChenGroup/OSMOSE-HRENYB-GIT/calibration_acc_0908/master/calibration_parameters.osm line 137)
osmose[warn] . . Osmose will ignore parameter species.accessibility2fish.sp17 = 0.03505406859764 (from /gpfs/projects/ChenGroup/OSMOSE-HRENYB-GIT/osmose-hrenyb-v4.4.1-xiangyan/osmose-hrenyb_acc.R line 210)
osmose[warn] . . Parameter already defined species.accessibility2fish.sp17 = 0.000118997374838801 (from /gpfs/projects/ChenGroup/OSMOSE-HRENYB-GIT/calibration_acc_0908/master/calibration_parameters.osm line 1)
osmose[warn] . . Osmose will ignore parameter species.accessibility2fish.sp18 = 0.0316690568898034 (from /gpfs/projects/ChenGroup/OSMOSE-HRENYB-GIT/osmose-hrenyb-v4.4.1-xiangyan/osmose-hrenyb_acc.R line 211)
osmose[warn] . . Parameter already defined species.accessibility2fish.sp18 = 0.0223239433450871 (from /gpfs/projects/ChenGroup/OSMOSE-HRENYB-GIT/calibration_acc_0908/master/calibration_parameters.osm line 2)
osmose[warn] . . Osmose will ignore parameter species.accessibility2fish.sp19 = 0.5 (from /gpfs/projects/ChenGroup/OSMOSE-HRENYB-GIT/osmose-hrenyb-v4.4.1-xiangyan/osmose-hrenyb_acc.R line 213)
osmose[warn] . . Parameter already defined species.accessibility2fish.sp19 = 0.876441245185431 (from /gpfs/projects/ChenGroup/OSMOSE-HRENYB-GIT/calibration_acc_0908/master/calibration_parameters.osm line 3)
osmose[warn] . . Osmose will ignore parameter species.accessibility2fish.sp20 = 0.0563422613350325 (from /gpfs/projects/ChenGroup/OSMOSE-HRENYB-GIT/osmose-hrenyb-v4.4.1-xiangyan/osmose-hrenyb_acc.R line 214)
osmose[warn] . . Parameter already defined species.accessibility2fish.sp20 = 0.0073975158774541 (from /gpfs/projects/ChenGroup/OSMOSE-HRENYB-GIT/calibration_acc_0908/master/calibration_parameters.osm line 4)
osmose[warn] . . Osmose will ignore parameter species.accessibility2fish.sp21 = 0.339110018009877 (from /gpfs/projects/ChenGroup/OSMOSE-HRENYB-GIT/osmose-hrenyb-v4.4.1-xiangyan/osmose-hrenyb_acc.R line 215)
osmose[warn] . . Parameter already defined species.accessibility2fish.sp21 = 0.999759326702155 (from /gpfs/projects/ChenGroup/OSMOSE-HRENYB-GIT/calibration_acc_0908/master/calibration_parameters.osm line 5)
osmose[warn] . . Osmose will ignore parameter species.accessibility2fish.sp22 = 0.0464219829591125 (from /gpfs/projects/ChenGroup/OSMOSE-HRENYB-GIT/osmose-hrenyb-v4.4.1-xiangyan/osmose-hrenyb_acc.R line 216)
osmose[warn] . . Parameter already defined species.accessibility2fish.sp22 = 0.0211243925264501 (from /gpfs/projects/ChenGroup/OSMOSE-HRENYB-GIT/calibration_acc_0908/master/calibration_parameters.osm line 6)
osmose[warn] . . Osmose will ignore parameter species.accessibility2fish.sp23 = 0.5 (from /gpfs/projects/ChenGroup/OSMOSE-HRENYB-GIT/osmose-hrenyb-v4.4.1-xiangyan/osmose-hrenyb_acc.R line 218)
osmose[warn] . . Parameter already defined species.accessibility2fish.sp23 = 0.0927909638378088 (from /gpfs/projects/ChenGroup/OSMOSE-HRENYB-GIT/calibration_acc_0908/master/calibration_parameters.osm line 7)
osmose[warn] . . Osmose will ignore parameter species.accessibility2fish.sp24 = 0.8 (from /gpfs/projects/ChenGroup/OSMOSE-HRENYB-GIT/osmose-hrenyb-v4.4.1-xiangyan/osmose-hrenyb_acc.R line 219)
osmose[warn] . . Parameter already defined species.accessibility2fish.sp24 = 0.235540353029769 (from /gpfs/projects/ChenGroup/OSMOSE-HRENYB-GIT/calibration_acc_0908/master/calibration_parameters.osm line 8)
osmose[warn] . . Osmose will ignore parameter species.delta.lmax.factor.sp0 = 1 (from /gpfs/projects/ChenGroup/OSMOSE-HRENYB-GIT/osmose-hrenyb-v4.4.1-xiangyan/osmose-hrenyb_acc.R line 343)
osmose[warn] . . Parameter already defined species.delta.lmax.factor.sp0 = 1.44795892046493 (from /gpfs/projects/ChenGroup/OSMOSE-HRENYB-GIT/calibration_acc_0908/master/calibration_parameters.osm line 76)
osmose[warn] . . Osmose will ignore parameter species.delta.lmax.factor.sp1 = 1 (from /gpfs/projects/ChenGroup/OSMOSE-HRENYB-GIT/osmose-hrenyb-v4.4.1-xiangyan/osmose-hrenyb_acc.R line 344)
osmose[warn] . . Parameter already defined species.delta.lmax.factor.sp1 = 1.86253101222987 (from /gpfs/projects/ChenGroup/OSMOSE-HRENYB-GIT/calibration_acc_0908/master/calibration_parameters.osm line 77)
osmose[warn] . . Osmose will ignore parameter species.delta.lmax.factor.sp2 = 1 (from /gpfs/projects/ChenGroup/OSMOSE-HRENYB-GIT/osmose-hrenyb-v4.4.1-xiangyan/osmose-hrenyb_acc.R line 345)
osmose[warn] . . Parameter already defined species.delta.lmax.factor.sp2 = 0.862321957606176 (from /gpfs/projects/ChenGroup/OSMOSE-HRENYB-GIT/calibration_acc_0908/master/calibration_parameters.osm line 78)
osmose[warn] . . Osmose will ignore parameter species.delta.lmax.factor.sp3 = 1 (from /gpfs/projects/ChenGroup/OSMOSE-HRENYB-GIT/osmose-hrenyb-v4.4.1-xiangyan/osmose-hrenyb_acc.R line 346)
osmose[warn] . . Parameter already defined species.delta.lmax.factor.sp3 = 1.18127879094549 (from /gpfs/projects/ChenGroup/OSMOSE-HRENYB-GIT/calibration_acc_0908/master/calibration_parameters.osm line 79)
osmose[warn] . . Osmose will ignore parameter species.delta.lmax.factor.sp4 = 1 (from /gpfs/projects/ChenGroup/OSMOSE-HRENYB-GIT/osmose-hrenyb-v4.4.1-xiangyan/osmose-hrenyb_acc.R line 347)
osmose[warn] . . Parameter already defined species.delta.lmax.factor.sp4 = 0.741439243946529 (from /gpfs/projects/ChenGroup/OSMOSE-HRENYB-GIT/calibration_acc_0908/master/calibration_parameters.osm line 80)
osmose[warn] . . Osmose will ignore parameter species.delta.lmax.factor.sp5 = 1 (from /gpfs/projects/ChenGroup/OSMOSE-HRENYB-GIT/osmose-hrenyb-v4.4.1-xiangyan/osmose-hrenyb_acc.R line 348)
osmose[warn] . . Parameter already defined species.delta.lmax.factor.sp5 = 1.76564851510482 (from /gpfs/projects/ChenGroup/OSMOSE-HRENYB-GIT/calibration_acc_0908/master/calibration_parameters.osm line 81)
osmose[warn] . . Osmose will ignore parameter species.delta.lmax.factor.sp6 = 1 (from /gpfs/projects/ChenGroup/OSMOSE-HRENYB-GIT/osmose-hrenyb-v4.4.1-xiangyan/osmose-hrenyb_acc.R line 349)
osmose[warn] . . Parameter already defined species.delta.lmax.factor.sp6 = 1.13632908611683 (from /gpfs/projects/ChenGroup/OSMOSE-HRENYB-GIT/calibration_acc_0908/master/calibration_parameters.osm line 82)
osmose[warn] . . Osmose will ignore parameter species.delta.lmax.factor.sp7 = 1 (from /gpfs/projects/ChenGroup/OSMOSE-HRENYB-GIT/osmose-hrenyb-v4.4.1-xiangyan/osmose-hrenyb_acc.R line 350)
osmose[warn] . . Parameter already defined species.delta.lmax.factor.sp7 = 1.33785176998856 (from /gpfs/projects/ChenGroup/OSMOSE-HRENYB-GIT/calibration_acc_0908/master/calibration_parameters.osm line 83)
osmose[warn] . . Osmose will ignore parameter species.delta.lmax.factor.sp8 = 1 (from /gpfs/projects/ChenGroup/OSMOSE-HRENYB-GIT/osmose-hrenyb-v4.4.1-xiangyan/osmose-hrenyb_acc.R line 351)
osmose[warn] . . Parameter already defined species.delta.lmax.factor.sp8 = 1.76203902728355 (from /gpfs/projects/ChenGroup/OSMOSE-HRENYB-GIT/calibration_acc_0908/master/calibration_parameters.osm line 84)
osmose[warn] . . Osmose will ignore parameter species.delta.lmax.factor.sp9 = 1 (from /gpfs/projects/ChenGroup/OSMOSE-HRENYB-GIT/osmose-hrenyb-v4.4.1-xiangyan/osmose-hrenyb_acc.R line 352)
osmose[warn] . . Parameter already defined species.delta.lmax.factor.sp9 = 0.969745097291093 (from /gpfs/projects/ChenGroup/OSMOSE-HRENYB-GIT/calibration_acc_0908/master/calibration_parameters.osm line 85)
osmose[warn] . . Osmose will ignore parameter species.delta.lmax.factor.sp10 = 1 (from /gpfs/projects/ChenGroup/OSMOSE-HRENYB-GIT/osmose-hrenyb-v4.4.1-xiangyan/osmose-hrenyb_acc.R line 353)
osmose[warn] . . Parameter already defined species.delta.lmax.factor.sp10 = 1.46092162474696 (from /gpfs/projects/ChenGroup/OSMOSE-HRENYB-GIT/calibration_acc_0908/master/calibration_parameters.osm line 86)
osmose[warn] . . Osmose will ignore parameter species.delta.lmax.factor.sp11 = 1 (from /gpfs/projects/ChenGroup/OSMOSE-HRENYB-GIT/osmose-hrenyb-v4.4.1-xiangyan/osmose-hrenyb_acc.R line 354)
osmose[warn] . . Parameter already defined species.delta.lmax.factor.sp11 = 1.44337546727023 (from /gpfs/projects/ChenGroup/OSMOSE-HRENYB-GIT/calibration_acc_0908/master/calibration_parameters.osm line 87)
osmose[warn] . . Osmose will ignore parameter species.delta.lmax.factor.sp12 = 1 (from /gpfs/projects/ChenGroup/OSMOSE-HRENYB-GIT/osmose-hrenyb-v4.4.1-xiangyan/osmose-hrenyb_acc.R line 355)
osmose[warn] . . Parameter already defined species.delta.lmax.factor.sp12 = 1.18242457383666 (from /gpfs/projects/ChenGroup/OSMOSE-HRENYB-GIT/calibration_acc_0908/master/calibration_parameters.osm line 88)
osmose[warn] . . Osmose will ignore parameter species.delta.lmax.factor.sp13 = 1 (from /gpfs/projects/ChenGroup/OSMOSE-HRENYB-GIT/osmose-hrenyb-v4.4.1-xiangyan/osmose-hrenyb_acc.R line 356)
osmose[warn] . . Parameter already defined species.delta.lmax.factor.sp13 = 0.76895999836261 (from /gpfs/projects/ChenGroup/OSMOSE-HRENYB-GIT/calibration_acc_0908/master/calibration_parameters.osm line 89)
osmose[warn] . . Osmose will ignore parameter species.delta.lmax.factor.sp14 = 1 (from /gpfs/projects/ChenGroup/OSMOSE-HRENYB-GIT/osmose-hrenyb-v4.4.1-xiangyan/osmose-hrenyb_acc.R line 357)
osmose[warn] . . Parameter already defined species.delta.lmax.factor.sp14 = 1.40134733631412 (from /gpfs/projects/ChenGroup/OSMOSE-HRENYB-GIT/calibration_acc_0908/master/calibration_parameters.osm line 90)
osmose[warn] . . Osmose will ignore parameter species.delta.lmax.factor.sp15 = 1 (from /gpfs/projects/ChenGroup/OSMOSE-HRENYB-GIT/osmose-hrenyb-v4.4.1-xiangyan/osmose-hrenyb_acc.R line 358)
osmose[warn] . . Parameter already defined species.delta.lmax.factor.sp15 = 0.841917107459646 (from /gpfs/projects/ChenGroup/OSMOSE-HRENYB-GIT/calibration_acc_0908/master/calibration_parameters.osm line 91)
osmose[warn] . . Osmose will ignore parameter species.delta.lmax.factor.sp16 = 1 (from /gpfs/projects/ChenGroup/OSMOSE-HRENYB-GIT/osmose-hrenyb-v4.4.1-xiangyan/osmose-hrenyb_acc.R line 359)
osmose[warn] . . Parameter already defined species.delta.lmax.factor.sp16 = 1.57578966677519 (from /gpfs/projects/ChenGroup/OSMOSE-HRENYB-GIT/calibration_acc_0908/master/calibration_parameters.osm line 92)
osmose[warn] . . Osmose will ignore parameter mortality.additional.rate.sp0 = 0.2 (from /gpfs/projects/ChenGroup/OSMOSE-HRENYB-GIT/osmose-hrenyb-v4.4.1-xiangyan/osmose-hrenyb_acc.R line 552)
osmose[warn] . . Parameter already defined mortality.additional.rate.sp0 = 0.00225291822875532 (from /gpfs/projects/ChenGroup/OSMOSE-HRENYB-GIT/calibration_acc_0908/master/calibration_parameters.osm line 26)
osmose[warn] . . Osmose will ignore parameter mortality.additional.rate.sp1 = 0.2 (from /gpfs/projects/ChenGroup/OSMOSE-HRENYB-GIT/osmose-hrenyb-v4.4.1-xiangyan/osmose-hrenyb_acc.R line 553)
osmose[warn] . . Parameter already defined mortality.additional.rate.sp1 = 6.90272055904337 (from /gpfs/projects/ChenGroup/OSMOSE-HRENYB-GIT/calibration_acc_0908/master/calibration_parameters.osm line 27)
osmose[warn] . . Osmose will ignore parameter mortality.additional.rate.sp2 = 0.2 (from /gpfs/projects/ChenGroup/OSMOSE-HRENYB-GIT/osmose-hrenyb-v4.4.1-xiangyan/osmose-hrenyb_acc.R line 554)
osmose[warn] . . Parameter already defined mortality.additional.rate.sp2 = 0.000462170348765368 (from /gpfs/projects/ChenGroup/OSMOSE-HRENYB-GIT/calibration_acc_0908/master/calibration_parameters.osm line 28)
osmose[warn] . . Osmose will ignore parameter mortality.additional.rate.sp3 = 0.2 (from /gpfs/projects/ChenGroup/OSMOSE-HRENYB-GIT/osmose-hrenyb-v4.4.1-xiangyan/osmose-hrenyb_acc.R line 555)
osmose[warn] . . Parameter already defined mortality.additional.rate.sp3 = 0.00102726468633786 (from /gpfs/projects/ChenGroup/OSMOSE-HRENYB-GIT/calibration_acc_0908/master/calibration_parameters.osm line 29)
osmose[warn] . . Osmose will ignore parameter mortality.additional.rate.sp4 = 0.2 (from /gpfs/projects/ChenGroup/OSMOSE-HRENYB-GIT/osmose-hrenyb-v4.4.1-xiangyan/osmose-hrenyb_acc.R line 556)
osmose[warn] . . Parameter already defined mortality.additional.rate.sp4 = 0.0809267278718211 (from /gpfs/projects/ChenGroup/OSMOSE-HRENYB-GIT/calibration_acc_0908/master/calibration_parameters.osm line 30)
osmose[warn] . . Osmose will ignore parameter mortality.additional.rate.sp5 = 0.2 (from /gpfs/projects/ChenGroup/OSMOSE-HRENYB-GIT/osmose-hrenyb-v4.4.1-xiangyan/osmose-hrenyb_acc.R line 557)
osmose[warn] . . Parameter already defined mortality.additional.rate.sp5 = 0.0299544534838078 (from /gpfs/projects/ChenGroup/OSMOSE-HRENYB-GIT/calibration_acc_0908/master/calibration_parameters.osm line 31)
osmose[warn] . . Osmose will ignore parameter mortality.additional.rate.sp6 = 0.2 (from /gpfs/projects/ChenGroup/OSMOSE-HRENYB-GIT/osmose-hrenyb-v4.4.1-xiangyan/osmose-hrenyb_acc.R line 558)
osmose[warn] . . Parameter already defined mortality.additional.rate.sp6 = 0.00206801136579786 (from /gpfs/projects/ChenGroup/OSMOSE-HRENYB-GIT/calibration_acc_0908/master/calibration_parameters.osm line 32)
osmose[warn] . . Osmose will ignore parameter mortality.additional.rate.sp7 = 0.2 (from /gpfs/projects/ChenGroup/OSMOSE-HRENYB-GIT/osmose-hrenyb-v4.4.1-xiangyan/osmose-hrenyb_acc.R line 559)
osmose[warn] . . Parameter already defined mortality.additional.rate.sp7 = 0.000507429788820464 (from /gpfs/projects/ChenGroup/OSMOSE-HRENYB-GIT/calibration_acc_0908/master/calibration_parameters.osm line 33)
osmose[warn] . . Osmose will ignore parameter mortality.additional.rate.sp8 = 0.2 (from /gpfs/projects/ChenGroup/OSMOSE-HRENYB-GIT/osmose-hrenyb-v4.4.1-xiangyan/osmose-hrenyb_acc.R line 560)
osmose[warn] . . Parameter already defined mortality.additional.rate.sp8 = 0.105226632238023 (from /gpfs/projects/ChenGroup/OSMOSE-HRENYB-GIT/calibration_acc_0908/master/calibration_parameters.osm line 34)
osmose[warn] . . Osmose will ignore parameter mortality.additional.rate.sp9 = 0.2 (from /gpfs/projects/ChenGroup/OSMOSE-HRENYB-GIT/osmose-hrenyb-v4.4.1-xiangyan/osmose-hrenyb_acc.R line 561)
osmose[warn] . . Parameter already defined mortality.additional.rate.sp9 = 0.0125953653225641 (from /gpfs/projects/ChenGroup/OSMOSE-HRENYB-GIT/calibration_acc_0908/master/calibration_parameters.osm line 35)
osmose[warn] . . Osmose will ignore parameter mortality.additional.rate.sp10 = 0.2 (from /gpfs/projects/ChenGroup/OSMOSE-HRENYB-GIT/osmose-hrenyb-v4.4.1-xiangyan/osmose-hrenyb_acc.R line 562)
osmose[warn] . . Parameter already defined mortality.additional.rate.sp10 = 0.0111694500102982 (from /gpfs/projects/ChenGroup/OSMOSE-HRENYB-GIT/calibration_acc_0908/master/calibration_parameters.osm line 36)
osmose[warn] . . Osmose will ignore parameter mortality.additional.rate.sp11 = 0.2 (from /gpfs/projects/ChenGroup/OSMOSE-HRENYB-GIT/osmose-hrenyb-v4.4.1-xiangyan/osmose-hrenyb_acc.R line 563)
osmose[warn] . . Parameter already defined mortality.additional.rate.sp11 = 0.0393901986158109 (from /gpfs/projects/ChenGroup/OSMOSE-HRENYB-GIT/calibration_acc_0908/master/calibration_parameters.osm line 37)
osmose[warn] . . Osmose will ignore parameter mortality.additional.rate.sp12 = 0.2 (from /gpfs/projects/ChenGroup/OSMOSE-HRENYB-GIT/osmose-hrenyb-v4.4.1-xiangyan/osmose-hrenyb_acc.R line 564)
osmose[warn] . . Parameter already defined mortality.additional.rate.sp12 = 0.00975271021700407 (from /gpfs/projects/ChenGroup/OSMOSE-HRENYB-GIT/calibration_acc_0908/master/calibration_parameters.osm line 38)
osmose[warn] . . Osmose will ignore parameter mortality.additional.rate.sp13 = 0.2 (from /gpfs/projects/ChenGroup/OSMOSE-HRENYB-GIT/osmose-hrenyb-v4.4.1-xiangyan/osmose-hrenyb_acc.R line 565)
osmose[warn] . . Parameter already defined mortality.additional.rate.sp13 = 0.000214724942302395 (from /gpfs/projects/ChenGroup/OSMOSE-HRENYB-GIT/calibration_acc_0908/master/calibration_parameters.osm line 39)
osmose[warn] . . Osmose will ignore parameter mortality.additional.rate.sp14 = 0.2 (from /gpfs/projects/ChenGroup/OSMOSE-HRENYB-GIT/osmose-hrenyb-v4.4.1-xiangyan/osmose-hrenyb_acc.R line 566)
osmose[warn] . . Parameter already defined mortality.additional.rate.sp14 = 0.0607086264840249 (from /gpfs/projects/ChenGroup/OSMOSE-HRENYB-GIT/calibration_acc_0908/master/calibration_parameters.osm line 40)
osmose[warn] . . Osmose will ignore parameter mortality.additional.rate.sp15 = 0.2 (from /gpfs/projects/ChenGroup/OSMOSE-HRENYB-GIT/osmose-hrenyb-v4.4.1-xiangyan/osmose-hrenyb_acc.R line 567)
osmose[warn] . . Parameter already defined mortality.additional.rate.sp15 = 0.272158123408171 (from /gpfs/projects/ChenGroup/OSMOSE-HRENYB-GIT/calibration_acc_0908/master/calibration_parameters.osm line 41)
osmose[warn] . . Osmose will ignore parameter mortality.additional.rate.sp16 = 0.2 (from /gpfs/projects/ChenGroup/OSMOSE-HRENYB-GIT/osmose-hrenyb-v4.4.1-xiangyan/osmose-hrenyb_acc.R line 568)
osmose[warn] . . Parameter already defined mortality.additional.rate.sp16 = 0.599029343799797 (from /gpfs/projects/ChenGroup/OSMOSE-HRENYB-GIT/calibration_acc_0908/master/calibration_parameters.osm line 42)
osmose[warn] . . Osmose will ignore parameter mortality.additional.larva.rate.sp0 = 1 (from /gpfs/projects/ChenGroup/OSMOSE-HRENYB-GIT/osmose-hrenyb-v4.4.1-xiangyan/osmose-hrenyb_acc.R line 570)
osmose[warn] . . Parameter already defined mortality.additional.larva.rate.sp0 = 0.311416339769513 (from /gpfs/projects/ChenGroup/OSMOSE-HRENYB-GIT/calibration_acc_0908/master/calibration_parameters.osm line 43)
osmose[warn] . . Osmose will ignore parameter mortality.additional.larva.rate.sp1 = 1 (from /gpfs/projects/ChenGroup/OSMOSE-HRENYB-GIT/osmose-hrenyb-v4.4.1-xiangyan/osmose-hrenyb_acc.R line 571)
osmose[warn] . . Parameter already defined mortality.additional.larva.rate.sp1 = 2.37541199749914 (from /gpfs/projects/ChenGroup/OSMOSE-HRENYB-GIT/calibration_acc_0908/master/calibration_parameters.osm line 44)
osmose[warn] . . Osmose will ignore parameter mortality.additional.larva.rate.sp2 = 1 (from /gpfs/projects/ChenGroup/OSMOSE-HRENYB-GIT/osmose-hrenyb-v4.4.1-xiangyan/osmose-hrenyb_acc.R line 572)
osmose[warn] . . Parameter already defined mortality.additional.larva.rate.sp2 = 11.6588451798328 (from /gpfs/projects/ChenGroup/OSMOSE-HRENYB-GIT/calibration_acc_0908/master/calibration_parameters.osm line 45)
osmose[warn] . . Osmose will ignore parameter mortality.additional.larva.rate.sp3 = 1 (from /gpfs/projects/ChenGroup/OSMOSE-HRENYB-GIT/osmose-hrenyb-v4.4.1-xiangyan/osmose-hrenyb_acc.R line 573)
osmose[warn] . . Parameter already defined mortality.additional.larva.rate.sp3 = 0.521158232196396 (from /gpfs/projects/ChenGroup/OSMOSE-HRENYB-GIT/calibration_acc_0908/master/calibration_parameters.osm line 46)
osmose[warn] . . Osmose will ignore parameter mortality.additional.larva.rate.sp5 = 1 (from /gpfs/projects/ChenGroup/OSMOSE-HRENYB-GIT/osmose-hrenyb-v4.4.1-xiangyan/osmose-hrenyb_acc.R line 575)
osmose[warn] . . Parameter already defined mortality.additional.larva.rate.sp5 = 564.22818061413 (from /gpfs/projects/ChenGroup/OSMOSE-HRENYB-GIT/calibration_acc_0908/master/calibration_parameters.osm line 47)
osmose[warn] . . Osmose will ignore parameter mortality.additional.larva.rate.sp6 = 1 (from /gpfs/projects/ChenGroup/OSMOSE-HRENYB-GIT/osmose-hrenyb-v4.4.1-xiangyan/osmose-hrenyb_acc.R line 576)
osmose[warn] . . Parameter already defined mortality.additional.larva.rate.sp6 = 274.36091070672 (from /gpfs/projects/ChenGroup/OSMOSE-HRENYB-GIT/calibration_acc_0908/master/calibration_parameters.osm line 48)
osmose[warn] . . Osmose will ignore parameter mortality.additional.larva.rate.sp7 = 1 (from /gpfs/projects/ChenGroup/OSMOSE-HRENYB-GIT/osmose-hrenyb-v4.4.1-xiangyan/osmose-hrenyb_acc.R line 577)
osmose[warn] . . Parameter already defined mortality.additional.larva.rate.sp7 = 104.317994481132 (from /gpfs/projects/ChenGroup/OSMOSE-HRENYB-GIT/calibration_acc_0908/master/calibration_parameters.osm line 49)
osmose[warn] . . Osmose will ignore parameter mortality.additional.larva.rate.sp8 = 1 (from /gpfs/projects/ChenGroup/OSMOSE-HRENYB-GIT/osmose-hrenyb-v4.4.1-xiangyan/osmose-hrenyb_acc.R line 578)
osmose[warn] . . Parameter already defined mortality.additional.larva.rate.sp8 = 4.44442949466998 (from /gpfs/projects/ChenGroup/OSMOSE-HRENYB-GIT/calibration_acc_0908/master/calibration_parameters.osm line 50)
osmose[warn] . . Osmose will ignore parameter mortality.additional.larva.rate.sp9 = 1 (from /gpfs/projects/ChenGroup/OSMOSE-HRENYB-GIT/osmose-hrenyb-v4.4.1-xiangyan/osmose-hrenyb_acc.R line 579)
osmose[warn] . . Parameter already defined mortality.additional.larva.rate.sp9 = 72.6700632672868 (from /gpfs/projects/ChenGroup/OSMOSE-HRENYB-GIT/calibration_acc_0908/master/calibration_parameters.osm line 51)
osmose[warn] . . Osmose will ignore parameter mortality.additional.larva.rate.sp10 = 1 (from /gpfs/projects/ChenGroup/OSMOSE-HRENYB-GIT/osmose-hrenyb-v4.4.1-xiangyan/osmose-hrenyb_acc.R line 580)
osmose[warn] . . Parameter already defined mortality.additional.larva.rate.sp10 = 116.132903013829 (from /gpfs/projects/ChenGroup/OSMOSE-HRENYB-GIT/calibration_acc_0908/master/calibration_parameters.osm line 52)
osmose[warn] . . Osmose will ignore parameter mortality.additional.larva.rate.sp11 = 1 (from /gpfs/projects/ChenGroup/OSMOSE-HRENYB-GIT/osmose-hrenyb-v4.4.1-xiangyan/osmose-hrenyb_acc.R line 581)
osmose[warn] . . Parameter already defined mortality.additional.larva.rate.sp11 = 14.091705886196 (from /gpfs/projects/ChenGroup/OSMOSE-HRENYB-GIT/calibration_acc_0908/master/calibration_parameters.osm line 53)
osmose[warn] . . Osmose will ignore parameter mortality.additional.larva.rate.sp12 = 1 (from /gpfs/projects/ChenGroup/OSMOSE-HRENYB-GIT/osmose-hrenyb-v4.4.1-xiangyan/osmose-hrenyb_acc.R line 582)
osmose[warn] . . Parameter already defined mortality.additional.larva.rate.sp12 = 0.611284331342297 (from /gpfs/projects/ChenGroup/OSMOSE-HRENYB-GIT/calibration_acc_0908/master/calibration_parameters.osm line 54)
osmose[warn] . . Osmose will ignore parameter mortality.additional.larva.rate.sp13 = 1 (from /gpfs/projects/ChenGroup/OSMOSE-HRENYB-GIT/osmose-hrenyb-v4.4.1-xiangyan/osmose-hrenyb_acc.R line 583)
osmose[warn] . . Parameter already defined mortality.additional.larva.rate.sp13 = 13.1641321978825 (from /gpfs/projects/ChenGroup/OSMOSE-HRENYB-GIT/calibration_acc_0908/master/calibration_parameters.osm line 55)
osmose[warn] . . Osmose will ignore parameter mortality.additional.larva.rate.sp14 = 1 (from /gpfs/projects/ChenGroup/OSMOSE-HRENYB-GIT/osmose-hrenyb-v4.4.1-xiangyan/osmose-hrenyb_acc.R line 584)
osmose[warn] . . Parameter already defined mortality.additional.larva.rate.sp14 = 9.14987258714014 (from /gpfs/projects/ChenGroup/OSMOSE-HRENYB-GIT/calibration_acc_0908/master/calibration_parameters.osm line 56)
osmose[warn] . . Osmose will ignore parameter mortality.additional.larva.rate.sp15 = 1 (from /gpfs/projects/ChenGroup/OSMOSE-HRENYB-GIT/osmose-hrenyb-v4.4.1-xiangyan/osmose-hrenyb_acc.R line 585)
osmose[warn] . . Parameter already defined mortality.additional.larva.rate.sp15 = 0.531570608929203 (from /gpfs/projects/ChenGroup/OSMOSE-HRENYB-GIT/calibration_acc_0908/master/calibration_parameters.osm line 57)
osmose[warn] . . Osmose will ignore parameter mortality.additional.larva.rate.sp16 = 1 (from /gpfs/projects/ChenGroup/OSMOSE-HRENYB-GIT/osmose-hrenyb-v4.4.1-xiangyan/osmose-hrenyb_acc.R line 586)
osmose[warn] . . Parameter already defined mortality.additional.larva.rate.sp16 = 145.318327579954 (from /gpfs/projects/ChenGroup/OSMOSE-HRENYB-GIT/calibration_acc_0908/master/calibration_parameters.osm line 58)
osmose[warn] . . Osmose will ignore parameter predation.ingestion.rate.max.sp0 = 13.0544214851327 (from /gpfs/projects/ChenGroup/OSMOSE-HRENYB-GIT/osmose-hrenyb-v4.4.1-xiangyan/osmose-hrenyb_acc.R line 669)
osmose[warn] . . Parameter already defined predation.ingestion.rate.max.sp0 = 13.0544214851327 (from /gpfs/projects/ChenGroup/OSMOSE-HRENYB-GIT/calibration_acc_0908/master/calibration_parameters.osm line 59)
osmose[warn] . . Osmose will ignore parameter predation.ingestion.rate.max.sp1 = 17.4991060544038 (from /gpfs/projects/ChenGroup/OSMOSE-HRENYB-GIT/osmose-hrenyb-v4.4.1-xiangyan/osmose-hrenyb_acc.R line 670)
osmose[warn] . . Parameter already defined predation.ingestion.rate.max.sp1 = 17.499106054404 (from /gpfs/projects/ChenGroup/OSMOSE-HRENYB-GIT/calibration_acc_0908/master/calibration_parameters.osm line 60)
osmose[warn] . . Osmose will ignore parameter predation.ingestion.rate.max.sp2 = 22.2420307181586 (from /gpfs/projects/ChenGroup/OSMOSE-HRENYB-GIT/osmose-hrenyb-v4.4.1-xiangyan/osmose-hrenyb_acc.R line 671)
osmose[warn] . . Parameter already defined predation.ingestion.rate.max.sp2 = 22.2420307181588 (from /gpfs/projects/ChenGroup/OSMOSE-HRENYB-GIT/calibration_acc_0908/master/calibration_parameters.osm line 61)
osmose[warn] . . Osmose will ignore parameter predation.ingestion.rate.max.sp3 = 20.2859341399712 (from /gpfs/projects/ChenGroup/OSMOSE-HRENYB-GIT/osmose-hrenyb-v4.4.1-xiangyan/osmose-hrenyb_acc.R line 672)
osmose[warn] . . Parameter already defined predation.ingestion.rate.max.sp3 = 20.2859341399713 (from /gpfs/projects/ChenGroup/OSMOSE-HRENYB-GIT/calibration_acc_0908/master/calibration_parameters.osm line 62)
osmose[warn] . . Osmose will ignore parameter predation.ingestion.rate.max.sp4 = 30.2452945208134 (from /gpfs/projects/ChenGroup/OSMOSE-HRENYB-GIT/osmose-hrenyb-v4.4.1-xiangyan/osmose-hrenyb_acc.R line 673)
osmose[warn] . . Parameter already defined predation.ingestion.rate.max.sp4 = 30.2452945208137 (from /gpfs/projects/ChenGroup/OSMOSE-HRENYB-GIT/calibration_acc_0908/master/calibration_parameters.osm line 63)
osmose[warn] . . Osmose will ignore parameter predation.ingestion.rate.max.sp5 = 36.3224232421668 (from /gpfs/projects/ChenGroup/OSMOSE-HRENYB-GIT/osmose-hrenyb-v4.4.1-xiangyan/osmose-hrenyb_acc.R line 674)
osmose[warn] . . Parameter already defined predation.ingestion.rate.max.sp5 = 36.3224232421672 (from /gpfs/projects/ChenGroup/OSMOSE-HRENYB-GIT/calibration_acc_0908/master/calibration_parameters.osm line 64)
osmose[warn] . . Osmose will ignore parameter predation.ingestion.rate.max.sp6 = 49.5866509091337 (from /gpfs/projects/ChenGroup/OSMOSE-HRENYB-GIT/osmose-hrenyb-v4.4.1-xiangyan/osmose-hrenyb_acc.R line 675)
osmose[warn] . . Parameter already defined predation.ingestion.rate.max.sp6 = 49.5866509091333 (from /gpfs/projects/ChenGroup/OSMOSE-HRENYB-GIT/calibration_acc_0908/master/calibration_parameters.osm line 65)
osmose[warn] . . Osmose will ignore parameter predation.ingestion.rate.max.sp7 = 21.5470681545784 (from /gpfs/projects/ChenGroup/OSMOSE-HRENYB-GIT/osmose-hrenyb-v4.4.1-xiangyan/osmose-hrenyb_acc.R line 676)
osmose[warn] . . Parameter already defined predation.ingestion.rate.max.sp7 = 3.37758830757062 (from /gpfs/projects/ChenGroup/OSMOSE-HRENYB-GIT/calibration_acc_0908/master/calibration_parameters.osm line 66)
osmose[warn] . . Osmose will ignore parameter predation.ingestion.rate.max.sp8 = 7.20565374073095 (from /gpfs/projects/ChenGroup/OSMOSE-HRENYB-GIT/osmose-hrenyb-v4.4.1-xiangyan/osmose-hrenyb_acc.R line 677)
osmose[warn] . . Parameter already defined predation.ingestion.rate.max.sp8 = 7.20565374073096 (from /gpfs/projects/ChenGroup/OSMOSE-HRENYB-GIT/calibration_acc_0908/master/calibration_parameters.osm line 67)
osmose[warn] . . Osmose will ignore parameter predation.ingestion.rate.max.sp9 = 28.1982290484333 (from /gpfs/projects/ChenGroup/OSMOSE-HRENYB-GIT/osmose-hrenyb-v4.4.1-xiangyan/osmose-hrenyb_acc.R line 678)
osmose[warn] . . Parameter already defined predation.ingestion.rate.max.sp9 = 3.88886103394367 (from /gpfs/projects/ChenGroup/OSMOSE-HRENYB-GIT/calibration_acc_0908/master/calibration_parameters.osm line 68)
osmose[warn] . . Osmose will ignore parameter predation.ingestion.rate.max.sp10 = 18.5111460151248 (from /gpfs/projects/ChenGroup/OSMOSE-HRENYB-GIT/osmose-hrenyb-v4.4.1-xiangyan/osmose-hrenyb_acc.R line 679)
osmose[warn] . . Parameter already defined predation.ingestion.rate.max.sp10 = 18.5111460151249 (from /gpfs/projects/ChenGroup/OSMOSE-HRENYB-GIT/calibration_acc_0908/master/calibration_parameters.osm line 69)
osmose[warn] . . Osmose will ignore parameter predation.ingestion.rate.max.sp11 = 17.2883673390966 (from /gpfs/projects/ChenGroup/OSMOSE-HRENYB-GIT/osmose-hrenyb-v4.4.1-xiangyan/osmose-hrenyb_acc.R line 680)
osmose[warn] . . Parameter already defined predation.ingestion.rate.max.sp11 = 17.2883673390967 (from /gpfs/projects/ChenGroup/OSMOSE-HRENYB-GIT/calibration_acc_0908/master/calibration_parameters.osm line 70)
osmose[warn] . . Osmose will ignore parameter predation.ingestion.rate.max.sp12 = 5.10513824731129 (from /gpfs/projects/ChenGroup/OSMOSE-HRENYB-GIT/osmose-hrenyb-v4.4.1-xiangyan/osmose-hrenyb_acc.R line 681)
osmose[warn] . . Parameter already defined predation.ingestion.rate.max.sp12 = 5.10513824731129 (from /gpfs/projects/ChenGroup/OSMOSE-HRENYB-GIT/calibration_acc_0908/master/calibration_parameters.osm line 71)
osmose[warn] . . Osmose will ignore parameter predation.ingestion.rate.max.sp13 = 18.4475355878403 (from /gpfs/projects/ChenGroup/OSMOSE-HRENYB-GIT/osmose-hrenyb-v4.4.1-xiangyan/osmose-hrenyb_acc.R line 682)
osmose[warn] . . Parameter already defined predation.ingestion.rate.max.sp13 = 18.4475355878404 (from /gpfs/projects/ChenGroup/OSMOSE-HRENYB-GIT/calibration_acc_0908/master/calibration_parameters.osm line 72)
osmose[warn] . . Osmose will ignore parameter predation.ingestion.rate.max.sp14 = 15.4896355511775 (from /gpfs/projects/ChenGroup/OSMOSE-HRENYB-GIT/osmose-hrenyb-v4.4.1-xiangyan/osmose-hrenyb_acc.R line 683)
osmose[warn] . . Parameter already defined predation.ingestion.rate.max.sp14 = 15.4896355511773 (from /gpfs/projects/ChenGroup/OSMOSE-HRENYB-GIT/calibration_acc_0908/master/calibration_parameters.osm line 73)
osmose[warn] . . Osmose will ignore parameter predation.ingestion.rate.max.sp15 = 13.4664660620286 (from /gpfs/projects/ChenGroup/OSMOSE-HRENYB-GIT/osmose-hrenyb-v4.4.1-xiangyan/osmose-hrenyb_acc.R line 684)
osmose[warn] . . Parameter already defined predation.ingestion.rate.max.sp15 = 13.4664660620286 (from /gpfs/projects/ChenGroup/OSMOSE-HRENYB-GIT/calibration_acc_0908/master/calibration_parameters.osm line 74)
osmose[warn] . . Osmose will ignore parameter predation.ingestion.rate.max.sp16 = 10.1902295549492 (from /gpfs/projects/ChenGroup/OSMOSE-HRENYB-GIT/osmose-hrenyb-v4.4.1-xiangyan/osmose-hrenyb_acc.R line 685)
osmose[warn] . . Parameter already defined predation.ingestion.rate.max.sp16 = 10.1902295549493 (from /gpfs/projects/ChenGroup/OSMOSE-HRENYB-GIT/calibration_acc_0908/master/calibration_parameters.osm line 75)
osmose[warn] . . Osmose will ignore parameter fisheries.selectivity.l50.fsh0 = 20 (from /gpfs/projects/ChenGroup/OSMOSE-HRENYB-GIT/osmose-hrenyb-v4.4.1-xiangyan/osmose-hrenyb_acc.R line 755)
osmose[warn] . . Parameter already defined fisheries.selectivity.l50.fsh0 = 20 (from /gpfs/projects/ChenGroup/OSMOSE-HRENYB-GIT/calibration_acc_0908/master/calibration_parameters.osm line 95)
osmose[warn] . . Osmose will ignore parameter fisheries.rate.base.fsh0 = 1 (from /gpfs/projects/ChenGroup/OSMOSE-HRENYB-GIT/osmose-hrenyb-v4.4.1-xiangyan/osmose-hrenyb_acc.R line 761)
osmose[warn] . . Parameter already defined fisheries.rate.base.fsh0 = 0.162286957249986 (from /gpfs/projects/ChenGroup/OSMOSE-HRENYB-GIT/calibration_acc_0908/master/calibration_parameters.osm line 93)
osmose[warn] . . Osmose will ignore parameter fisheries.rate.byperiod.fsh0 = 0.36, 0.41, 0.38, 0.47, 0.47, 0.47, 0.58, 0.56, 0.59, 0.95, 0.73, 0.61, 0.61, 0.66, 0.51, 0.48, 0.48, 0.47, 0.57, 0.25 (from /gpfs/projects/ChenGroup/OSMOSE-HRENYB-GIT/osmose-hrenyb-v4.4.1-xiangyan/osmose-hrenyb_acc.R line 763)
osmose[warn] . . Parameter already defined fisheries.rate.byperiod.fsh0 = 0.360000000000001,0.41,0.38,0.47,0.47,0.47,0.58,0.56,0.59,0.95,0.73,0.61,0.61,0.66,0.51,0.48,0.48,0.47,0.57,0.25 (from /gpfs/projects/ChenGroup/OSMOSE-HRENYB-GIT/calibration_acc_0908/master/calibration_parameters.osm line 94)
osmose[warn] . . Osmose will ignore parameter fisheries.selectivity.l50.fsh1 = 34.44 (from /gpfs/projects/ChenGroup/OSMOSE-HRENYB-GIT/osmose-hrenyb-v4.4.1-xiangyan/osmose-hrenyb_acc.R line 775)
osmose[warn] . . Parameter already defined fisheries.selectivity.l50.fsh1 = 34.44 (from /gpfs/projects/ChenGroup/OSMOSE-HRENYB-GIT/calibration_acc_0908/master/calibration_parameters.osm line 98)
osmose[warn] . . Osmose will ignore parameter fisheries.rate.base.fsh1 = 1 (from /gpfs/projects/ChenGroup/OSMOSE-HRENYB-GIT/osmose-hrenyb-v4.4.1-xiangyan/osmose-hrenyb_acc.R line 780)
osmose[warn] . . Parameter already defined fisheries.rate.base.fsh1 = 3.48036783226909 (from /gpfs/projects/ChenGroup/OSMOSE-HRENYB-GIT/calibration_acc_0908/master/calibration_parameters.osm line 96)
osmose[warn] . . Osmose will ignore parameter fisheries.rate.byperiod.fsh1 = 0.63791663214942,0.233584159,0.34699362,0.356353734,0.595365222,0.441618336,0.980275266,0.426339901,0.841626175,0.784320504,0.350457488,0.270049418,0.348104502,1.007648248,0.512002015,0.909595467,0.587247215,0.718723413,0.265596079,0.204854151 (from /gpfs/projects/ChenGroup/OSMOSE-HRENYB-GIT/osmose-hrenyb-v4.4.1-xiangyan/osmose-hrenyb_acc.R line 782)
osmose[warn] . . Parameter already defined fisheries.rate.byperiod.fsh1 = 0.417304915784644,0.94143303985465,0.318028733627984,0.700842319801864,0.403714174749608,0.421884685851922,0.273217508618332,0.668577647843345,0.679588157929115,0.253579153883147,0.391858893931126,0.560256815188033,0.815069557848082,0.2608150901086,0.317772883210114,0.558418541818695,0.299151068067075,0.483316447813522,0.510602093413513,0.574141548116557 (from /gpfs/projects/ChenGroup/OSMOSE-HRENYB-GIT/calibration_acc_0908/master/calibration_parameters.osm line 97)
osmose[warn] . . Osmose will ignore parameter fisheries.selectivity.l50.fsh2 = 41.91 (from /gpfs/projects/ChenGroup/OSMOSE-HRENYB-GIT/osmose-hrenyb-v4.4.1-xiangyan/osmose-hrenyb_acc.R line 794)
osmose[warn] . . Parameter already defined fisheries.selectivity.l50.fsh2 = 41.91 (from /gpfs/projects/ChenGroup/OSMOSE-HRENYB-GIT/calibration_acc_0908/master/calibration_parameters.osm line 101)
osmose[warn] . . Osmose will ignore parameter fisheries.rate.base.fsh2 = 1 (from /gpfs/projects/ChenGroup/OSMOSE-HRENYB-GIT/osmose-hrenyb-v4.4.1-xiangyan/osmose-hrenyb_acc.R line 799)
osmose[warn] . . Parameter already defined fisheries.rate.base.fsh2 = 1.14604298464891 (from /gpfs/projects/ChenGroup/OSMOSE-HRENYB-GIT/calibration_acc_0908/master/calibration_parameters.osm line 99)
osmose[warn] . . Osmose will ignore parameter fisheries.rate.byperiod.fsh2 = 0.54, 0.63, 0.65, 0.57, 0.57, 0.51, 0.54, 0.55, 0.48, 0.65, 0.73, 0.4, 0.58, 0.54, 0.4, 0.3, 0.33, 0.51, 0.36, 0.39 (from /gpfs/projects/ChenGroup/OSMOSE-HRENYB-GIT/osmose-hrenyb-v4.4.1-xiangyan/osmose-hrenyb_acc.R line 801)
osmose[warn] . . Parameter already defined fisheries.rate.byperiod.fsh2 = 0.54,0.63,0.65,0.57,0.57,0.51,0.54,0.55,0.48,0.65,0.73,0.4,0.58,0.54,0.4,0.299999999999999,0.33,0.51,0.360000000000001,0.39 (from /gpfs/projects/ChenGroup/OSMOSE-HRENYB-GIT/calibration_acc_0908/master/calibration_parameters.osm line 100)
osmose[warn] . . Osmose will ignore parameter fisheries.selectivity.l50.fsh3 = 25.4 (from /gpfs/projects/ChenGroup/OSMOSE-HRENYB-GIT/osmose-hrenyb-v4.4.1-xiangyan/osmose-hrenyb_acc.R line 813)
osmose[warn] . . Parameter already defined fisheries.selectivity.l50.fsh3 = 25.4 (from /gpfs/projects/ChenGroup/OSMOSE-HRENYB-GIT/calibration_acc_0908/master/calibration_parameters.osm line 104)
osmose[warn] . . Osmose will ignore parameter fisheries.rate.base.fsh3 = 1 (from /gpfs/projects/ChenGroup/OSMOSE-HRENYB-GIT/osmose-hrenyb-v4.4.1-xiangyan/osmose-hrenyb_acc.R line 818)
osmose[warn] . . Parameter already defined fisheries.rate.base.fsh3 = 0.101899057751436 (from /gpfs/projects/ChenGroup/OSMOSE-HRENYB-GIT/calibration_acc_0908/master/calibration_parameters.osm line 102)
osmose[warn] . . Osmose will ignore parameter fisheries.rate.byperiod.fsh3 = 0.27, 0.14, 0.1, 0.14, 0.12, 0.07, 0.09, 0.09, 0.05, 0.06, 0.08, 0.08, 0.08, 0.11, 0.09, 0.12, 0.09, 0.1, 0.08, 0.09 (from /gpfs/projects/ChenGroup/OSMOSE-HRENYB-GIT/osmose-hrenyb-v4.4.1-xiangyan/osmose-hrenyb_acc.R line 820)
osmose[warn] . . Parameter already defined fisheries.rate.byperiod.fsh3 = 0.270000000000001,0.14,0.0999999999999996,0.14,0.12,0.0699999999999999,0.0900000000000002,0.0900000000000002,0.0500000000000001,0.0599999999999998,0.0799999999999996,0.0799999999999996,0.0799999999999996,0.11,0.0900000000000002,0.12,0.0900000000000002,0.0999999999999996,0.0799999999999996,0.0900000000000002 (from /gpfs/projects/ChenGroup/OSMOSE-HRENYB-GIT/calibration_acc_0908/master/calibration_parameters.osm line 103)
osmose[warn] . . Osmose will ignore parameter fisheries.selectivity.l50.fsh4 = 105 (from /gpfs/projects/ChenGroup/OSMOSE-HRENYB-GIT/osmose-hrenyb-v4.4.1-xiangyan/osmose-hrenyb_acc.R line 832)
osmose[warn] . . Parameter already defined fisheries.selectivity.l50.fsh4 = 105 (from /gpfs/projects/ChenGroup/OSMOSE-HRENYB-GIT/calibration_acc_0908/master/calibration_parameters.osm line 107)
osmose[warn] . . Osmose will ignore parameter fisheries.rate.base.fsh4 = 1 (from /gpfs/projects/ChenGroup/OSMOSE-HRENYB-GIT/osmose-hrenyb-v4.4.1-xiangyan/osmose-hrenyb_acc.R line 837)
osmose[warn] . . Parameter already defined fisheries.rate.base.fsh4 = 0.224519252646436 (from /gpfs/projects/ChenGroup/OSMOSE-HRENYB-GIT/calibration_acc_0908/master/calibration_parameters.osm line 105)
osmose[warn] . . Osmose will ignore parameter fisheries.rate.byperiod.fsh4 = 0.048, 0.04, 0.035, 0.019, 0.023, 0.018, 0.021, 0.026, 0.021, 0.026, 0.019, 0.03, 0.032, 0.03, 0.046, 0.033, 0.044, 0.038, 0.031, 0.042 (from /gpfs/projects/ChenGroup/OSMOSE-HRENYB-GIT/osmose-hrenyb-v4.4.1-xiangyan/osmose-hrenyb_acc.R line 839)
osmose[warn] . . Parameter already defined fisheries.rate.byperiod.fsh4 = 0.0479999999999998,0.04,0.0350000000000001,0.0189999999999999,0.0229999999999999,0.0180000000000001,0.0210000000000001,0.0259999999999999,0.0210000000000001,0.0259999999999999,0.0189999999999999,0.0300000000000001,0.032,0.0300000000000001,0.0460000000000001,0.0329999999999999,0.0439999999999998,0.0380000000000001,0.031,0.0419999999999999 (from /gpfs/projects/ChenGroup/OSMOSE-HRENYB-GIT/calibration_acc_0908/master/calibration_parameters.osm line 106)
osmose[warn] . . Osmose will ignore parameter fisheries.selectivity.l50.fsh5 = 71.1 (from /gpfs/projects/ChenGroup/OSMOSE-HRENYB-GIT/osmose-hrenyb-v4.4.1-xiangyan/osmose-hrenyb_acc.R line 851)
osmose[warn] . . Parameter already defined fisheries.selectivity.l50.fsh5 = 71.1 (from /gpfs/projects/ChenGroup/OSMOSE-HRENYB-GIT/calibration_acc_0908/master/calibration_parameters.osm line 110)
osmose[warn] . . Osmose will ignore parameter fisheries.rate.base.fsh5 = 1 (from /gpfs/projects/ChenGroup/OSMOSE-HRENYB-GIT/osmose-hrenyb-v4.4.1-xiangyan/osmose-hrenyb_acc.R line 856)
osmose[warn] . . Parameter already defined fisheries.rate.base.fsh5 = 1.18623293915077 (from /gpfs/projects/ChenGroup/OSMOSE-HRENYB-GIT/calibration_acc_0908/master/calibration_parameters.osm line 108)
osmose[warn] . . Osmose will ignore parameter fisheries.rate.byperiod.fsh5 = 0.177, 0.174, 0.174, 0.191, 0.233, 0.226, 0.257, 0.190, 0.22, 0.204, 0.24, 0.243, 0.232, 0.334, 0.252, 0.215, 0.262, 0.305, 0.284, 0.284 (from /gpfs/projects/ChenGroup/OSMOSE-HRENYB-GIT/osmose-hrenyb-v4.4.1-xiangyan/osmose-hrenyb_acc.R line 858)
osmose[warn] . . Parameter already defined fisheries.rate.byperiod.fsh5 = 0.177,0.174,0.174,0.190999999999999,0.232999999999999,0.226,0.256999999999999,0.19,0.219999999999999,0.204,0.239999999999999,0.243,0.231999999999999,0.333999999999999,0.252000000000001,0.215000000000001,0.262,0.304999999999999,0.284,0.284 (from /gpfs/projects/ChenGroup/OSMOSE-HRENYB-GIT/calibration_acc_0908/master/calibration_parameters.osm line 109)
osmose[warn] . . Osmose will ignore parameter fisheries.selectivity.l50.fsh6 = 43.2 (from /gpfs/projects/ChenGroup/OSMOSE-HRENYB-GIT/osmose-hrenyb-v4.4.1-xiangyan/osmose-hrenyb_acc.R line 870)
osmose[warn] . . Parameter already defined fisheries.selectivity.l50.fsh6 = 43.2 (from /gpfs/projects/ChenGroup/OSMOSE-HRENYB-GIT/calibration_acc_0908/master/calibration_parameters.osm line 113)
osmose[warn] . . Osmose will ignore parameter fisheries.rate.base.fsh6 = 1 (from /gpfs/projects/ChenGroup/OSMOSE-HRENYB-GIT/osmose-hrenyb-v4.4.1-xiangyan/osmose-hrenyb_acc.R line 875)
osmose[warn] . . Parameter already defined fisheries.rate.base.fsh6 = 0.620260739088967 (from /gpfs/projects/ChenGroup/OSMOSE-HRENYB-GIT/calibration_acc_0908/master/calibration_parameters.osm line 111)
osmose[warn] . . Osmose will ignore parameter fisheries.rate.byperiod.fsh6 = 0.105781404596442,0.137677872,0.153292366,0.16422761,0.082981628,0.192774651,0.115405005,0.166757833,0.115454673,0.169479655,0.148299329,0.09628986,0.09009179,0.154018976,0.160370582,0.133029267,0.090351545,0.135347579,0.105970837,0.12691669 (from /gpfs/projects/ChenGroup/OSMOSE-HRENYB-GIT/osmose-hrenyb-v4.4.1-xiangyan/osmose-hrenyb_acc.R line 877)
osmose[warn] . . Parameter already defined fisheries.rate.byperiod.fsh6 = 0.136888947977776,0.109202851393283,0.136446312596683,0.113303349963229,0.125850734653301,0.109564303210222,0.0849151421740544,0.119414840707192,0.153161674973283,0.107059697230708,0.193234585613045,0.104598135683508,0.124219445837404,0.171482741218608,0.10708760638335,0.119225623451248,0.106053352392397,0.0882556693168203,0.169541650158094,0.0942383174650608 (from /gpfs/projects/ChenGroup/OSMOSE-HRENYB-GIT/calibration_acc_0908/master/calibration_parameters.osm line 112)
osmose[warn] . . Osmose will ignore parameter fisheries.selectivity.l50.fsh7 = 30.5 (from /gpfs/projects/ChenGroup/OSMOSE-HRENYB-GIT/osmose-hrenyb-v4.4.1-xiangyan/osmose-hrenyb_acc.R line 889)
osmose[warn] . . Parameter already defined fisheries.selectivity.l50.fsh7 = 30.5 (from /gpfs/projects/ChenGroup/OSMOSE-HRENYB-GIT/calibration_acc_0908/master/calibration_parameters.osm line 116)
osmose[warn] . . Osmose will ignore parameter fisheries.rate.base.fsh7 = 1 (from /gpfs/projects/ChenGroup/OSMOSE-HRENYB-GIT/osmose-hrenyb-v4.4.1-xiangyan/osmose-hrenyb_acc.R line 894)
osmose[warn] . . Parameter already defined fisheries.rate.base.fsh7 = 0.268825111145966 (from /gpfs/projects/ChenGroup/OSMOSE-HRENYB-GIT/calibration_acc_0908/master/calibration_parameters.osm line 114)
osmose[warn] . . Osmose will ignore parameter fisheries.rate.byperiod.fsh7 = 0.55, 0.66, 0.58, 0.55, 0.45, 0.37, 0.48, 0.38, 0.28, 0.126, 0.076, 0.097, 0.121, 0.178, 0.173, 0.175, 0.187, 0.167, 0.125, 0.092 (from /gpfs/projects/ChenGroup/OSMOSE-HRENYB-GIT/osmose-hrenyb-v4.4.1-xiangyan/osmose-hrenyb_acc.R line 896)
osmose[warn] . . Parameter already defined fisheries.rate.byperiod.fsh7 = 0.55,0.66,0.58,0.55,0.45,0.37,0.48,0.38,0.279999999999999,0.126,0.0759999999999997,0.0970000000000004,0.121,0.178,0.173,0.175000000000001,0.187,0.167,0.124999999999999,0.0919999999999997 (from /gpfs/projects/ChenGroup/OSMOSE-HRENYB-GIT/calibration_acc_0908/master/calibration_parameters.osm line 115)
osmose[warn] . . Osmose will ignore parameter fisheries.selectivity.l50.fsh8 = 16.5 (from /gpfs/projects/ChenGroup/OSMOSE-HRENYB-GIT/osmose-hrenyb-v4.4.1-xiangyan/osmose-hrenyb_acc.R line 908)
osmose[warn] . . Parameter already defined fisheries.selectivity.l50.fsh8 = 16.5 (from /gpfs/projects/ChenGroup/OSMOSE-HRENYB-GIT/calibration_acc_0908/master/calibration_parameters.osm line 119)
osmose[warn] . . Osmose will ignore parameter fisheries.rate.base.fsh8 = 1 (from /gpfs/projects/ChenGroup/OSMOSE-HRENYB-GIT/osmose-hrenyb-v4.4.1-xiangyan/osmose-hrenyb_acc.R line 913)
osmose[warn] . . Parameter already defined fisheries.rate.base.fsh8 = 0.0645833169126691 (from /gpfs/projects/ChenGroup/OSMOSE-HRENYB-GIT/calibration_acc_0908/master/calibration_parameters.osm line 117)
osmose[warn] . . Osmose will ignore parameter fisheries.rate.byperiod.fsh8 = 0.125, 0.125, 0.16, 0.103, 0.242, 0.3, 0.16, 0.115, 0.16, 0.16, 0.104, 0.156, 0.14, 0.103,0.178, 0.178, 0.253,0.224,0.224,0.195 (from /gpfs/projects/ChenGroup/OSMOSE-HRENYB-GIT/osmose-hrenyb-v4.4.1-xiangyan/osmose-hrenyb_acc.R line 915)
osmose[warn] . . Parameter already defined fisheries.rate.byperiod.fsh8 = 0.124999999999999,0.124999999999999,0.16,0.103,0.242,0.299999999999999,0.16,0.115,0.16,0.16,0.104,0.156,0.14,0.103,0.178,0.178,0.252999999999999,0.223999999999999,0.223999999999999,0.195 (from /gpfs/projects/ChenGroup/OSMOSE-HRENYB-GIT/calibration_acc_0908/master/calibration_parameters.osm line 118)
osmose[warn] . . Osmose will ignore parameter fisheries.selectivity.l50.fsh9 = 49.53 (from /gpfs/projects/ChenGroup/OSMOSE-HRENYB-GIT/osmose-hrenyb-v4.4.1-xiangyan/osmose-hrenyb_acc.R line 927)
osmose[warn] . . Parameter already defined fisheries.selectivity.l50.fsh9 = 49.53 (from /gpfs/projects/ChenGroup/OSMOSE-HRENYB-GIT/calibration_acc_0908/master/calibration_parameters.osm line 122)
osmose[warn] . . Osmose will ignore parameter fisheries.rate.base.fsh9 = 1 (from /gpfs/projects/ChenGroup/OSMOSE-HRENYB-GIT/osmose-hrenyb-v4.4.1-xiangyan/osmose-hrenyb_acc.R line 932)
osmose[warn] . . Parameter already defined fisheries.rate.base.fsh9 = 0.139293295459067 (from /gpfs/projects/ChenGroup/OSMOSE-HRENYB-GIT/calibration_acc_0908/master/calibration_parameters.osm line 120)
osmose[warn] . . Osmose will ignore parameter fisheries.rate.byperiod.fsh9 = 0.695, 0.464, 0.424, 0.407, 0.436, 0.457, 0.337, 0.257, 0.329, 0.349, 0.389, 0.46, 0.43, 0.473, 0.439, 0.427, 0.428, 0.345, 0.304, 0.37 (from /gpfs/projects/ChenGroup/OSMOSE-HRENYB-GIT/osmose-hrenyb-v4.4.1-xiangyan/osmose-hrenyb_acc.R line 934)
osmose[warn] . . Parameter already defined fisheries.rate.byperiod.fsh9 = 0.695,0.464,0.424,0.407,0.436,0.457,0.336999999999998,0.256999999999999,0.328999999999998,0.349,0.389,0.46,0.43,0.473,0.439,0.427,0.428,0.344999999999999,0.303999999999999,0.37 (from /gpfs/projects/ChenGroup/OSMOSE-HRENYB-GIT/calibration_acc_0908/master/calibration_parameters.osm line 121)
osmose[warn] . . Osmose will ignore parameter fisheries.selectivity.l50.fsh10 = 45 (from /gpfs/projects/ChenGroup/OSMOSE-HRENYB-GIT/osmose-hrenyb-v4.4.1-xiangyan/osmose-hrenyb_acc.R line 946)
osmose[warn] . . Parameter already defined fisheries.selectivity.l50.fsh10 = 45 (from /gpfs/projects/ChenGroup/OSMOSE-HRENYB-GIT/calibration_acc_0908/master/calibration_parameters.osm line 125)
osmose[warn] . . Osmose will ignore parameter fisheries.rate.base.fsh10 = 1 (from /gpfs/projects/ChenGroup/OSMOSE-HRENYB-GIT/osmose-hrenyb-v4.4.1-xiangyan/osmose-hrenyb_acc.R line 951)
osmose[warn] . . Parameter already defined fisheries.rate.base.fsh10 = 0.595395015512708 (from /gpfs/projects/ChenGroup/OSMOSE-HRENYB-GIT/calibration_acc_0908/master/calibration_parameters.osm line 123)
osmose[warn] . . Osmose will ignore parameter fisheries.rate.byperiod.fsh10 = 0.0834544255848906,0.107247883,0.100990532,0.114483959,0.117645716,0.102780623,0.193631501,0.096347345,0.189653711,0.096576563,0.16984856,0.099422893,0.116515679,0.081856209,0.097675278,0.082542537,0.129258709,0.144311772,0.1110704,0.117952325 (from /gpfs/projects/ChenGroup/OSMOSE-HRENYB-GIT/osmose-hrenyb-v4.4.1-xiangyan/osmose-hrenyb_acc.R line 953)
osmose[warn] . . Parameter already defined fisheries.rate.byperiod.fsh10 = 0.176429467796492,0.113323273382395,0.0885016711087847,0.139930064565922,0.0885808703553466,0.105808114275016,0.113548806170129,0.117352210097268,0.113109094490442,0.163023904546113,0.12175137001159,0.156855299157089,0.157402844826274,0.143229951700317,0.101922623540627,0.0990800352364194,0.150802844816659,0.0913155482626504,0.0826478593844628,0.109839359709541 (from /gpfs/projects/ChenGroup/OSMOSE-HRENYB-GIT/calibration_acc_0908/master/calibration_parameters.osm line 124)
osmose[warn] . . Osmose will ignore parameter fisheries.selectivity.l50.fsh11 = 27.84 (from /gpfs/projects/ChenGroup/OSMOSE-HRENYB-GIT/osmose-hrenyb-v4.4.1-xiangyan/osmose-hrenyb_acc.R line 966)
osmose[warn] . . Parameter already defined fisheries.selectivity.l50.fsh11 = 27.84 (from /gpfs/projects/ChenGroup/OSMOSE-HRENYB-GIT/calibration_acc_0908/master/calibration_parameters.osm line 128)
osmose[warn] . . Osmose will ignore parameter fisheries.rate.base.fsh11 = 1 (from /gpfs/projects/ChenGroup/OSMOSE-HRENYB-GIT/osmose-hrenyb-v4.4.1-xiangyan/osmose-hrenyb_acc.R line 971)
osmose[warn] . . Parameter already defined fisheries.rate.base.fsh11 = 0.104248237473186 (from /gpfs/projects/ChenGroup/OSMOSE-HRENYB-GIT/calibration_acc_0908/master/calibration_parameters.osm line 126)
osmose[warn] . . Osmose will ignore parameter fisheries.rate.byperiod.fsh11 = 0.649197502404809,1.377920561,0.84640383,0.736447149,0.637730635,1.81526628,1.628460758,1.136054218,0.699506654,0.926130579,0.892899838,0.67690526,1.805651568,0.974971397,0.543387457,0.971169346,0.726537543,0.375731541,0.665828555,0.998695173 (from /gpfs/projects/ChenGroup/OSMOSE-HRENYB-GIT/osmose-hrenyb-v4.4.1-xiangyan/osmose-hrenyb_acc.R line 973)
osmose[warn] . . Parameter already defined fisheries.rate.byperiod.fsh11 = 0.971438001813425,1.28669577953987,0.476042382732835,0.794871164150029,1.26544090234092,1.8305767505982,0.626752744373955,0.525400569803044,0.316053098261679,1.42819836541101,0.585124355150642,0.891793361186025,0.829693198369922,0.836307888100477,1.23812824231318,1.05630780405297,1.55327534730583,0.448316758689876,1.22169155253536,1.1276880422055 (from /gpfs/projects/ChenGroup/OSMOSE-HRENYB-GIT/calibration_acc_0908/master/calibration_parameters.osm line 127)
osmose[warn] . . Osmose will ignore parameter fisheries.selectivity.l50.fsh12 = 5 (from /gpfs/projects/ChenGroup/OSMOSE-HRENYB-GIT/osmose-hrenyb-v4.4.1-xiangyan/osmose-hrenyb_acc.R line 987)
osmose[warn] . . Parameter already defined fisheries.selectivity.l50.fsh12 = 5 (from /gpfs/projects/ChenGroup/OSMOSE-HRENYB-GIT/calibration_acc_0908/master/calibration_parameters.osm line 131)
osmose[warn] . . Osmose will ignore parameter fisheries.rate.base.fsh12 = 0.5 (from /gpfs/projects/ChenGroup/OSMOSE-HRENYB-GIT/osmose-hrenyb-v4.4.1-xiangyan/osmose-hrenyb_acc.R line 992)
osmose[warn] . . Parameter already defined fisheries.rate.base.fsh12 = 0.601677294996802 (from /gpfs/projects/ChenGroup/OSMOSE-HRENYB-GIT/calibration_acc_0908/master/calibration_parameters.osm line 129)
osmose[warn] . . Osmose will ignore parameter fisheries.rate.byperiod.fsh12 = 0.101, 0.177, 0.106, 0.101, 0.058, 0.035, 0.05,0.026, 0.05, 0.038, 0.031, 0.066, 0.051, 0.059, 0.224, 0.142, 0.117, 0.218, 0.121, 0.195 (from /gpfs/projects/ChenGroup/OSMOSE-HRENYB-GIT/osmose-hrenyb-v4.4.1-xiangyan/osmose-hrenyb_acc.R line 994)
osmose[warn] . . Parameter already defined fisheries.rate.byperiod.fsh12 = 0.101,0.177,0.106,0.101,0.0579999999999999,0.0350000000000001,0.0500000000000001,0.0259999999999999,0.0500000000000001,0.0380000000000001,0.031,0.0660000000000001,0.0510000000000001,0.0589999999999998,0.223999999999999,0.141999999999999,0.117,0.218,0.121,0.195 (from /gpfs/projects/ChenGroup/OSMOSE-HRENYB-GIT/calibration_acc_0908/master/calibration_parameters.osm line 130)
osmose[warn] . . Osmose will ignore parameter fisheries.selectivity.l50.fsh13 = 21 (from /gpfs/projects/ChenGroup/OSMOSE-HRENYB-GIT/osmose-hrenyb-v4.4.1-xiangyan/osmose-hrenyb_acc.R line 1008)
osmose[warn] . . Parameter already defined fisheries.selectivity.l50.fsh13 = 21 (from /gpfs/projects/ChenGroup/OSMOSE-HRENYB-GIT/calibration_acc_0908/master/calibration_parameters.osm line 134)
osmose[warn] . . Osmose will ignore parameter fisheries.rate.base.fsh13 = 1 (from /gpfs/projects/ChenGroup/OSMOSE-HRENYB-GIT/osmose-hrenyb-v4.4.1-xiangyan/osmose-hrenyb_acc.R line 1013)
osmose[warn] . . Parameter already defined fisheries.rate.base.fsh13 = 0.111727989163418 (from /gpfs/projects/ChenGroup/OSMOSE-HRENYB-GIT/calibration_acc_0908/master/calibration_parameters.osm line 132)
osmose[warn] . . Osmose will ignore parameter fisheries.rate.byperiod.fsh13 = 0.138, 0.202, 0.227, 0.247, 0.224, 0.378, 0.362, 0.352, 0.242, 0.344, 0.276, 0.215, 0.296, 0.185, 0.248, 0.197, 0.222, 0.183, 0.224, 0.455 (from /gpfs/projects/ChenGroup/OSMOSE-HRENYB-GIT/osmose-hrenyb-v4.4.1-xiangyan/osmose-hrenyb_acc.R line 1015)
osmose[warn] . . Parameter already defined fisheries.rate.byperiod.fsh13 = 0.138,0.202,0.227000000000001,0.247,0.223999999999999,0.378,0.361999999999999,0.352,0.242,0.344,0.275999999999999,0.215000000000001,0.295999999999999,0.185,0.248000000000001,0.197,0.221999999999999,0.182999999999999,0.223999999999999,0.455 (from /gpfs/projects/ChenGroup/OSMOSE-HRENYB-GIT/calibration_acc_0908/master/calibration_parameters.osm line 133)
osmose[warn] . . Osmose will ignore parameter fisheries.selectivity.l50.fsh14 = 26.5 (from /gpfs/projects/ChenGroup/OSMOSE-HRENYB-GIT/osmose-hrenyb-v4.4.1-xiangyan/osmose-hrenyb_acc.R line 1027)
osmose[warn] . . Parameter already defined fisheries.selectivity.l50.fsh14 = 26.5 (from /gpfs/projects/ChenGroup/OSMOSE-HRENYB-GIT/calibration_acc_0908/master/calibration_parameters.osm line 137)
osmose[warn] . . Osmose will ignore parameter fisheries.rate.base.fsh14 = 1 (from /gpfs/projects/ChenGroup/OSMOSE-HRENYB-GIT/osmose-hrenyb-v4.4.1-xiangyan/osmose-hrenyb_acc.R line 1032)
osmose[warn] . . Parameter already defined fisheries.rate.base.fsh14 = 0.91087118841279 (from /gpfs/projects/ChenGroup/OSMOSE-HRENYB-GIT/calibration_acc_0908/master/calibration_parameters.osm line 135)
osmose[warn] . . Osmose will ignore parameter fisheries.rate.byperiod.fsh14 = 0.17591, 0.1878, 0.16361, 0.15123, 0.1758, 0.18097, 0.21972, 0.19134, 0.16115, 0.16043, 0.22015, 0.21097, 0.16686, 0.12222, 0.16163, 0.20792,0.21792,0.19764,0.2396, 0.31001 (from /gpfs/projects/ChenGroup/OSMOSE-HRENYB-GIT/osmose-hrenyb-v4.4.1-xiangyan/osmose-hrenyb_acc.R line 1034)
osmose[warn] . . Parameter already defined fisheries.rate.byperiod.fsh14 = 0.175910000000001,0.187800000000001,0.16361,0.15123,0.1758,0.18097,0.219719999999999,0.191339999999999,0.16115,0.16043,0.220150000000001,0.210969999999999,0.16686,0.12222,0.16163,0.20792,0.21792,0.19764,0.239600000000001,0.31001 (from /gpfs/projects/ChenGroup/OSMOSE-HRENYB-GIT/calibration_acc_0908/master/calibration_parameters.osm line 136)
osmose[warn] . . Osmose will ignore parameter fisheries.movement.netcdf.enabled = TRUE (from /gpfs/projects/ChenGroup/OSMOSE-HRENYB-GIT/osmose-hrenyb-v4.4.1-xiangyan/osmose-hrenyb_acc.R line 1072)
osmose[warn] . . Parameter already defined fisheries.movement.netcdf.enabled = TRUE (from /gpfs/projects/ChenGroup/OSMOSE-HRENYB-GIT/osmose-hrenyb-v4.4.1-xiangyan/osmose-hrenyb_acc.R line 747)
osmose[warn] . . Osmose will ignore parameter surveys.movement.netcdf.enabled = TRUE (from /gpfs/projects/ChenGroup/OSMOSE-HRENYB-GIT/osmose-hrenyb-v4.4.1-xiangyan/osmose-hrenyb_acc.R line 1073)
osmose[warn] . . Parameter already defined surveys.movement.netcdf.enabled = TRUE (from /gpfs/projects/ChenGroup/OSMOSE-HRENYB-GIT/osmose-hrenyb-v4.4.1-xiangyan/osmose-hrenyb_acc.R line 1054)
osmose[warn] . . Osmose will ignore parameter movement.netcdf.enabled = FALSE (from /gpfs/projects/ChenGroup/OSMOSE-HRENYB-GIT/osmose-hrenyb-v4.4.1-xiangyan/osmose-hrenyb_acc.R line 1304)
osmose[warn] . . Parameter already defined movement.netcdf.enabled = FALSE (from /gpfs/projects/ChenGroup/OSMOSE-HRENYB-GIT/osmose-hrenyb-v4.4.1-xiangyan/osmose-hrenyb_acc.R line 1074)
osmose[warn] . . Osmose will ignore parameter output.restart.enabled = FALSE (from /gpfs/projects/ChenGroup/OSMOSE-HRENYB-GIT/osmose-hrenyb-v4.4.1-xiangyan/osmose-hrenyb_acc.R line 1322)
osmose[warn] . . Parameter already defined output.restart.enabled = FALSE (from /gpfs/projects/ChenGroup/OSMOSE-HRENYB-GIT/calibration_acc_0908/master/output-configuration.osm line 12)
osmose[warn] . . Osmose will ignore parameter output.yield.biomass.enabled = TRUE (from /gpfs/projects/ChenGroup/OSMOSE-HRENYB-GIT/osmose-hrenyb-v4.4.1-xiangyan/osmose-hrenyb_acc.R line 1329)
osmose[warn] . . Parameter already defined output.yield.biomass.enabled = TRUE (from /gpfs/projects/ChenGroup/OSMOSE-HRENYB-GIT/calibration_acc_0908/master/output-configuration.osm line 5)
osmose[warn] . . Osmose will ignore parameter output.yield.abundance.enabled = FALSE (from /gpfs/projects/ChenGroup/OSMOSE-HRENYB-GIT/osmose-hrenyb-v4.4.1-xiangyan/osmose-hrenyb_acc.R line 1330)
osmose[warn] . . Parameter already defined output.yield.abundance.enabled = FALSE (from /gpfs/projects/ChenGroup/OSMOSE-HRENYB-GIT/calibration_acc_0908/master/output-configuration.osm line 34)
osmose[warn] . . Osmose will ignore parameter output.biomass.enabled = TRUE (from /gpfs/projects/ChenGroup/OSMOSE-HRENYB-GIT/osmose-hrenyb-v4.4.1-xiangyan/osmose-hrenyb_acc.R line 1336)
osmose[warn] . . Parameter already defined output.biomass.enabled = TRUE (from /gpfs/projects/ChenGroup/OSMOSE-HRENYB-GIT/calibration_acc_0908/master/calibration_parameters.osm line 143)
osmose[warn] . . Osmose will ignore parameter output.biomass.bysize.enabled = TRUE (from /gpfs/projects/ChenGroup/OSMOSE-HRENYB-GIT/osmose-hrenyb-v4.4.1-xiangyan/osmose-hrenyb_acc.R line 1337)
osmose[warn] . . Parameter already defined output.biomass.bysize.enabled = TRUE (from /gpfs/projects/ChenGroup/OSMOSE-HRENYB-GIT/calibration_acc_0908/master/calibration_parameters.osm line 144)
osmose[warn] . . Osmose will ignore parameter output.biomass.byage.enabled = TRUE (from /gpfs/projects/ChenGroup/OSMOSE-HRENYB-GIT/osmose-hrenyb-v4.4.1-xiangyan/osmose-hrenyb_acc.R line 1338)
osmose[warn] . . Parameter already defined output.biomass.byage.enabled = FALSE (from /gpfs/projects/ChenGroup/OSMOSE-HRENYB-GIT/calibration_acc_0908/master/output-configuration.osm line 22)
osmose[warn] . . Osmose will ignore parameter output.biomass.bytl.enabled = FALSE (from /gpfs/projects/ChenGroup/OSMOSE-HRENYB-GIT/osmose-hrenyb-v4.4.1-xiangyan/osmose-hrenyb_acc.R line 1339)
osmose[warn] . . Parameter already defined output.biomass.bytl.enabled = FALSE (from /gpfs/projects/ChenGroup/OSMOSE-HRENYB-GIT/calibration_acc_0908/master/output-configuration.osm line 23)
osmose[warn] . . Osmose will ignore parameter output.abundance.enabled = TRUE (from /gpfs/projects/ChenGroup/OSMOSE-HRENYB-GIT/osmose-hrenyb-v4.4.1-xiangyan/osmose-hrenyb_acc.R line 1341)
osmose[warn] . . Parameter already defined output.abundance.enabled = FALSE (from /gpfs/projects/ChenGroup/OSMOSE-HRENYB-GIT/calibration_acc_0908/master/output-configuration.osm line 45)
osmose[warn] . . Osmose will ignore parameter output.abundance.bysize.enabled = FALSE (from /gpfs/projects/ChenGroup/OSMOSE-HRENYB-GIT/osmose-hrenyb-v4.4.1-xiangyan/osmose-hrenyb_acc.R line 1342)
osmose[warn] . . Parameter already defined output.abundance.bysize.enabled = FALSE (from /gpfs/projects/ChenGroup/OSMOSE-HRENYB-GIT/calibration_acc_0908/master/output-configuration.osm line 47)
osmose[warn] . . Osmose will ignore parameter output.abundance.byage.enabled = FALSE (from /gpfs/projects/ChenGroup/OSMOSE-HRENYB-GIT/osmose-hrenyb-v4.4.1-xiangyan/osmose-hrenyb_acc.R line 1343)
osmose[warn] . . Parameter already defined output.abundance.byage.enabled = FALSE (from /gpfs/projects/ChenGroup/OSMOSE-HRENYB-GIT/calibration_acc_0908/master/output-configuration.osm line 48)
osmose[warn] . . Osmose will ignore parameter output.meansize.byage.enabled = TRUE (from /gpfs/projects/ChenGroup/OSMOSE-HRENYB-GIT/osmose-hrenyb-v4.4.1-xiangyan/osmose-hrenyb_acc.R line 1345)
osmose[warn] . . Parameter already defined output.meansize.byage.enabled = TRUE (from /gpfs/projects/ChenGroup/OSMOSE-HRENYB-GIT/calibration_acc_0908/master/calibration_parameters.osm line 145)
osmose[warn] . . Osmose will ignore parameter output.diet.composition.enabled = TRUE (from /gpfs/projects/ChenGroup/OSMOSE-HRENYB-GIT/osmose-hrenyb-v4.4.1-xiangyan/osmose-hrenyb_acc.R line 1347)
osmose[warn] . . Parameter already defined output.diet.composition.enabled = TRUE (from /gpfs/projects/ChenGroup/OSMOSE-HRENYB-GIT/calibration_acc_0908/master/calibration_parameters.osm line 138)
osmose[warn] . . Osmose will ignore parameter output.diet.composition.byage.enabled = TRUE (from /gpfs/projects/ChenGroup/OSMOSE-HRENYB-GIT/osmose-hrenyb-v4.4.1-xiangyan/osmose-hrenyb_acc.R line 1348)
osmose[warn] . . Parameter already defined output.diet.composition.byage.enabled = TRUE (from /gpfs/projects/ChenGroup/OSMOSE-HRENYB-GIT/calibration_acc_0908/master/calibration_parameters.osm line 139)
osmose[warn] . . Osmose will ignore parameter output.diet.composition.bysize.enabled = TRUE (from /gpfs/projects/ChenGroup/OSMOSE-HRENYB-GIT/osmose-hrenyb-v4.4.1-xiangyan/osmose-hrenyb_acc.R line 1349)
osmose[warn] . . Parameter already defined output.diet.composition.bysize.enabled = TRUE (from /gpfs/projects/ChenGroup/OSMOSE-HRENYB-GIT/calibration_acc_0908/master/calibration_parameters.osm line 140)
osmose[warn] . . Osmose will ignore parameter output.diet.pressure.enabled = TRUE (from /gpfs/projects/ChenGroup/OSMOSE-HRENYB-GIT/osmose-hrenyb-v4.4.1-xiangyan/osmose-hrenyb_acc.R line 1350)
osmose[warn] . . Parameter already defined output.diet.pressure.enabled = FALSE (from /gpfs/projects/ChenGroup/OSMOSE-HRENYB-GIT/calibration_acc_0908/master/output-configuration.osm line 101)
osmose[warn] . . Osmose will ignore parameter output.diet.pressure.byage.enabled = FALSE (from /gpfs/projects/ChenGroup/OSMOSE-HRENYB-GIT/osmose-hrenyb-v4.4.1-xiangyan/osmose-hrenyb_acc.R line 1351)
osmose[warn] . . Parameter already defined output.diet.pressure.byage.enabled = FALSE (from /gpfs/projects/ChenGroup/OSMOSE-HRENYB-GIT/calibration_acc_0908/master/output-configuration.osm line 102)
osmose[warn] . . Osmose will ignore parameter output.diet.pressure.bysize.enabled = FALSE (from /gpfs/projects/ChenGroup/OSMOSE-HRENYB-GIT/osmose-hrenyb-v4.4.1-xiangyan/osmose-hrenyb_acc.R line 1352)
osmose[warn] . . Parameter already defined output.diet.pressure.bysize.enabled = FALSE (from /gpfs/projects/ChenGroup/OSMOSE-HRENYB-GIT/calibration_acc_0908/master/output-configuration.osm line 103)
osmose[warn] . . Osmose will ignore parameter output.spatial.enabled = FALSE (from /gpfs/projects/ChenGroup/OSMOSE-HRENYB-GIT/osmose-hrenyb-v4.4.1-xiangyan/osmose-hrenyb_acc.R line 1372)
osmose[warn] . . Parameter already defined output.spatial.enabled = FALSE (from /gpfs/projects/ChenGroup/OSMOSE-HRENYB-GIT/calibration_acc_0908/master/output-configuration.osm line 63)
osmose[warn] . . Osmose will ignore parameter output.spatial.ltl.enabled = FALSE (from /gpfs/projects/ChenGroup/OSMOSE-HRENYB-GIT/osmose-hrenyb-v4.4.1-xiangyan/osmose-hrenyb_acc.R line 1373)
osmose[warn] . . Parameter already defined output.spatial.ltl.enabled = FALSE (from /gpfs/projects/ChenGroup/OSMOSE-HRENYB-GIT/calibration_acc_0908/master/output-configuration.osm line 64)
osmose[warn] . . Osmose will ignore parameter output.spatialbiomass.enabled = FALSE (from /gpfs/projects/ChenGroup/OSMOSE-HRENYB-GIT/osmose-hrenyb-v4.4.1-xiangyan/osmose-hrenyb_acc.R line 1375)
osmose[warn] . . Parameter already defined output.spatialbiomass.enabled = FALSE (from /gpfs/projects/ChenGroup/OSMOSE-HRENYB-GIT/calibration_acc_0908/master/output-configuration.osm line 66)
osmose[warn] . . Osmose will ignore parameter output.spatialtl.enabled = FALSE (from /gpfs/projects/ChenGroup/OSMOSE-HRENYB-GIT/osmose-hrenyb-v4.4.1-xiangyan/osmose-hrenyb_acc.R line 1376)
osmose[warn] . . Parameter already defined output.spatialtl.enabled = FALSE (from /gpfs/projects/ChenGroup/OSMOSE-HRENYB-GIT/calibration_acc_0908/master/output-configuration.osm line 68)
osmose[warn] . . Osmose will ignore parameter output.mortality.enabled = TRUE (from /gpfs/projects/ChenGroup/OSMOSE-HRENYB-GIT/osmose-hrenyb-v4.4.1-xiangyan/osmose-hrenyb_acc.R line 1378)
osmose[warn] . . Parameter already defined output.mortality.enabled = TRUE (from /gpfs/projects/ChenGroup/OSMOSE-HRENYB-GIT/calibration_acc_0908/master/calibration_parameters.osm line 141)
osmose[warn] . . Osmose will ignore parameter output.mortality.perspecies.byage.enabled = FALSE (from /gpfs/projects/ChenGroup/OSMOSE-HRENYB-GIT/osmose-hrenyb-v4.4.1-xiangyan/osmose-hrenyb_acc.R line 1379)
osmose[warn] . . Parameter already defined output.mortality.perspecies.byage.enabled = TRUE (from /gpfs/projects/ChenGroup/OSMOSE-HRENYB-GIT/calibration_acc_0908/master/output-configuration.osm line 8)
osmose[warn] . . Osmose will ignore parameter output.mortality.perspecies.bysize.enabled = FALSE (from /gpfs/projects/ChenGroup/OSMOSE-HRENYB-GIT/osmose-hrenyb-v4.4.1-xiangyan/osmose-hrenyb_acc.R line 1380)
osmose[warn] . . Parameter already defined output.mortality.perspecies.bysize.enabled = FALSE (from /gpfs/projects/ChenGroup/OSMOSE-HRENYB-GIT/calibration_acc_0908/master/output-configuration.osm line 77)
osmose[warn] . . Osmose will ignore parameter output.size.enabled = TRUE (from /gpfs/projects/ChenGroup/OSMOSE-HRENYB-GIT/osmose-hrenyb-v4.4.1-xiangyan/osmose-hrenyb_acc.R line 1393)
osmose[warn] . . Parameter already defined output.size.enabled = TRUE (from /gpfs/projects/ChenGroup/OSMOSE-HRENYB-GIT/calibration_acc_0908/master/calibration_parameters.osm line 146)
osmose[warn] . . Osmose will ignore parameter output.size.catch.enabled = FALSE (from /gpfs/projects/ChenGroup/OSMOSE-HRENYB-GIT/osmose-hrenyb-v4.4.1-xiangyan/osmose-hrenyb_acc.R line 1394)
osmose[warn] . . Parameter already defined output.size.catch.enabled = FALSE (from /gpfs/projects/ChenGroup/OSMOSE-HRENYB-GIT/calibration_acc_0908/master/output-configuration.osm line 85)
osmose[warn] . . Osmose will ignore parameter output.tl.enabled = TRUE (from /gpfs/projects/ChenGroup/OSMOSE-HRENYB-GIT/osmose-hrenyb-v4.4.1-xiangyan/osmose-hrenyb_acc.R line 1395)
osmose[warn] . . Parameter already defined output.tl.enabled = TRUE (from /gpfs/projects/ChenGroup/OSMOSE-HRENYB-GIT/calibration_acc_0908/master/calibration_parameters.osm line 142)
osmose[warn] . . Osmose will ignore parameter output.tl.catch.enabled = FALSE (from /gpfs/projects/ChenGroup/OSMOSE-HRENYB-GIT/osmose-hrenyb-v4.4.1-xiangyan/osmose-hrenyb_acc.R line 1396)
osmose[warn] . . Parameter already defined output.tl.catch.enabled = FALSE (from /gpfs/projects/ChenGroup/OSMOSE-HRENYB-GIT/calibration_acc_0908/master/output-configuration.osm line 87)
osmose[warn] . . Osmose will ignore parameter output.meantl.bysize.enabled = TRUE (from /gpfs/projects/ChenGroup/OSMOSE-HRENYB-GIT/osmose-hrenyb-v4.4.1-xiangyan/osmose-hrenyb_acc.R line 1397)
osmose[warn] . . Parameter already defined output.meantl.bysize.enabled = FALSE (from /gpfs/projects/ChenGroup/OSMOSE-HRENYB-GIT/calibration_acc_0908/master/output-configuration.osm line 91)
osmose[warn] . . Osmose will ignore parameter output.meantl.byage.enabled = TRUE (from /gpfs/projects/ChenGroup/OSMOSE-HRENYB-GIT/osmose-hrenyb-v4.4.1-xiangyan/osmose-hrenyb_acc.R line 1398)
osmose[warn] . . Parameter already defined output.meantl.byage.enabled = FALSE (from /gpfs/projects/ChenGroup/OSMOSE-HRENYB-GIT/calibration_acc_0908/master/output-configuration.osm line 92)
osmose[info] . . Loading parameters from /gpfs/projects/ChenGroup/OSMOSE-HRENYB-GIT/osmose-hrenyb-v4.4.1-xiangyan/input/initial_conditions_final.osm
osmose[warn] . . . Osmose will ignore parameter population.initialization.biomass.sp0 = 62810.3 (from /gpfs/projects/ChenGroup/OSMOSE-HRENYB-GIT/osmose-hrenyb-v4.4.1-xiangyan/input/initial_conditions_final.osm line 4)
osmose[warn] . . . Parameter already defined population.initialization.biomass.sp0 = 62810.2999999998 (from /gpfs/projects/ChenGroup/OSMOSE-HRENYB-GIT/calibration_acc_0908/master/calibration_parameters.osm line 9)
osmose[warn] . . . Osmose will ignore parameter population.initialization.biomass.sp1 = 32391.98 (from /gpfs/projects/ChenGroup/OSMOSE-HRENYB-GIT/osmose-hrenyb-v4.4.1-xiangyan/input/initial_conditions_final.osm line 12)
osmose[warn] . . . Parameter already defined population.initialization.biomass.sp1 = 32391.9799999999 (from /gpfs/projects/ChenGroup/OSMOSE-HRENYB-GIT/calibration_acc_0908/master/calibration_parameters.osm line 10)
osmose[warn] . . . Osmose will ignore parameter population.initialization.biomass.sp2 = 140.231 (from /gpfs/projects/ChenGroup/OSMOSE-HRENYB-GIT/osmose-hrenyb-v4.4.1-xiangyan/input/initial_conditions_final.osm line 20)
osmose[warn] . . . Parameter already defined population.initialization.biomass.sp2 = 140.230999999999 (from /gpfs/projects/ChenGroup/OSMOSE-HRENYB-GIT/calibration_acc_0908/master/calibration_parameters.osm line 11)
osmose[warn] . . . Osmose will ignore parameter population.initialization.biomass.sp3 = 2374.515 (from /gpfs/projects/ChenGroup/OSMOSE-HRENYB-GIT/osmose-hrenyb-v4.4.1-xiangyan/input/initial_conditions_final.osm line 28)
osmose[warn] . . . Parameter already defined population.initialization.biomass.sp3 = 2374.51500000002 (from /gpfs/projects/ChenGroup/OSMOSE-HRENYB-GIT/calibration_acc_0908/master/calibration_parameters.osm line 12)
osmose[warn] . . . Osmose will ignore parameter population.initialization.biomass.sp4 = 23293.294 (from /gpfs/projects/ChenGroup/OSMOSE-HRENYB-GIT/osmose-hrenyb-v4.4.1-xiangyan/input/initial_conditions_final.osm line 36)
osmose[warn] . . . Parameter already defined population.initialization.biomass.sp4 = 23293.2939999999 (from /gpfs/projects/ChenGroup/OSMOSE-HRENYB-GIT/calibration_acc_0908/master/calibration_parameters.osm line 13)
osmose[warn] . . . Osmose will ignore parameter population.initialization.biomass.sp5 = 2559.035 (from /gpfs/projects/ChenGroup/OSMOSE-HRENYB-GIT/osmose-hrenyb-v4.4.1-xiangyan/input/initial_conditions_final.osm line 44)
osmose[warn] . . . Parameter already defined population.initialization.biomass.sp5 = 2559.03499999998 (from /gpfs/projects/ChenGroup/OSMOSE-HRENYB-GIT/calibration_acc_0908/master/calibration_parameters.osm line 14)
osmose[warn] . . . Osmose will ignore parameter population.initialization.biomass.sp6 = 695.02 (from /gpfs/projects/ChenGroup/OSMOSE-HRENYB-GIT/osmose-hrenyb-v4.4.1-xiangyan/input/initial_conditions_final.osm line 52)
osmose[warn] . . . Parameter already defined population.initialization.biomass.sp6 = 695.020000000005 (from /gpfs/projects/ChenGroup/OSMOSE-HRENYB-GIT/calibration_acc_0908/master/calibration_parameters.osm line 15)
osmose[warn] . . . Osmose will ignore parameter population.initialization.biomass.sp7 = 1951.095 (from /gpfs/projects/ChenGroup/OSMOSE-HRENYB-GIT/osmose-hrenyb-v4.4.1-xiangyan/input/initial_conditions_final.osm line 60)
osmose[warn] . . . Parameter already defined population.initialization.biomass.sp7 = 1951.09499999999 (from /gpfs/projects/ChenGroup/OSMOSE-HRENYB-GIT/calibration_acc_0908/master/calibration_parameters.osm line 16)
osmose[warn] . . . Osmose will ignore parameter population.initialization.biomass.sp8 = 71398.78 (from /gpfs/projects/ChenGroup/OSMOSE-HRENYB-GIT/osmose-hrenyb-v4.4.1-xiangyan/input/initial_conditions_final.osm line 68)
osmose[warn] . . . Parameter already defined population.initialization.biomass.sp8 = 71398.7800000005 (from /gpfs/projects/ChenGroup/OSMOSE-HRENYB-GIT/calibration_acc_0908/master/calibration_parameters.osm line 17)
osmose[warn] . . . Osmose will ignore parameter population.initialization.biomass.sp9 = 6058.335 (from /gpfs/projects/ChenGroup/OSMOSE-HRENYB-GIT/osmose-hrenyb-v4.4.1-xiangyan/input/initial_conditions_final.osm line 76)
osmose[warn] . . . Parameter already defined population.initialization.biomass.sp9 = 6058.33499999997 (from /gpfs/projects/ChenGroup/OSMOSE-HRENYB-GIT/calibration_acc_0908/master/calibration_parameters.osm line 18)
osmose[warn] . . . Osmose will ignore parameter population.initialization.biomass.sp10 = 17717.523 (from /gpfs/projects/ChenGroup/OSMOSE-HRENYB-GIT/osmose-hrenyb-v4.4.1-xiangyan/input/initial_conditions_final.osm line 84)
osmose[warn] . . . Parameter already defined population.initialization.biomass.sp10 = 17717.523 (from /gpfs/projects/ChenGroup/OSMOSE-HRENYB-GIT/calibration_acc_0908/master/calibration_parameters.osm line 19)
osmose[warn] . . . Osmose will ignore parameter population.initialization.biomass.sp11 = 3156.918 (from /gpfs/projects/ChenGroup/OSMOSE-HRENYB-GIT/osmose-hrenyb-v4.4.1-xiangyan/input/initial_conditions_final.osm line 92)
osmose[warn] . . . Parameter already defined population.initialization.biomass.sp11 = 3156.91799999998 (from /gpfs/projects/ChenGroup/OSMOSE-HRENYB-GIT/calibration_acc_0908/master/calibration_parameters.osm line 20)
osmose[warn] . . . Osmose will ignore parameter population.initialization.biomass.sp12 = 335331.813 (from /gpfs/projects/ChenGroup/OSMOSE-HRENYB-GIT/osmose-hrenyb-v4.4.1-xiangyan/input/initial_conditions_final.osm line 100)
osmose[warn] . . . Parameter already defined population.initialization.biomass.sp12 = 335331.813000001 (from /gpfs/projects/ChenGroup/OSMOSE-HRENYB-GIT/calibration_acc_0908/master/calibration_parameters.osm line 21)
osmose[warn] . . . Osmose will ignore parameter population.initialization.biomass.sp13 = 48804.319 (from /gpfs/projects/ChenGroup/OSMOSE-HRENYB-GIT/osmose-hrenyb-v4.4.1-xiangyan/input/initial_conditions_final.osm line 108)
osmose[warn] . . . Parameter already defined population.initialization.biomass.sp13 = 48804.3190000005 (from /gpfs/projects/ChenGroup/OSMOSE-HRENYB-GIT/calibration_acc_0908/master/calibration_parameters.osm line 22)
osmose[warn] . . . Osmose will ignore parameter population.initialization.biomass.sp14 = 14246.976 (from /gpfs/projects/ChenGroup/OSMOSE-HRENYB-GIT/osmose-hrenyb-v4.4.1-xiangyan/input/initial_conditions_final.osm line 116)
osmose[warn] . . . Parameter already defined population.initialization.biomass.sp14 = 14246.9760000001 (from /gpfs/projects/ChenGroup/OSMOSE-HRENYB-GIT/calibration_acc_0908/master/calibration_parameters.osm line 23)
osmose[warn] . . . Osmose will ignore parameter population.initialization.biomass.sp15 = 5.315 (from /gpfs/projects/ChenGroup/OSMOSE-HRENYB-GIT/osmose-hrenyb-v4.4.1-xiangyan/input/initial_conditions_final.osm line 124)
osmose[warn] . . . Parameter already defined population.initialization.biomass.sp15 = 5.31500000000001 (from /gpfs/projects/ChenGroup/OSMOSE-HRENYB-GIT/calibration_acc_0908/master/calibration_parameters.osm line 24)
osmose[warn] . . . Osmose will ignore parameter population.initialization.biomass.sp16 = 1.881 (from /gpfs/projects/ChenGroup/OSMOSE-HRENYB-GIT/osmose-hrenyb-v4.4.1-xiangyan/input/initial_conditions_final.osm line 132)
osmose[warn] . . . Parameter already defined population.initialization.biomass.sp16 = 1.881 (from /gpfs/projects/ChenGroup/OSMOSE-HRENYB-GIT/calibration_acc_0908/master/calibration_parameters.osm line 25)
osmose[warn] . . Osmose will ignore parameter output.netcdf.format = netcdf3 (from /gpfs/projects/ChenGroup/OSMOSE-HRENYB-GIT/osmose-hrenyb-v4.4.1-xiangyan/osmose-hrenyb_acc.R line 1432)
osmose[warn] . . Parameter already defined output.netcdf.format = netcdf3 (from /gpfs/projects/ChenGroup/OSMOSE-HRENYB-GIT/osmose-hrenyb-v4.4.1-xiangyan/osmose-hrenyb_acc.R line 1392)
osmose[warn] . . Osmose will ignore parameter output.netcdf.format = netcdf3 (from /gpfs/projects/ChenGroup/OSMOSE-HRENYB-GIT/osmose-hrenyb-v4.4.1-xiangyan/osmose-hrenyb_acc.R line 1434)
osmose[warn] . . Parameter already defined output.netcdf.format = netcdf3 (from /gpfs/projects/ChenGroup/OSMOSE-HRENYB-GIT/osmose-hrenyb-v4.4.1-xiangyan/osmose-hrenyb_acc.R line 1392)
osmose[warn] . . Osmose will ignore parameter movement.checks.enabled = netcdf3 (from /gpfs/projects/ChenGroup/OSMOSE-HRENYB-GIT/osmose-hrenyb-v4.4.1-xiangyan/osmose-hrenyb_acc.R line 1440)
osmose[warn] . . Parameter already defined movement.checks.enabled = netcdf3 (from /gpfs/projects/ChenGroup/OSMOSE-HRENYB-GIT/osmose-hrenyb-v4.4.1-xiangyan/osmose-hrenyb_acc.R line 1306)
osmose[info] Configuration version: 4.4.1
osmose[warn] Could not find parameter 'simulation.restart.enabled'. Osmose assumes it is true and a NetCDF restart file will be created at the end of the simulation (or more, depending on parameters 'simulation.restart.recordfrequency.ndt' and 'simulation.restart.spinup').
osmose[info] Simulation restart spinup is 0
osmose[info] Output folder set to /gpfs/projects/ChenGroup/OSMOSE-HRENYB-GIT/calibration_acc_0908/master/output/
osmose[info] Output CSV separator set to COMA
SLF4J: Failed to load class "org.slf4j.impl.StaticLoggerBinder".
SLF4J: Defaulting to no-operation (NOP) logger implementation
SLF4J: See http://www.slf4j.org/codes.html#StaticLoggerBinder for further details.
osmose[info] 1: Using surveys.selectivity.tiny.sr1 = 0.001000
osmose[info] Simulation 0 started...
osmose[info] 0: Using default tiny (0.000001).
osmose[info] 1: Using default tiny (0.000001).
osmose[info] 2: Using default tiny (0.000001).
osmose[info] 3: Using default tiny (0.000001).
osmose[info] 4: Using default tiny (0.000001).
osmose[info] 5: Using default tiny (0.000001).
osmose[info] 6: Using default tiny (0.000001).
osmose[info] 7: Using default tiny (0.000001).
osmose[info] 8: Using default tiny (0.000001).
osmose[info] 9: Using default tiny (0.000001).
osmose[info] 10: Using default tiny (0.000001).
osmose[info] 11: Using default tiny (0.000001).
osmose[info] 12: Using default tiny (0.000001).
osmose[info] 13: Using default tiny (0.000001).
osmose[info] 14: Using default tiny (0.000001).
osmose[info] Growth function VonBertalanffy used for species AtlanticHerring.
osmose[info] Growth function VonBertalanffy used for species AtlanticMackerel.
osmose[info] Growth function VonBertalanffy used for species BlackSeaBass.
osmose[info] Growth function VonBertalanffy used for species Scup.
osmose[info] Growth function VonBertalanffy used for species SpinyDogfish.
osmose[info] Growth function VonBertalanffy used for species StripedBass.
osmose[info] Growth function VonBertalanffy used for species Goosefish.
osmose[info] Growth function VonBertalanffy used for species WinterFlounder.
osmose[info] Growth function VonBertalanffy used for species Squids.
osmose[info] Growth function VonBertalanffy used for species Flounders.
osmose[info] Growth function VonBertalanffy used for species SkateRays.
osmose[info] Growth function VonBertalanffy used for species Hakes.
osmose[info] Growth function VonBertalanffy used for species Benthopelagics.
osmose[info] Growth function VonBertalanffy used for species MiscellaneousDemersals.
osmose[info] Growth function VonBertalanffy used for species ShallowDemersal.
osmose[info] Growth function VonBertalanffy used for species WhitePerch.
osmose[info] Growth function VonBertalanffy used for species AtlanticTomcod.
osmose[warn] The minimum value for output distribution was set equal to 0. It has been corrected to 10.0
osmose[warn] The minimum value for output distribution was set equal to 0. It has been corrected to 2.0
osmose[warn] Could not find Boolean parameter output.spatial.abundance.enabled. Osmose assumes it is false.
osmose[warn] Could not find Boolean parameter output.spatial.biomass.enabled. Osmose assumes it is false.
osmose[warn] Could not find Boolean parameter output.spatial.size.enabled. Osmose assumes it is false.
osmose[warn] Could not find Boolean parameter output.spatial.enet.enabled. Osmose assumes it is false.
osmose[warn] Could not find Boolean parameter output.spatial.enet.larvae.enabled. Osmose assumes it is false.
osmose[warn] Could not find Boolean parameter output.spatial.enet.juv.enabled. Osmose assumes it is false.
osmose[warn] Could not find Boolean parameter output.spatial.mstarv.enabled. Osmose assumes it is false.
osmose[warn] Could not find Boolean parameter output.spatial.mpred.enabled. Osmose assumes it is false.
osmose[warn] Could not find Boolean parameter output.spatial.dg.enabled. Osmose assumes it is false.
osmose[warn] Could not find Boolean parameter output.spatial.egg.enabled. Osmose assumes it is false.
osmose[warn] Could not find Boolean parameter output.spatial.fisheries.enabled. Osmose assumes it is false.
osmose[warn] Could not find Boolean parameter output.fisheries.byage.enabled. Osmose assumes it is false.
osmose[warn] Could not find Boolean parameter output.fisheries.bysize.enabled. Osmose assumes it is false.
osmose[info] Growth function VonBertalanffy used for species AtlanticHerring.
osmose[info] Growth function VonBertalanffy used for species AtlanticMackerel.
osmose[info] Growth function VonBertalanffy used for species BlackSeaBass.
osmose[info] Growth function VonBertalanffy used for species Scup.
osmose[info] Growth function VonBertalanffy used for species SpinyDogfish.
osmose[info] Growth function VonBertalanffy used for species StripedBass.
osmose[info] Growth function VonBertalanffy used for species Goosefish.
osmose[info] Growth function VonBertalanffy used for species WinterFlounder.
osmose[info] Growth function VonBertalanffy used for species Squids.
osmose[info] Growth function VonBertalanffy used for species Flounders.
osmose[info] Growth function VonBertalanffy used for species SkateRays.
osmose[info] Growth function VonBertalanffy used for species Hakes.
osmose[info] Growth function VonBertalanffy used for species Benthopelagics.
osmose[info] Growth function VonBertalanffy used for species MiscellaneousDemersals.
osmose[info] Growth function VonBertalanffy used for species ShallowDemersal.
osmose[info] Growth function VonBertalanffy used for species WhitePerch.
osmose[info] Growth function VonBertalanffy used for species AtlanticTomcod.
osmose[info] year 0
osmose[info] year 1
osmose[info] year 2
osmose[info] year 3
osmose[info] year 4
osmose[info] year 5
osmose[info] year 6
osmose[info] year 7
osmose[info] year 8
osmose[info] year 9
osmose[info] year 10
osmose[info] year 11
osmose[info] year 12
osmose[info] year 13
osmose[info] year 14
osmose[info] year 15
osmose[info] year 16
osmose[info] year 17
osmose[info] year 18
osmose[info] year 19
osmose[info] Simulation 0 completed (time ellapsed: 653 seconds)
osmose[info] *********************************************
osmose[info] OSMOSE 4.4.1 (c) 2024 IRD.
osmose[info] ----------------------------------------------
