osmose[info] ----------------------------------------------
osmose[info] OSMOSE: Modelling Exploited Marine Ecosystems
osmose[info]         http://www.osmose-model.org
osmose[info] ----------------------------------------------
osmose[info] Software version: 4.4.1
osmose[info] Running configuration osmose-calibration.osm
osmose[info] Loading parameters from /gpfs/projects/ChenGroup/OSMOSE-HRENYB-GIT/calibration_1222/master/osmose-calibration.osm
osmose[info] . Loading parameters from /gpfs/projects/ChenGroup/OSMOSE-HRENYB-GIT/calibration_1222/master/calibration_parameters.osm
osmose[info] . Loading parameters from /gpfs/projects/ChenGroup/OSMOSE-HRENYB-GIT/calibration_1222/master/output-configuration.osm
osmose[warn] . . Osmose will ignore parameter output.biomass.enabled = TRUE (from /gpfs/projects/ChenGroup/OSMOSE-HRENYB-GIT/calibration_1222/master/output-configuration.osm line 4)
osmose[warn] . . Parameter already defined output.biomass.enabled = TRUE (from /gpfs/projects/ChenGroup/OSMOSE-HRENYB-GIT/calibration_1222/master/calibration_parameters.osm line 141)
osmose[warn] . . Osmose will ignore parameter output.meansize.byage.enabled = TRUE (from /gpfs/projects/ChenGroup/OSMOSE-HRENYB-GIT/calibration_1222/master/output-configuration.osm line 7)
osmose[warn] . . Parameter already defined output.meansize.byage.enabled = TRUE (from /gpfs/projects/ChenGroup/OSMOSE-HRENYB-GIT/calibration_1222/master/calibration_parameters.osm line 143)
osmose[warn] . . Osmose will ignore parameter output.fishing.accessible.biomass = FALSE (from /gpfs/projects/ChenGroup/OSMOSE-HRENYB-GIT/calibration_1222/master/output-configuration.osm line 15)
osmose[warn] . . Parameter already defined output.fishing.accessible.biomass = FALSE (from /gpfs/projects/ChenGroup/OSMOSE-HRENYB-GIT/calibration_1222/master/output-configuration.osm line 13)
osmose[warn] . . Osmose will ignore parameter output.fishing.harvested.biomass = FALSE (from /gpfs/projects/ChenGroup/OSMOSE-HRENYB-GIT/calibration_1222/master/output-configuration.osm line 16)
osmose[warn] . . Parameter already defined output.fishing.harvested.biomass = FALSE (from /gpfs/projects/ChenGroup/OSMOSE-HRENYB-GIT/calibration_1222/master/output-configuration.osm line 14)
osmose[warn] . . Osmose will ignore parameter output.biomass.bysize.enabled = FALSE (from /gpfs/projects/ChenGroup/OSMOSE-HRENYB-GIT/calibration_1222/master/output-configuration.osm line 21)
osmose[warn] . . Parameter already defined output.biomass.bysize.enabled = TRUE (from /gpfs/projects/ChenGroup/OSMOSE-HRENYB-GIT/calibration_1222/master/calibration_parameters.osm line 142)
osmose[warn] . . Osmose will ignore parameter output.mortality.enabled = FALSE (from /gpfs/projects/ChenGroup/OSMOSE-HRENYB-GIT/calibration_1222/master/output-configuration.osm line 76)
osmose[warn] . . Parameter already defined output.mortality.enabled = TRUE (from /gpfs/projects/ChenGroup/OSMOSE-HRENYB-GIT/calibration_1222/master/calibration_parameters.osm line 139)
osmose[warn] . . Osmose will ignore parameter output.size.enabled = FALSE (from /gpfs/projects/ChenGroup/OSMOSE-HRENYB-GIT/calibration_1222/master/output-configuration.osm line 84)
osmose[warn] . . Parameter already defined output.size.enabled = TRUE (from /gpfs/projects/ChenGroup/OSMOSE-HRENYB-GIT/calibration_1222/master/calibration_parameters.osm line 144)
osmose[warn] . . Osmose will ignore parameter output.tl.enabled = FALSE (from /gpfs/projects/ChenGroup/OSMOSE-HRENYB-GIT/calibration_1222/master/output-configuration.osm line 86)
osmose[warn] . . Parameter already defined output.tl.enabled = TRUE (from /gpfs/projects/ChenGroup/OSMOSE-HRENYB-GIT/calibration_1222/master/calibration_parameters.osm line 140)
osmose[warn] . . Osmose will ignore parameter output.meansize.byage.enabled = FALSE (from /gpfs/projects/ChenGroup/OSMOSE-HRENYB-GIT/calibration_1222/master/output-configuration.osm line 93)
osmose[warn] . . Parameter already defined output.meansize.byage.enabled = TRUE (from /gpfs/projects/ChenGroup/OSMOSE-HRENYB-GIT/calibration_1222/master/calibration_parameters.osm line 143)
osmose[warn] . . Osmose will ignore parameter output.diet.composition.enabled = FALSE (from /gpfs/projects/ChenGroup/OSMOSE-HRENYB-GIT/calibration_1222/master/output-configuration.osm line 98)
osmose[warn] . . Parameter already defined output.diet.composition.enabled = TRUE (from /gpfs/projects/ChenGroup/OSMOSE-HRENYB-GIT/calibration_1222/master/calibration_parameters.osm line 138)
osmose[info] . Loading parameters from /gpfs/projects/ChenGroup/OSMOSE-HRENYB-GIT/osmose-hrenyb-v4.4.1-xiangyan/osmose-hrenyb_1222.R
osmose[warn] . . Osmose will ignore parameter mortality.additional.rate.sp8 = 2.69079601823794 (from /gpfs/projects/ChenGroup/OSMOSE-HRENYB-GIT/osmose-hrenyb-v4.4.1-xiangyan/osmose-hrenyb_1222.R line 20)
osmose[warn] . . Parameter already defined mortality.additional.rate.sp8 = 2.21090047017071 (from /gpfs/projects/ChenGroup/OSMOSE-HRENYB-GIT/calibration_1222/master/calibration_parameters.osm line 26)
osmose[info] . . Loading parameters from /gpfs/projects/ChenGroup/OSMOSE-HRENYB-GIT/osmose-hrenyb-v4.4.1-xiangyan/input/calibration-parameters.csv
osmose[warn] . . . Osmose will ignore parameter species.accessibility2fish.sp17 = 0.962750908339636 (from /gpfs/projects/ChenGroup/OSMOSE-HRENYB-GIT/osmose-hrenyb-v4.4.1-xiangyan/input/calibration-parameters.csv line 1)
osmose[warn] . . . Parameter already defined species.accessibility2fish.sp17 = 0.999865062261512 (from /gpfs/projects/ChenGroup/OSMOSE-HRENYB-GIT/calibration_1222/master/calibration_parameters.osm line 1)
osmose[warn] . . . Osmose will ignore parameter species.accessibility2fish.sp18 = 6.15856120597787e-08 (from /gpfs/projects/ChenGroup/OSMOSE-HRENYB-GIT/osmose-hrenyb-v4.4.1-xiangyan/input/calibration-parameters.csv line 2)
osmose[warn] . . . Parameter already defined species.accessibility2fish.sp18 = 1.17669801080116e-08 (from /gpfs/projects/ChenGroup/OSMOSE-HRENYB-GIT/calibration_1222/master/calibration_parameters.osm line 2)
osmose[warn] . . . Osmose will ignore parameter species.accessibility2fish.sp19 = 0.999990207797575 (from /gpfs/projects/ChenGroup/OSMOSE-HRENYB-GIT/osmose-hrenyb-v4.4.1-xiangyan/input/calibration-parameters.csv line 3)
osmose[warn] . . . Parameter already defined species.accessibility2fish.sp19 = 0.97886393205702 (from /gpfs/projects/ChenGroup/OSMOSE-HRENYB-GIT/calibration_1222/master/calibration_parameters.osm line 3)
osmose[warn] . . . Osmose will ignore parameter species.accessibility2fish.sp20 = 1.61212959130449e-06 (from /gpfs/projects/ChenGroup/OSMOSE-HRENYB-GIT/osmose-hrenyb-v4.4.1-xiangyan/input/calibration-parameters.csv line 4)
osmose[warn] . . . Parameter already defined species.accessibility2fish.sp20 = 0.0312207757728936 (from /gpfs/projects/ChenGroup/OSMOSE-HRENYB-GIT/calibration_1222/master/calibration_parameters.osm line 4)
osmose[warn] . . . Osmose will ignore parameter species.accessibility2fish.sp21 = 0.999999948830674 (from /gpfs/projects/ChenGroup/OSMOSE-HRENYB-GIT/osmose-hrenyb-v4.4.1-xiangyan/input/calibration-parameters.csv line 5)
osmose[warn] . . . Parameter already defined species.accessibility2fish.sp21 = 0.997729048327181 (from /gpfs/projects/ChenGroup/OSMOSE-HRENYB-GIT/calibration_1222/master/calibration_parameters.osm line 5)
osmose[warn] . . . Osmose will ignore parameter species.accessibility2fish.sp22 = 0.999999319594914 (from /gpfs/projects/ChenGroup/OSMOSE-HRENYB-GIT/osmose-hrenyb-v4.4.1-xiangyan/input/calibration-parameters.csv line 6)
osmose[warn] . . . Parameter already defined species.accessibility2fish.sp22 = 0.996261658198741 (from /gpfs/projects/ChenGroup/OSMOSE-HRENYB-GIT/calibration_1222/master/calibration_parameters.osm line 6)
osmose[warn] . . . Osmose will ignore parameter species.accessibility2fish.sp23 = 0.000557327054382221 (from /gpfs/projects/ChenGroup/OSMOSE-HRENYB-GIT/osmose-hrenyb-v4.4.1-xiangyan/input/calibration-parameters.csv line 7)
osmose[warn] . . . Parameter already defined species.accessibility2fish.sp23 = 0.999932941944836 (from /gpfs/projects/ChenGroup/OSMOSE-HRENYB-GIT/calibration_1222/master/calibration_parameters.osm line 7)
osmose[warn] . . . Osmose will ignore parameter species.accessibility2fish.sp24 = 0.999973285706658 (from /gpfs/projects/ChenGroup/OSMOSE-HRENYB-GIT/osmose-hrenyb-v4.4.1-xiangyan/input/calibration-parameters.csv line 8)
osmose[warn] . . . Parameter already defined species.accessibility2fish.sp24 = 0.99999998455148 (from /gpfs/projects/ChenGroup/OSMOSE-HRENYB-GIT/calibration_1222/master/calibration_parameters.osm line 8)
osmose[warn] . . . Osmose will ignore parameter population.initialization.biomass.sp0 = 1172.993 (from /gpfs/projects/ChenGroup/OSMOSE-HRENYB-GIT/osmose-hrenyb-v4.4.1-xiangyan/input/calibration-parameters.csv line 9)
osmose[warn] . . . Parameter already defined population.initialization.biomass.sp0 = 1172.993 (from /gpfs/projects/ChenGroup/OSMOSE-HRENYB-GIT/calibration_1222/master/calibration_parameters.osm line 9)
osmose[warn] . . . Osmose will ignore parameter population.initialization.biomass.sp1 = 5953.03500000002 (from /gpfs/projects/ChenGroup/OSMOSE-HRENYB-GIT/osmose-hrenyb-v4.4.1-xiangyan/input/calibration-parameters.csv line 10)
osmose[warn] . . . Parameter already defined population.initialization.biomass.sp1 = 5953.03500000002 (from /gpfs/projects/ChenGroup/OSMOSE-HRENYB-GIT/calibration_1222/master/calibration_parameters.osm line 10)
osmose[warn] . . . Osmose will ignore parameter population.initialization.biomass.sp2 = 140.252999999999 (from /gpfs/projects/ChenGroup/OSMOSE-HRENYB-GIT/osmose-hrenyb-v4.4.1-xiangyan/input/calibration-parameters.csv line 11)
osmose[warn] . . . Parameter already defined population.initialization.biomass.sp2 = 140.252999999999 (from /gpfs/projects/ChenGroup/OSMOSE-HRENYB-GIT/calibration_1222/master/calibration_parameters.osm line 11)
osmose[warn] . . . Osmose will ignore parameter population.initialization.biomass.sp3 = 2366.25899999998 (from /gpfs/projects/ChenGroup/OSMOSE-HRENYB-GIT/osmose-hrenyb-v4.4.1-xiangyan/input/calibration-parameters.csv line 12)
osmose[warn] . . . Parameter already defined population.initialization.biomass.sp3 = 2366.25899999998 (from /gpfs/projects/ChenGroup/OSMOSE-HRENYB-GIT/calibration_1222/master/calibration_parameters.osm line 12)
osmose[warn] . . . Osmose will ignore parameter population.initialization.biomass.sp4 = 23314.4080000001 (from /gpfs/projects/ChenGroup/OSMOSE-HRENYB-GIT/osmose-hrenyb-v4.4.1-xiangyan/input/calibration-parameters.csv line 13)
osmose[warn] . . . Parameter already defined population.initialization.biomass.sp4 = 23314.4080000001 (from /gpfs/projects/ChenGroup/OSMOSE-HRENYB-GIT/calibration_1222/master/calibration_parameters.osm line 13)
osmose[warn] . . . Osmose will ignore parameter population.initialization.biomass.sp5 = 432.496999999998 (from /gpfs/projects/ChenGroup/OSMOSE-HRENYB-GIT/osmose-hrenyb-v4.4.1-xiangyan/input/calibration-parameters.csv line 14)
osmose[warn] . . . Parameter already defined population.initialization.biomass.sp5 = 432.496999999998 (from /gpfs/projects/ChenGroup/OSMOSE-HRENYB-GIT/calibration_1222/master/calibration_parameters.osm line 14)
osmose[warn] . . . Osmose will ignore parameter population.initialization.biomass.sp6 = 695.020999999996 (from /gpfs/projects/ChenGroup/OSMOSE-HRENYB-GIT/osmose-hrenyb-v4.4.1-xiangyan/input/calibration-parameters.csv line 15)
osmose[warn] . . . Parameter already defined population.initialization.biomass.sp6 = 695.020999999996 (from /gpfs/projects/ChenGroup/OSMOSE-HRENYB-GIT/calibration_1222/master/calibration_parameters.osm line 15)
osmose[warn] . . . Osmose will ignore parameter population.initialization.biomass.sp7 = 1796.66900000001 (from /gpfs/projects/ChenGroup/OSMOSE-HRENYB-GIT/osmose-hrenyb-v4.4.1-xiangyan/input/calibration-parameters.csv line 16)
osmose[warn] . . . Parameter already defined population.initialization.biomass.sp7 = 1796.66900000001 (from /gpfs/projects/ChenGroup/OSMOSE-HRENYB-GIT/calibration_1222/master/calibration_parameters.osm line 16)
osmose[warn] . . . Osmose will ignore parameter population.initialization.biomass.sp8 = 12483.3229999999 (from /gpfs/projects/ChenGroup/OSMOSE-HRENYB-GIT/osmose-hrenyb-v4.4.1-xiangyan/input/calibration-parameters.csv line 17)
osmose[warn] . . . Parameter already defined population.initialization.biomass.sp8 = 12483.3229999999 (from /gpfs/projects/ChenGroup/OSMOSE-HRENYB-GIT/calibration_1222/master/calibration_parameters.osm line 17)
osmose[warn] . . . Osmose will ignore parameter population.initialization.biomass.sp9 = 5884.28599999993 (from /gpfs/projects/ChenGroup/OSMOSE-HRENYB-GIT/osmose-hrenyb-v4.4.1-xiangyan/input/calibration-parameters.csv line 18)
osmose[warn] . . . Parameter already defined population.initialization.biomass.sp9 = 5884.28599999993 (from /gpfs/projects/ChenGroup/OSMOSE-HRENYB-GIT/calibration_1222/master/calibration_parameters.osm line 18)
osmose[warn] . . . Osmose will ignore parameter population.initialization.biomass.sp10 = 17610.179 (from /gpfs/projects/ChenGroup/OSMOSE-HRENYB-GIT/osmose-hrenyb-v4.4.1-xiangyan/input/calibration-parameters.csv line 19)
osmose[warn] . . . Parameter already defined population.initialization.biomass.sp10 = 17610.179 (from /gpfs/projects/ChenGroup/OSMOSE-HRENYB-GIT/calibration_1222/master/calibration_parameters.osm line 19)
osmose[warn] . . . Osmose will ignore parameter population.initialization.biomass.sp11 = 3156.81599999999 (from /gpfs/projects/ChenGroup/OSMOSE-HRENYB-GIT/osmose-hrenyb-v4.4.1-xiangyan/input/calibration-parameters.csv line 20)
osmose[warn] . . . Parameter already defined population.initialization.biomass.sp11 = 3156.81599999999 (from /gpfs/projects/ChenGroup/OSMOSE-HRENYB-GIT/calibration_1222/master/calibration_parameters.osm line 20)
osmose[warn] . . . Osmose will ignore parameter population.initialization.biomass.sp12 = 6687.45000000001 (from /gpfs/projects/ChenGroup/OSMOSE-HRENYB-GIT/osmose-hrenyb-v4.4.1-xiangyan/input/calibration-parameters.csv line 21)
osmose[warn] . . . Parameter already defined population.initialization.biomass.sp12 = 6687.45000000001 (from /gpfs/projects/ChenGroup/OSMOSE-HRENYB-GIT/calibration_1222/master/calibration_parameters.osm line 21)
osmose[warn] . . . Osmose will ignore parameter population.initialization.biomass.sp13 = 6703.98700000001 (from /gpfs/projects/ChenGroup/OSMOSE-HRENYB-GIT/osmose-hrenyb-v4.4.1-xiangyan/input/calibration-parameters.csv line 22)
osmose[warn] . . . Parameter already defined population.initialization.biomass.sp13 = 6703.98700000001 (from /gpfs/projects/ChenGroup/OSMOSE-HRENYB-GIT/calibration_1222/master/calibration_parameters.osm line 22)
osmose[warn] . . . Osmose will ignore parameter population.initialization.biomass.sp14 = 679.221000000007 (from /gpfs/projects/ChenGroup/OSMOSE-HRENYB-GIT/osmose-hrenyb-v4.4.1-xiangyan/input/calibration-parameters.csv line 23)
osmose[warn] . . . Parameter already defined population.initialization.biomass.sp14 = 679.221000000007 (from /gpfs/projects/ChenGroup/OSMOSE-HRENYB-GIT/calibration_1222/master/calibration_parameters.osm line 23)
osmose[warn] . . . Osmose will ignore parameter population.initialization.biomass.sp15 = 1.169 (from /gpfs/projects/ChenGroup/OSMOSE-HRENYB-GIT/osmose-hrenyb-v4.4.1-xiangyan/input/calibration-parameters.csv line 24)
osmose[warn] . . . Parameter already defined population.initialization.biomass.sp15 = 1.169 (from /gpfs/projects/ChenGroup/OSMOSE-HRENYB-GIT/calibration_1222/master/calibration_parameters.osm line 24)
osmose[warn] . . . Osmose will ignore parameter population.initialization.biomass.sp16 = 0.369 (from /gpfs/projects/ChenGroup/OSMOSE-HRENYB-GIT/osmose-hrenyb-v4.4.1-xiangyan/input/calibration-parameters.csv line 25)
osmose[warn] . . . Parameter already defined population.initialization.biomass.sp16 = 0.369 (from /gpfs/projects/ChenGroup/OSMOSE-HRENYB-GIT/calibration_1222/master/calibration_parameters.osm line 25)
osmose[warn] . . . Osmose will ignore parameter mortality.additional.rate.sp0 = 0.000992345865481093 (from /gpfs/projects/ChenGroup/OSMOSE-HRENYB-GIT/osmose-hrenyb-v4.4.1-xiangyan/input/calibration-parameters.csv line 26)
osmose[warn] . . . Parameter already defined mortality.additional.rate.sp0 = 0.175929019236931 (from /gpfs/projects/ChenGroup/OSMOSE-HRENYB-GIT/calibration_1222/master/calibration_parameters.osm line 27)
osmose[warn] . . . Osmose will ignore parameter mortality.additional.rate.sp1 = 0.194247842788006 (from /gpfs/projects/ChenGroup/OSMOSE-HRENYB-GIT/osmose-hrenyb-v4.4.1-xiangyan/input/calibration-parameters.csv line 27)
osmose[warn] . . . Parameter already defined mortality.additional.rate.sp1 = 3.09376076219656 (from /gpfs/projects/ChenGroup/OSMOSE-HRENYB-GIT/calibration_1222/master/calibration_parameters.osm line 28)
osmose[warn] . . . Osmose will ignore parameter mortality.additional.rate.sp2 = 0.0121782393837737 (from /gpfs/projects/ChenGroup/OSMOSE-HRENYB-GIT/osmose-hrenyb-v4.4.1-xiangyan/input/calibration-parameters.csv line 28)
osmose[warn] . . . Parameter already defined mortality.additional.rate.sp2 = 0.00224144446696332 (from /gpfs/projects/ChenGroup/OSMOSE-HRENYB-GIT/calibration_1222/master/calibration_parameters.osm line 29)
osmose[warn] . . . Osmose will ignore parameter mortality.additional.rate.sp3 = 0.0156384657536921 (from /gpfs/projects/ChenGroup/OSMOSE-HRENYB-GIT/osmose-hrenyb-v4.4.1-xiangyan/input/calibration-parameters.csv line 29)
osmose[warn] . . . Parameter already defined mortality.additional.rate.sp3 = 0.00061452348190231 (from /gpfs/projects/ChenGroup/OSMOSE-HRENYB-GIT/calibration_1222/master/calibration_parameters.osm line 30)
osmose[warn] . . . Osmose will ignore parameter mortality.additional.rate.sp4 = 0.0193161637444136 (from /gpfs/projects/ChenGroup/OSMOSE-HRENYB-GIT/osmose-hrenyb-v4.4.1-xiangyan/input/calibration-parameters.csv line 30)
osmose[warn] . . . Parameter already defined mortality.additional.rate.sp4 = 0.000890473134958425 (from /gpfs/projects/ChenGroup/OSMOSE-HRENYB-GIT/calibration_1222/master/calibration_parameters.osm line 31)
osmose[warn] . . . Osmose will ignore parameter mortality.additional.rate.sp5 = 0.0368639498392237 (from /gpfs/projects/ChenGroup/OSMOSE-HRENYB-GIT/osmose-hrenyb-v4.4.1-xiangyan/input/calibration-parameters.csv line 31)
osmose[warn] . . . Parameter already defined mortality.additional.rate.sp5 = 0.10816946910608 (from /gpfs/projects/ChenGroup/OSMOSE-HRENYB-GIT/calibration_1222/master/calibration_parameters.osm line 32)
osmose[warn] . . . Osmose will ignore parameter mortality.additional.rate.sp6 = 0.00831968434695646 (from /gpfs/projects/ChenGroup/OSMOSE-HRENYB-GIT/osmose-hrenyb-v4.4.1-xiangyan/input/calibration-parameters.csv line 32)
osmose[warn] . . . Parameter already defined mortality.additional.rate.sp6 = 0.00108651695667231 (from /gpfs/projects/ChenGroup/OSMOSE-HRENYB-GIT/calibration_1222/master/calibration_parameters.osm line 33)
osmose[warn] . . . Osmose will ignore parameter mortality.additional.rate.sp7 = 0.0156623297537899 (from /gpfs/projects/ChenGroup/OSMOSE-HRENYB-GIT/osmose-hrenyb-v4.4.1-xiangyan/input/calibration-parameters.csv line 33)
osmose[warn] . . . Parameter already defined mortality.additional.rate.sp7 = 0.0367707825296596 (from /gpfs/projects/ChenGroup/OSMOSE-HRENYB-GIT/calibration_1222/master/calibration_parameters.osm line 34)
osmose[warn] . . . Osmose will ignore parameter mortality.additional.rate.sp8 = 0.00192490793251052 (from /gpfs/projects/ChenGroup/OSMOSE-HRENYB-GIT/osmose-hrenyb-v4.4.1-xiangyan/input/calibration-parameters.csv line 34)
osmose[warn] . . . Parameter already defined mortality.additional.rate.sp8 = 2.21090047017071 (from /gpfs/projects/ChenGroup/OSMOSE-HRENYB-GIT/calibration_1222/master/calibration_parameters.osm line 26)
osmose[warn] . . . Osmose will ignore parameter mortality.additional.rate.sp9 = 0.00425474420410077 (from /gpfs/projects/ChenGroup/OSMOSE-HRENYB-GIT/osmose-hrenyb-v4.4.1-xiangyan/input/calibration-parameters.csv line 35)
osmose[warn] . . . Parameter already defined mortality.additional.rate.sp9 = 0.000231435195156782 (from /gpfs/projects/ChenGroup/OSMOSE-HRENYB-GIT/calibration_1222/master/calibration_parameters.osm line 35)
osmose[warn] . . . Osmose will ignore parameter mortality.additional.rate.sp10 = 0.312301669378777 (from /gpfs/projects/ChenGroup/OSMOSE-HRENYB-GIT/osmose-hrenyb-v4.4.1-xiangyan/input/calibration-parameters.csv line 36)
osmose[warn] . . . Parameter already defined mortality.additional.rate.sp10 = 0.186880668791039 (from /gpfs/projects/ChenGroup/OSMOSE-HRENYB-GIT/calibration_1222/master/calibration_parameters.osm line 36)
osmose[warn] . . . Osmose will ignore parameter mortality.additional.rate.sp11 = 0.0227957865283275 (from /gpfs/projects/ChenGroup/OSMOSE-HRENYB-GIT/osmose-hrenyb-v4.4.1-xiangyan/input/calibration-parameters.csv line 37)
osmose[warn] . . . Parameter already defined mortality.additional.rate.sp11 = 0.000420990621715584 (from /gpfs/projects/ChenGroup/OSMOSE-HRENYB-GIT/calibration_1222/master/calibration_parameters.osm line 37)
osmose[warn] . . . Osmose will ignore parameter mortality.additional.rate.sp12 = 0.0167541174539542 (from /gpfs/projects/ChenGroup/OSMOSE-HRENYB-GIT/osmose-hrenyb-v4.4.1-xiangyan/input/calibration-parameters.csv line 38)
osmose[warn] . . . Parameter already defined mortality.additional.rate.sp12 = 0.00291247525156241 (from /gpfs/projects/ChenGroup/OSMOSE-HRENYB-GIT/calibration_1222/master/calibration_parameters.osm line 38)
osmose[warn] . . . Osmose will ignore parameter mortality.additional.rate.sp13 = 0.000745811798209961 (from /gpfs/projects/ChenGroup/OSMOSE-HRENYB-GIT/osmose-hrenyb-v4.4.1-xiangyan/input/calibration-parameters.csv line 39)
osmose[warn] . . . Parameter already defined mortality.additional.rate.sp13 = 0.591653828754999 (from /gpfs/projects/ChenGroup/OSMOSE-HRENYB-GIT/calibration_1222/master/calibration_parameters.osm line 39)
osmose[warn] . . . Osmose will ignore parameter mortality.additional.rate.sp14 = 0.149307489228968 (from /gpfs/projects/ChenGroup/OSMOSE-HRENYB-GIT/osmose-hrenyb-v4.4.1-xiangyan/input/calibration-parameters.csv line 40)
osmose[warn] . . . Parameter already defined mortality.additional.rate.sp14 = 0.00768116590417565 (from /gpfs/projects/ChenGroup/OSMOSE-HRENYB-GIT/calibration_1222/master/calibration_parameters.osm line 40)
osmose[warn] . . . Osmose will ignore parameter mortality.additional.rate.sp15 = 0.269424989332745 (from /gpfs/projects/ChenGroup/OSMOSE-HRENYB-GIT/osmose-hrenyb-v4.4.1-xiangyan/input/calibration-parameters.csv line 41)
osmose[warn] . . . Parameter already defined mortality.additional.rate.sp15 = 0.260021413461912 (from /gpfs/projects/ChenGroup/OSMOSE-HRENYB-GIT/calibration_1222/master/calibration_parameters.osm line 41)
osmose[warn] . . . Osmose will ignore parameter mortality.additional.rate.sp16 = 0.00912569067862169 (from /gpfs/projects/ChenGroup/OSMOSE-HRENYB-GIT/osmose-hrenyb-v4.4.1-xiangyan/input/calibration-parameters.csv line 42)
osmose[warn] . . . Parameter already defined mortality.additional.rate.sp16 = 0.00763420473305485 (from /gpfs/projects/ChenGroup/OSMOSE-HRENYB-GIT/calibration_1222/master/calibration_parameters.osm line 42)
osmose[warn] . . . Osmose will ignore parameter mortality.additional.larva.rate.sp0 = 37.1096136106488 (from /gpfs/projects/ChenGroup/OSMOSE-HRENYB-GIT/osmose-hrenyb-v4.4.1-xiangyan/input/calibration-parameters.csv line 43)
osmose[warn] . . . Parameter already defined mortality.additional.larva.rate.sp0 = 8.49923064354452 (from /gpfs/projects/ChenGroup/OSMOSE-HRENYB-GIT/calibration_1222/master/calibration_parameters.osm line 43)
osmose[warn] . . . Osmose will ignore parameter mortality.additional.larva.rate.sp1 = 0.158356639982072 (from /gpfs/projects/ChenGroup/OSMOSE-HRENYB-GIT/osmose-hrenyb-v4.4.1-xiangyan/input/calibration-parameters.csv line 44)
osmose[warn] . . . Parameter already defined mortality.additional.larva.rate.sp1 = 0.589406607475977 (from /gpfs/projects/ChenGroup/OSMOSE-HRENYB-GIT/calibration_1222/master/calibration_parameters.osm line 44)
osmose[warn] . . . Osmose will ignore parameter mortality.additional.larva.rate.sp2 = 4.99347156208554 (from /gpfs/projects/ChenGroup/OSMOSE-HRENYB-GIT/osmose-hrenyb-v4.4.1-xiangyan/input/calibration-parameters.csv line 45)
osmose[warn] . . . Parameter already defined mortality.additional.larva.rate.sp2 = 50.5351336164249 (from /gpfs/projects/ChenGroup/OSMOSE-HRENYB-GIT/calibration_1222/master/calibration_parameters.osm line 45)
osmose[warn] . . . Osmose will ignore parameter mortality.additional.larva.rate.sp3 = 1382.83948615147 (from /gpfs/projects/ChenGroup/OSMOSE-HRENYB-GIT/osmose-hrenyb-v4.4.1-xiangyan/input/calibration-parameters.csv line 46)
osmose[warn] . . . Parameter already defined mortality.additional.larva.rate.sp3 = 1.56555632226976 (from /gpfs/projects/ChenGroup/OSMOSE-HRENYB-GIT/calibration_1222/master/calibration_parameters.osm line 46)
osmose[warn] . . . Osmose will ignore parameter mortality.additional.larva.rate.sp5 = 3460.71870117354 (from /gpfs/projects/ChenGroup/OSMOSE-HRENYB-GIT/osmose-hrenyb-v4.4.1-xiangyan/input/calibration-parameters.csv line 47)
osmose[warn] . . . Parameter already defined mortality.additional.larva.rate.sp5 = 3488.03382971322 (from /gpfs/projects/ChenGroup/OSMOSE-HRENYB-GIT/calibration_1222/master/calibration_parameters.osm line 47)
osmose[warn] . . . Osmose will ignore parameter mortality.additional.larva.rate.sp6 = 57.1692205669513 (from /gpfs/projects/ChenGroup/OSMOSE-HRENYB-GIT/osmose-hrenyb-v4.4.1-xiangyan/input/calibration-parameters.csv line 48)
osmose[warn] . . . Parameter already defined mortality.additional.larva.rate.sp6 = 636.339786743594 (from /gpfs/projects/ChenGroup/OSMOSE-HRENYB-GIT/calibration_1222/master/calibration_parameters.osm line 48)
osmose[warn] . . . Osmose will ignore parameter mortality.additional.larva.rate.sp7 = 201.350485229377 (from /gpfs/projects/ChenGroup/OSMOSE-HRENYB-GIT/osmose-hrenyb-v4.4.1-xiangyan/input/calibration-parameters.csv line 49)
osmose[warn] . . . Parameter already defined mortality.additional.larva.rate.sp7 = 214.017001657785 (from /gpfs/projects/ChenGroup/OSMOSE-HRENYB-GIT/calibration_1222/master/calibration_parameters.osm line 49)
osmose[warn] . . . Osmose will ignore parameter mortality.additional.larva.rate.sp8 = 0.146362246759845 (from /gpfs/projects/ChenGroup/OSMOSE-HRENYB-GIT/osmose-hrenyb-v4.4.1-xiangyan/input/calibration-parameters.csv line 50)
osmose[warn] . . . Parameter already defined mortality.additional.larva.rate.sp8 = 0.203890261039291 (from /gpfs/projects/ChenGroup/OSMOSE-HRENYB-GIT/calibration_1222/master/calibration_parameters.osm line 50)
osmose[warn] . . . Osmose will ignore parameter mortality.additional.larva.rate.sp9 = 218.419180166858 (from /gpfs/projects/ChenGroup/OSMOSE-HRENYB-GIT/osmose-hrenyb-v4.4.1-xiangyan/input/calibration-parameters.csv line 51)
osmose[warn] . . . Parameter already defined mortality.additional.larva.rate.sp9 = 184.643182921497 (from /gpfs/projects/ChenGroup/OSMOSE-HRENYB-GIT/calibration_1222/master/calibration_parameters.osm line 51)
osmose[warn] . . . Osmose will ignore parameter mortality.additional.larva.rate.sp10 = 0.281977368231443 (from /gpfs/projects/ChenGroup/OSMOSE-HRENYB-GIT/osmose-hrenyb-v4.4.1-xiangyan/input/calibration-parameters.csv line 52)
osmose[warn] . . . Parameter already defined mortality.additional.larva.rate.sp10 = 0.390574824712216 (from /gpfs/projects/ChenGroup/OSMOSE-HRENYB-GIT/calibration_1222/master/calibration_parameters.osm line 52)
osmose[warn] . . . Osmose will ignore parameter mortality.additional.larva.rate.sp11 = 2.89033882500512 (from /gpfs/projects/ChenGroup/OSMOSE-HRENYB-GIT/osmose-hrenyb-v4.4.1-xiangyan/input/calibration-parameters.csv line 53)
osmose[warn] . . . Parameter already defined mortality.additional.larva.rate.sp11 = 22.7246075911311 (from /gpfs/projects/ChenGroup/OSMOSE-HRENYB-GIT/calibration_1222/master/calibration_parameters.osm line 53)
osmose[warn] . . . Osmose will ignore parameter mortality.additional.larva.rate.sp12 = 2.91824959801713 (from /gpfs/projects/ChenGroup/OSMOSE-HRENYB-GIT/osmose-hrenyb-v4.4.1-xiangyan/input/calibration-parameters.csv line 54)
osmose[warn] . . . Parameter already defined mortality.additional.larva.rate.sp12 = 23.1908404370095 (from /gpfs/projects/ChenGroup/OSMOSE-HRENYB-GIT/calibration_1222/master/calibration_parameters.osm line 54)
osmose[warn] . . . Osmose will ignore parameter mortality.additional.larva.rate.sp13 = 253.930892562076 (from /gpfs/projects/ChenGroup/OSMOSE-HRENYB-GIT/osmose-hrenyb-v4.4.1-xiangyan/input/calibration-parameters.csv line 55)
osmose[warn] . . . Parameter already defined mortality.additional.larva.rate.sp13 = 33.0031673258809 (from /gpfs/projects/ChenGroup/OSMOSE-HRENYB-GIT/calibration_1222/master/calibration_parameters.osm line 55)
osmose[warn] . . . Osmose will ignore parameter mortality.additional.larva.rate.sp14 = 0.558734705972119 (from /gpfs/projects/ChenGroup/OSMOSE-HRENYB-GIT/osmose-hrenyb-v4.4.1-xiangyan/input/calibration-parameters.csv line 56)
osmose[warn] . . . Parameter already defined mortality.additional.larva.rate.sp14 = 2.34620596279946 (from /gpfs/projects/ChenGroup/OSMOSE-HRENYB-GIT/calibration_1222/master/calibration_parameters.osm line 56)
osmose[warn] . . . Osmose will ignore parameter mortality.additional.larva.rate.sp15 = 2983.85335264936 (from /gpfs/projects/ChenGroup/OSMOSE-HRENYB-GIT/osmose-hrenyb-v4.4.1-xiangyan/input/calibration-parameters.csv line 57)
osmose[warn] . . . Parameter already defined mortality.additional.larva.rate.sp15 = 142.136987336147 (from /gpfs/projects/ChenGroup/OSMOSE-HRENYB-GIT/calibration_1222/master/calibration_parameters.osm line 57)
osmose[warn] . . . Osmose will ignore parameter mortality.additional.larva.rate.sp16 = 680.699598706376 (from /gpfs/projects/ChenGroup/OSMOSE-HRENYB-GIT/osmose-hrenyb-v4.4.1-xiangyan/input/calibration-parameters.csv line 58)
osmose[warn] . . . Parameter already defined mortality.additional.larva.rate.sp16 = 6353.08286027531 (from /gpfs/projects/ChenGroup/OSMOSE-HRENYB-GIT/calibration_1222/master/calibration_parameters.osm line 58)
osmose[warn] . . . Osmose will ignore parameter predation.ingestion.rate.max.sp0 = 13.0544214851327 (from /gpfs/projects/ChenGroup/OSMOSE-HRENYB-GIT/osmose-hrenyb-v4.4.1-xiangyan/input/calibration-parameters.csv line 75)
osmose[warn] . . . Parameter already defined predation.ingestion.rate.max.sp0 = 13.0544214851327 (from /gpfs/projects/ChenGroup/OSMOSE-HRENYB-GIT/calibration_1222/master/calibration_parameters.osm line 59)
osmose[warn] . . . Osmose will ignore parameter predation.ingestion.rate.max.sp1 = 17.499106054404 (from /gpfs/projects/ChenGroup/OSMOSE-HRENYB-GIT/osmose-hrenyb-v4.4.1-xiangyan/input/calibration-parameters.csv line 76)
osmose[warn] . . . Parameter already defined predation.ingestion.rate.max.sp1 = 17.499106054404 (from /gpfs/projects/ChenGroup/OSMOSE-HRENYB-GIT/calibration_1222/master/calibration_parameters.osm line 60)
osmose[warn] . . . Osmose will ignore parameter predation.ingestion.rate.max.sp2 = 22.2420307181588 (from /gpfs/projects/ChenGroup/OSMOSE-HRENYB-GIT/osmose-hrenyb-v4.4.1-xiangyan/input/calibration-parameters.csv line 77)
osmose[warn] . . . Parameter already defined predation.ingestion.rate.max.sp2 = 22.2420307181588 (from /gpfs/projects/ChenGroup/OSMOSE-HRENYB-GIT/calibration_1222/master/calibration_parameters.osm line 61)
osmose[warn] . . . Osmose will ignore parameter predation.ingestion.rate.max.sp3 = 20.2859341399713 (from /gpfs/projects/ChenGroup/OSMOSE-HRENYB-GIT/osmose-hrenyb-v4.4.1-xiangyan/input/calibration-parameters.csv line 78)
osmose[warn] . . . Parameter already defined predation.ingestion.rate.max.sp3 = 20.2859341399713 (from /gpfs/projects/ChenGroup/OSMOSE-HRENYB-GIT/calibration_1222/master/calibration_parameters.osm line 62)
osmose[warn] . . . Osmose will ignore parameter predation.ingestion.rate.max.sp4 = 30.2452945208137 (from /gpfs/projects/ChenGroup/OSMOSE-HRENYB-GIT/osmose-hrenyb-v4.4.1-xiangyan/input/calibration-parameters.csv line 79)
osmose[warn] . . . Parameter already defined predation.ingestion.rate.max.sp4 = 30.2452945208137 (from /gpfs/projects/ChenGroup/OSMOSE-HRENYB-GIT/calibration_1222/master/calibration_parameters.osm line 63)
osmose[warn] . . . Osmose will ignore parameter predation.ingestion.rate.max.sp5 = 36.3224232421672 (from /gpfs/projects/ChenGroup/OSMOSE-HRENYB-GIT/osmose-hrenyb-v4.4.1-xiangyan/input/calibration-parameters.csv line 80)
osmose[warn] . . . Parameter already defined predation.ingestion.rate.max.sp5 = 36.3224232421672 (from /gpfs/projects/ChenGroup/OSMOSE-HRENYB-GIT/calibration_1222/master/calibration_parameters.osm line 64)
osmose[warn] . . . Osmose will ignore parameter predation.ingestion.rate.max.sp6 = 49.5866509091333 (from /gpfs/projects/ChenGroup/OSMOSE-HRENYB-GIT/osmose-hrenyb-v4.4.1-xiangyan/input/calibration-parameters.csv line 81)
osmose[warn] . . . Parameter already defined predation.ingestion.rate.max.sp6 = 49.5866509091333 (from /gpfs/projects/ChenGroup/OSMOSE-HRENYB-GIT/calibration_1222/master/calibration_parameters.osm line 65)
osmose[warn] . . . Osmose will ignore parameter predation.ingestion.rate.max.sp7 = 3.37758830757062 (from /gpfs/projects/ChenGroup/OSMOSE-HRENYB-GIT/osmose-hrenyb-v4.4.1-xiangyan/input/calibration-parameters.csv line 82)
osmose[warn] . . . Parameter already defined predation.ingestion.rate.max.sp7 = 3.37758830757062 (from /gpfs/projects/ChenGroup/OSMOSE-HRENYB-GIT/calibration_1222/master/calibration_parameters.osm line 66)
osmose[warn] . . . Osmose will ignore parameter predation.ingestion.rate.max.sp8 = 27.4746951957393 (from /gpfs/projects/ChenGroup/OSMOSE-HRENYB-GIT/osmose-hrenyb-v4.4.1-xiangyan/input/calibration-parameters.csv line 83)
osmose[warn] . . . Parameter already defined predation.ingestion.rate.max.sp8 = 51.058178082476 (from /gpfs/projects/ChenGroup/OSMOSE-HRENYB-GIT/calibration_1222/master/calibration_parameters.osm line 67)
osmose[warn] . . . Osmose will ignore parameter predation.ingestion.rate.max.sp9 = 3.88886103394367 (from /gpfs/projects/ChenGroup/OSMOSE-HRENYB-GIT/osmose-hrenyb-v4.4.1-xiangyan/input/calibration-parameters.csv line 84)
osmose[warn] . . . Parameter already defined predation.ingestion.rate.max.sp9 = 3.88886103394367 (from /gpfs/projects/ChenGroup/OSMOSE-HRENYB-GIT/calibration_1222/master/calibration_parameters.osm line 68)
osmose[warn] . . . Osmose will ignore parameter predation.ingestion.rate.max.sp10 = 18.5111460151249 (from /gpfs/projects/ChenGroup/OSMOSE-HRENYB-GIT/osmose-hrenyb-v4.4.1-xiangyan/input/calibration-parameters.csv line 85)
osmose[warn] . . . Parameter already defined predation.ingestion.rate.max.sp10 = 18.5111460151249 (from /gpfs/projects/ChenGroup/OSMOSE-HRENYB-GIT/calibration_1222/master/calibration_parameters.osm line 69)
osmose[warn] . . . Osmose will ignore parameter predation.ingestion.rate.max.sp11 = 17.2883673390967 (from /gpfs/projects/ChenGroup/OSMOSE-HRENYB-GIT/osmose-hrenyb-v4.4.1-xiangyan/input/calibration-parameters.csv line 86)
osmose[warn] . . . Parameter already defined predation.ingestion.rate.max.sp11 = 17.2883673390967 (from /gpfs/projects/ChenGroup/OSMOSE-HRENYB-GIT/calibration_1222/master/calibration_parameters.osm line 70)
osmose[warn] . . . Osmose will ignore parameter predation.ingestion.rate.max.sp12 = 5.10513824731129 (from /gpfs/projects/ChenGroup/OSMOSE-HRENYB-GIT/osmose-hrenyb-v4.4.1-xiangyan/input/calibration-parameters.csv line 87)
osmose[warn] . . . Parameter already defined predation.ingestion.rate.max.sp12 = 5.10513824731129 (from /gpfs/projects/ChenGroup/OSMOSE-HRENYB-GIT/calibration_1222/master/calibration_parameters.osm line 71)
osmose[warn] . . . Osmose will ignore parameter predation.ingestion.rate.max.sp13 = 18.4475355878404 (from /gpfs/projects/ChenGroup/OSMOSE-HRENYB-GIT/osmose-hrenyb-v4.4.1-xiangyan/input/calibration-parameters.csv line 88)
osmose[warn] . . . Parameter already defined predation.ingestion.rate.max.sp13 = 18.4475355878404 (from /gpfs/projects/ChenGroup/OSMOSE-HRENYB-GIT/calibration_1222/master/calibration_parameters.osm line 72)
osmose[warn] . . . Osmose will ignore parameter predation.ingestion.rate.max.sp14 = 15.4896355511773 (from /gpfs/projects/ChenGroup/OSMOSE-HRENYB-GIT/osmose-hrenyb-v4.4.1-xiangyan/input/calibration-parameters.csv line 89)
osmose[warn] . . . Parameter already defined predation.ingestion.rate.max.sp14 = 15.4896355511773 (from /gpfs/projects/ChenGroup/OSMOSE-HRENYB-GIT/calibration_1222/master/calibration_parameters.osm line 73)
osmose[warn] . . . Osmose will ignore parameter predation.ingestion.rate.max.sp15 = 13.4664660620286 (from /gpfs/projects/ChenGroup/OSMOSE-HRENYB-GIT/osmose-hrenyb-v4.4.1-xiangyan/input/calibration-parameters.csv line 90)
osmose[warn] . . . Parameter already defined predation.ingestion.rate.max.sp15 = 13.4664660620286 (from /gpfs/projects/ChenGroup/OSMOSE-HRENYB-GIT/calibration_1222/master/calibration_parameters.osm line 74)
osmose[warn] . . . Osmose will ignore parameter predation.ingestion.rate.max.sp16 = 10.1902295549493 (from /gpfs/projects/ChenGroup/OSMOSE-HRENYB-GIT/osmose-hrenyb-v4.4.1-xiangyan/input/calibration-parameters.csv line 91)
osmose[warn] . . . Parameter already defined predation.ingestion.rate.max.sp16 = 10.1902295549493 (from /gpfs/projects/ChenGroup/OSMOSE-HRENYB-GIT/calibration_1222/master/calibration_parameters.osm line 75)
osmose[warn] . . . Osmose will ignore parameter species.delta.lmax.factor.sp0 = 1.82922254095543 (from /gpfs/projects/ChenGroup/OSMOSE-HRENYB-GIT/osmose-hrenyb-v4.4.1-xiangyan/input/calibration-parameters.csv line 92)
osmose[warn] . . . Parameter already defined species.delta.lmax.factor.sp0 = 1.46258366567878 (from /gpfs/projects/ChenGroup/OSMOSE-HRENYB-GIT/calibration_1222/master/calibration_parameters.osm line 76)
osmose[warn] . . . Osmose will ignore parameter species.delta.lmax.factor.sp1 = 1.05475433097884 (from /gpfs/projects/ChenGroup/OSMOSE-HRENYB-GIT/osmose-hrenyb-v4.4.1-xiangyan/input/calibration-parameters.csv line 93)
osmose[warn] . . . Parameter already defined species.delta.lmax.factor.sp1 = 1.53295185960399 (from /gpfs/projects/ChenGroup/OSMOSE-HRENYB-GIT/calibration_1222/master/calibration_parameters.osm line 77)
osmose[warn] . . . Osmose will ignore parameter species.delta.lmax.factor.sp2 = 1.90139255096031 (from /gpfs/projects/ChenGroup/OSMOSE-HRENYB-GIT/osmose-hrenyb-v4.4.1-xiangyan/input/calibration-parameters.csv line 94)
osmose[warn] . . . Parameter already defined species.delta.lmax.factor.sp2 = 1.89301286045611 (from /gpfs/projects/ChenGroup/OSMOSE-HRENYB-GIT/calibration_1222/master/calibration_parameters.osm line 78)
osmose[warn] . . . Osmose will ignore parameter species.delta.lmax.factor.sp3 = 1.97409371682921 (from /gpfs/projects/ChenGroup/OSMOSE-HRENYB-GIT/osmose-hrenyb-v4.4.1-xiangyan/input/calibration-parameters.csv line 95)
osmose[warn] . . . Parameter already defined species.delta.lmax.factor.sp3 = 2.42866714160685 (from /gpfs/projects/ChenGroup/OSMOSE-HRENYB-GIT/calibration_1222/master/calibration_parameters.osm line 79)
osmose[warn] . . . Osmose will ignore parameter species.delta.lmax.factor.sp4 = 0.719818289621127 (from /gpfs/projects/ChenGroup/OSMOSE-HRENYB-GIT/osmose-hrenyb-v4.4.1-xiangyan/input/calibration-parameters.csv line 96)
osmose[warn] . . . Parameter already defined species.delta.lmax.factor.sp4 = 0.679752226243194 (from /gpfs/projects/ChenGroup/OSMOSE-HRENYB-GIT/calibration_1222/master/calibration_parameters.osm line 80)
osmose[warn] . . . Osmose will ignore parameter species.delta.lmax.factor.sp5 = 0.538833258732434 (from /gpfs/projects/ChenGroup/OSMOSE-HRENYB-GIT/osmose-hrenyb-v4.4.1-xiangyan/input/calibration-parameters.csv line 97)
osmose[warn] . . . Parameter already defined species.delta.lmax.factor.sp5 = 0.403883133147172 (from /gpfs/projects/ChenGroup/OSMOSE-HRENYB-GIT/calibration_1222/master/calibration_parameters.osm line 81)
osmose[warn] . . . Osmose will ignore parameter species.delta.lmax.factor.sp6 = 0.887897260723598 (from /gpfs/projects/ChenGroup/OSMOSE-HRENYB-GIT/osmose-hrenyb-v4.4.1-xiangyan/input/calibration-parameters.csv line 98)
osmose[warn] . . . Parameter already defined species.delta.lmax.factor.sp6 = 0.825110839138314 (from /gpfs/projects/ChenGroup/OSMOSE-HRENYB-GIT/calibration_1222/master/calibration_parameters.osm line 82)
osmose[warn] . . . Osmose will ignore parameter species.delta.lmax.factor.sp7 = 1.21658082712026 (from /gpfs/projects/ChenGroup/OSMOSE-HRENYB-GIT/osmose-hrenyb-v4.4.1-xiangyan/input/calibration-parameters.csv line 99)
osmose[warn] . . . Parameter already defined species.delta.lmax.factor.sp7 = 1.45658789412785 (from /gpfs/projects/ChenGroup/OSMOSE-HRENYB-GIT/calibration_1222/master/calibration_parameters.osm line 83)
osmose[warn] . . . Osmose will ignore parameter species.delta.lmax.factor.sp8 = 1.68287569120879 (from /gpfs/projects/ChenGroup/OSMOSE-HRENYB-GIT/osmose-hrenyb-v4.4.1-xiangyan/input/calibration-parameters.csv line 100)
osmose[warn] . . . Parameter already defined species.delta.lmax.factor.sp8 = 1.65764809735136 (from /gpfs/projects/ChenGroup/OSMOSE-HRENYB-GIT/calibration_1222/master/calibration_parameters.osm line 84)
osmose[warn] . . . Osmose will ignore parameter species.delta.lmax.factor.sp9 = 0.589745912907055 (from /gpfs/projects/ChenGroup/OSMOSE-HRENYB-GIT/osmose-hrenyb-v4.4.1-xiangyan/input/calibration-parameters.csv line 101)
osmose[warn] . . . Parameter already defined species.delta.lmax.factor.sp9 = 0.43829125399292 (from /gpfs/projects/ChenGroup/OSMOSE-HRENYB-GIT/calibration_1222/master/calibration_parameters.osm line 85)
osmose[warn] . . . Osmose will ignore parameter species.delta.lmax.factor.sp10 = 1.31203894669239 (from /gpfs/projects/ChenGroup/OSMOSE-HRENYB-GIT/osmose-hrenyb-v4.4.1-xiangyan/input/calibration-parameters.csv line 102)
osmose[warn] . . . Parameter already defined species.delta.lmax.factor.sp10 = 1.3751887535995 (from /gpfs/projects/ChenGroup/OSMOSE-HRENYB-GIT/calibration_1222/master/calibration_parameters.osm line 86)
osmose[warn] . . . Osmose will ignore parameter species.delta.lmax.factor.sp11 = 1.81002320677446 (from /gpfs/projects/ChenGroup/OSMOSE-HRENYB-GIT/osmose-hrenyb-v4.4.1-xiangyan/input/calibration-parameters.csv line 103)
osmose[warn] . . . Parameter already defined species.delta.lmax.factor.sp11 = 1.11438035927788 (from /gpfs/projects/ChenGroup/OSMOSE-HRENYB-GIT/calibration_1222/master/calibration_parameters.osm line 87)
osmose[warn] . . . Osmose will ignore parameter species.delta.lmax.factor.sp12 = 1.5124103329079 (from /gpfs/projects/ChenGroup/OSMOSE-HRENYB-GIT/osmose-hrenyb-v4.4.1-xiangyan/input/calibration-parameters.csv line 104)
osmose[warn] . . . Parameter already defined species.delta.lmax.factor.sp12 = 1.54674930872894 (from /gpfs/projects/ChenGroup/OSMOSE-HRENYB-GIT/calibration_1222/master/calibration_parameters.osm line 88)
osmose[warn] . . . Osmose will ignore parameter species.delta.lmax.factor.sp13 = 0.724887858231621 (from /gpfs/projects/ChenGroup/OSMOSE-HRENYB-GIT/osmose-hrenyb-v4.4.1-xiangyan/input/calibration-parameters.csv line 105)
osmose[warn] . . . Parameter already defined species.delta.lmax.factor.sp13 = 0.733000550427768 (from /gpfs/projects/ChenGroup/OSMOSE-HRENYB-GIT/calibration_1222/master/calibration_parameters.osm line 89)
osmose[warn] . . . Osmose will ignore parameter species.delta.lmax.factor.sp14 = 1.02385855811937 (from /gpfs/projects/ChenGroup/OSMOSE-HRENYB-GIT/osmose-hrenyb-v4.4.1-xiangyan/input/calibration-parameters.csv line 106)
osmose[warn] . . . Parameter already defined species.delta.lmax.factor.sp14 = 1.01816162051286 (from /gpfs/projects/ChenGroup/OSMOSE-HRENYB-GIT/calibration_1222/master/calibration_parameters.osm line 90)
osmose[warn] . . . Osmose will ignore parameter species.delta.lmax.factor.sp15 = 1.49464108930596 (from /gpfs/projects/ChenGroup/OSMOSE-HRENYB-GIT/osmose-hrenyb-v4.4.1-xiangyan/input/calibration-parameters.csv line 107)
osmose[warn] . . . Parameter already defined species.delta.lmax.factor.sp15 = 1.55292500430505 (from /gpfs/projects/ChenGroup/OSMOSE-HRENYB-GIT/calibration_1222/master/calibration_parameters.osm line 91)
osmose[warn] . . . Osmose will ignore parameter species.delta.lmax.factor.sp16 = 0.715984138236994 (from /gpfs/projects/ChenGroup/OSMOSE-HRENYB-GIT/osmose-hrenyb-v4.4.1-xiangyan/input/calibration-parameters.csv line 108)
osmose[warn] . . . Parameter already defined species.delta.lmax.factor.sp16 = 1.12392200172353 (from /gpfs/projects/ChenGroup/OSMOSE-HRENYB-GIT/calibration_1222/master/calibration_parameters.osm line 92)
osmose[warn] . . . Osmose will ignore parameter fisheries.rate.base.fsh0 = 0.441739219949495 (from /gpfs/projects/ChenGroup/OSMOSE-HRENYB-GIT/osmose-hrenyb-v4.4.1-xiangyan/input/calibration-parameters.csv line 109)
osmose[warn] . . . Parameter already defined fisheries.rate.base.fsh0 = 0.10994820021127 (from /gpfs/projects/ChenGroup/OSMOSE-HRENYB-GIT/calibration_1222/master/calibration_parameters.osm line 93)
osmose[warn] . . . Osmose will ignore parameter fisheries.rate.byperiod.fsh0 = 0.360000000000001,0.41,0.38,0.47,0.47,0.47,0.58,0.56,0.59,0.95,0.73,0.61,0.61,0.66,0.51,0.48,0.48,0.47,0.57,0.25 (from /gpfs/projects/ChenGroup/OSMOSE-HRENYB-GIT/osmose-hrenyb-v4.4.1-xiangyan/input/calibration-parameters.csv line 110)
osmose[warn] . . . Parameter already defined fisheries.rate.byperiod.fsh0 = 0.360000000000001,0.41,0.38,0.47,0.47,0.47,0.58,0.56,0.59,0.95,0.73,0.61,0.61,0.66,0.51,0.48,0.48,0.47,0.57,0.25 (from /gpfs/projects/ChenGroup/OSMOSE-HRENYB-GIT/calibration_1222/master/calibration_parameters.osm line 94)
osmose[warn] . . . Osmose will ignore parameter fisheries.selectivity.l50.fsh0 = 16.7 (from /gpfs/projects/ChenGroup/OSMOSE-HRENYB-GIT/osmose-hrenyb-v4.4.1-xiangyan/input/calibration-parameters.csv line 111)
osmose[warn] . . . Parameter already defined fisheries.selectivity.l50.fsh0 = 16.7 (from /gpfs/projects/ChenGroup/OSMOSE-HRENYB-GIT/calibration_1222/master/calibration_parameters.osm line 95)
osmose[warn] . . . Osmose will ignore parameter fisheries.rate.base.fsh1 = 0.115237236679786 (from /gpfs/projects/ChenGroup/OSMOSE-HRENYB-GIT/osmose-hrenyb-v4.4.1-xiangyan/input/calibration-parameters.csv line 112)
osmose[warn] . . . Parameter already defined fisheries.rate.base.fsh1 = 0.173959102029445 (from /gpfs/projects/ChenGroup/OSMOSE-HRENYB-GIT/calibration_1222/master/calibration_parameters.osm line 96)
osmose[warn] . . . Osmose will ignore parameter fisheries.rate.byperiod.fsh1 = 4.78229619341684,0.468897521257365,0.0953425736086454,1.62320294976276,0.241482932185015,2.26054024014928,0.0944176234759176,9.54058293993399,0.55127877870924,1.31193252832496,0.605533714203501,2.77766479539542,0.534630347625997,0.0383836704805315,0.573645398242127,2.57870971129279,0.826117029073368,0.267668430675828,5.16323455228052,0.734935326945993 (from /gpfs/projects/ChenGroup/OSMOSE-HRENYB-GIT/osmose-hrenyb-v4.4.1-xiangyan/input/calibration-parameters.csv line 113)
osmose[warn] . . . Parameter already defined fisheries.rate.byperiod.fsh1 = 0.587500790168294,0.0610631040848487,0.0292542346250433,10.8603866269008,0.647874044962201,14.8178236050935,0.0707114681826454,6.42285969396028,1.68216916531508,0.140510617016858,1.15523250768645,2.8053013898214,0.112310518777969,0.106035316854485,5.51529361775016,1.28141271721288,1.20405276816686,1.04590668929086,4.67568221078718,12.0001146255321 (from /gpfs/projects/ChenGroup/OSMOSE-HRENYB-GIT/calibration_1222/master/calibration_parameters.osm line 97)
osmose[warn] . . . Osmose will ignore parameter fisheries.selectivity.l50.fsh1 = 28.7 (from /gpfs/projects/ChenGroup/OSMOSE-HRENYB-GIT/osmose-hrenyb-v4.4.1-xiangyan/input/calibration-parameters.csv line 114)
osmose[warn] . . . Parameter already defined fisheries.selectivity.l50.fsh1 = 28.7 (from /gpfs/projects/ChenGroup/OSMOSE-HRENYB-GIT/calibration_1222/master/calibration_parameters.osm line 98)
osmose[warn] . . . Osmose will ignore parameter fisheries.rate.base.fsh2 = 1.01049212878031 (from /gpfs/projects/ChenGroup/OSMOSE-HRENYB-GIT/osmose-hrenyb-v4.4.1-xiangyan/input/calibration-parameters.csv line 115)
osmose[warn] . . . Parameter already defined fisheries.rate.base.fsh2 = 0.227055228483689 (from /gpfs/projects/ChenGroup/OSMOSE-HRENYB-GIT/calibration_1222/master/calibration_parameters.osm line 99)
osmose[warn] . . . Osmose will ignore parameter fisheries.rate.byperiod.fsh2 = 0.54,0.63,0.65,0.57,0.57,0.51,0.54,0.55,0.48,0.65,0.73,0.4,0.58,0.54,0.4,0.299999999999999,0.33,0.51,0.360000000000001,0.39 (from /gpfs/projects/ChenGroup/OSMOSE-HRENYB-GIT/osmose-hrenyb-v4.4.1-xiangyan/input/calibration-parameters.csv line 116)
osmose[warn] . . . Parameter already defined fisheries.rate.byperiod.fsh2 = 0.54,0.63,0.65,0.57,0.57,0.51,0.54,0.55,0.48,0.65,0.73,0.4,0.58,0.54,0.4,0.299999999999999,0.33,0.51,0.360000000000001,0.39 (from /gpfs/projects/ChenGroup/OSMOSE-HRENYB-GIT/calibration_1222/master/calibration_parameters.osm line 100)
osmose[warn] . . . Osmose will ignore parameter fisheries.selectivity.l50.fsh2 = 41.91 (from /gpfs/projects/ChenGroup/OSMOSE-HRENYB-GIT/osmose-hrenyb-v4.4.1-xiangyan/input/calibration-parameters.csv line 117)
osmose[warn] . . . Parameter already defined fisheries.selectivity.l50.fsh2 = 41.91 (from /gpfs/projects/ChenGroup/OSMOSE-HRENYB-GIT/calibration_1222/master/calibration_parameters.osm line 101)
osmose[warn] . . . Osmose will ignore parameter fisheries.rate.base.fsh3 = 0.0601304697887707 (from /gpfs/projects/ChenGroup/OSMOSE-HRENYB-GIT/osmose-hrenyb-v4.4.1-xiangyan/input/calibration-parameters.csv line 118)
osmose[warn] . . . Parameter already defined fisheries.rate.base.fsh3 = 0.252085237994294 (from /gpfs/projects/ChenGroup/OSMOSE-HRENYB-GIT/calibration_1222/master/calibration_parameters.osm line 102)
osmose[warn] . . . Osmose will ignore parameter fisheries.rate.byperiod.fsh3 = 0.270000000000001,0.14,0.0999999999999996,0.14,0.12,0.0699999999999999,0.0900000000000002,0.0900000000000002,0.0500000000000001,0.0599999999999998,0.0799999999999996,0.0799999999999996,0.0799999999999996,0.11,0.0900000000000002,0.12,0.0900000000000002,0.0999999999999996,0.0799999999999996,0.0900000000000002 (from /gpfs/projects/ChenGroup/OSMOSE-HRENYB-GIT/osmose-hrenyb-v4.4.1-xiangyan/input/calibration-parameters.csv line 119)
osmose[warn] . . . Parameter already defined fisheries.rate.byperiod.fsh3 = 0.270000000000001,0.14,0.0999999999999996,0.14,0.12,0.0699999999999999,0.0900000000000002,0.0900000000000002,0.0500000000000001,0.0599999999999998,0.0799999999999996,0.0799999999999996,0.0799999999999996,0.11,0.0900000000000002,0.12,0.0900000000000002,0.0999999999999996,0.0799999999999996,0.0900000000000002 (from /gpfs/projects/ChenGroup/OSMOSE-HRENYB-GIT/calibration_1222/master/calibration_parameters.osm line 103)
osmose[warn] . . . Osmose will ignore parameter fisheries.selectivity.l50.fsh3 = 25.4 (from /gpfs/projects/ChenGroup/OSMOSE-HRENYB-GIT/osmose-hrenyb-v4.4.1-xiangyan/input/calibration-parameters.csv line 120)
osmose[warn] . . . Parameter already defined fisheries.selectivity.l50.fsh3 = 25.4 (from /gpfs/projects/ChenGroup/OSMOSE-HRENYB-GIT/calibration_1222/master/calibration_parameters.osm line 104)
osmose[warn] . . . Osmose will ignore parameter fisheries.rate.base.fsh4 = 0.333957039011106 (from /gpfs/projects/ChenGroup/OSMOSE-HRENYB-GIT/osmose-hrenyb-v4.4.1-xiangyan/input/calibration-parameters.csv line 121)
osmose[warn] . . . Parameter already defined fisheries.rate.base.fsh4 = 0.243760813051728 (from /gpfs/projects/ChenGroup/OSMOSE-HRENYB-GIT/calibration_1222/master/calibration_parameters.osm line 105)
osmose[warn] . . . Osmose will ignore parameter fisheries.rate.byperiod.fsh4 = 0.0479999999999998,0.04,0.0350000000000001,0.0189999999999999,0.0229999999999999,0.0180000000000001,0.0210000000000001,0.0259999999999999,0.0210000000000001,0.0259999999999999,0.0189999999999999,0.0300000000000001,0.032,0.0300000000000001,0.0460000000000001,0.0329999999999999,0.0439999999999998,0.0380000000000001,0.031,0.0419999999999999 (from /gpfs/projects/ChenGroup/OSMOSE-HRENYB-GIT/osmose-hrenyb-v4.4.1-xiangyan/input/calibration-parameters.csv line 122)
osmose[warn] . . . Parameter already defined fisheries.rate.byperiod.fsh4 = 0.0479999999999998,0.04,0.0350000000000001,0.0189999999999999,0.0229999999999999,0.0180000000000001,0.0210000000000001,0.0259999999999999,0.0210000000000001,0.0259999999999999,0.0189999999999999,0.0300000000000001,0.032,0.0300000000000001,0.0460000000000001,0.0329999999999999,0.0439999999999998,0.0380000000000001,0.031,0.0419999999999999 (from /gpfs/projects/ChenGroup/OSMOSE-HRENYB-GIT/calibration_1222/master/calibration_parameters.osm line 106)
osmose[warn] . . . Osmose will ignore parameter fisheries.selectivity.l50.fsh4 = 50 (from /gpfs/projects/ChenGroup/OSMOSE-HRENYB-GIT/osmose-hrenyb-v4.4.1-xiangyan/input/calibration-parameters.csv line 123)
osmose[warn] . . . Parameter already defined fisheries.selectivity.l50.fsh4 = 50 (from /gpfs/projects/ChenGroup/OSMOSE-HRENYB-GIT/calibration_1222/master/calibration_parameters.osm line 107)
osmose[warn] . . . Osmose will ignore parameter fisheries.rate.base.fsh5 = 0.50730149594163 (from /gpfs/projects/ChenGroup/OSMOSE-HRENYB-GIT/osmose-hrenyb-v4.4.1-xiangyan/input/calibration-parameters.csv line 124)
osmose[warn] . . . Parameter already defined fisheries.rate.base.fsh5 = 0.967929767417846 (from /gpfs/projects/ChenGroup/OSMOSE-HRENYB-GIT/calibration_1222/master/calibration_parameters.osm line 108)
osmose[warn] . . . Osmose will ignore parameter fisheries.rate.byperiod.fsh5 = 0.177,0.174,0.174,0.190999999999999,0.232999999999999,0.226,0.256999999999999,0.19,0.219999999999999,0.204,0.239999999999999,0.243,0.231999999999999,0.333999999999999,0.252000000000001,0.215000000000001,0.262,0.304999999999999,0.284,0.284 (from /gpfs/projects/ChenGroup/OSMOSE-HRENYB-GIT/osmose-hrenyb-v4.4.1-xiangyan/input/calibration-parameters.csv line 125)
osmose[warn] . . . Parameter already defined fisheries.rate.byperiod.fsh5 = 0.177,0.174,0.174,0.190999999999999,0.232999999999999,0.226,0.256999999999999,0.19,0.219999999999999,0.204,0.239999999999999,0.243,0.231999999999999,0.333999999999999,0.252000000000001,0.215000000000001,0.262,0.304999999999999,0.284,0.284 (from /gpfs/projects/ChenGroup/OSMOSE-HRENYB-GIT/calibration_1222/master/calibration_parameters.osm line 109)
osmose[warn] . . . Osmose will ignore parameter fisheries.selectivity.l50.fsh5 = 71.1 (from /gpfs/projects/ChenGroup/OSMOSE-HRENYB-GIT/osmose-hrenyb-v4.4.1-xiangyan/input/calibration-parameters.csv line 126)
osmose[warn] . . . Parameter already defined fisheries.selectivity.l50.fsh5 = 71.1 (from /gpfs/projects/ChenGroup/OSMOSE-HRENYB-GIT/calibration_1222/master/calibration_parameters.osm line 110)
osmose[warn] . . . Osmose will ignore parameter fisheries.rate.base.fsh6 = 0.708283936117044 (from /gpfs/projects/ChenGroup/OSMOSE-HRENYB-GIT/osmose-hrenyb-v4.4.1-xiangyan/input/calibration-parameters.csv line 127)
osmose[warn] . . . Parameter already defined fisheries.rate.base.fsh6 = 0.141110215841755 (from /gpfs/projects/ChenGroup/OSMOSE-HRENYB-GIT/calibration_1222/master/calibration_parameters.osm line 111)
osmose[warn] . . . Osmose will ignore parameter fisheries.rate.byperiod.fsh6 = 0.31252019219095,0.0295490869880413,0.388434101415952,0.0253906986784805,0.605127268035042,0.00956959377468707,0.134557750774211,0.401590952309191,0.103333035528443,0.312713397585753,0.914124329500949,0.0258014209671382,0.459064141251599,0.444561244669777,0.0778309699274455,0.0816906447865793,0.130428657175641,0.386728404317749,0.00779687773912044,0.0959168491497471 (from /gpfs/projects/ChenGroup/OSMOSE-HRENYB-GIT/osmose-hrenyb-v4.4.1-xiangyan/input/calibration-parameters.csv line 128)
osmose[warn] . . . Parameter already defined fisheries.rate.byperiod.fsh6 = 2.97941327003665,0.00270064618207018,0.314880376985594,0.217444458038206,2.75518030706773,0.000910296787819829,0.020003969645654,1.23676805682037,0.395832243037836,3.28751435313231,6.66597253814424,0.00997274306694013,0.320900618034175,4.54990834552688,0.0284567948895816,0.548217555158267,0.0102714725263248,0.0530596409816311,0.00696307180063886,0.859766527983331 (from /gpfs/projects/ChenGroup/OSMOSE-HRENYB-GIT/calibration_1222/master/calibration_parameters.osm line 112)
osmose[warn] . . . Osmose will ignore parameter fisheries.selectivity.l50.fsh6 = 43.2 (from /gpfs/projects/ChenGroup/OSMOSE-HRENYB-GIT/osmose-hrenyb-v4.4.1-xiangyan/input/calibration-parameters.csv line 129)
osmose[warn] . . . Parameter already defined fisheries.selectivity.l50.fsh6 = 43.2 (from /gpfs/projects/ChenGroup/OSMOSE-HRENYB-GIT/calibration_1222/master/calibration_parameters.osm line 113)
osmose[warn] . . . Osmose will ignore parameter fisheries.rate.base.fsh7 = 0.743062698987864 (from /gpfs/projects/ChenGroup/OSMOSE-HRENYB-GIT/osmose-hrenyb-v4.4.1-xiangyan/input/calibration-parameters.csv line 130)
osmose[warn] . . . Parameter already defined fisheries.rate.base.fsh7 = 0.659982028035244 (from /gpfs/projects/ChenGroup/OSMOSE-HRENYB-GIT/calibration_1222/master/calibration_parameters.osm line 114)
osmose[warn] . . . Osmose will ignore parameter fisheries.rate.byperiod.fsh7 = 0.55,0.66,0.58,0.55,0.45,0.37,0.48,0.38,0.279999999999999,0.126,0.0759999999999997,0.0970000000000004,0.121,0.178,0.173,0.175000000000001,0.187,0.167,0.124999999999999,0.0919999999999997 (from /gpfs/projects/ChenGroup/OSMOSE-HRENYB-GIT/osmose-hrenyb-v4.4.1-xiangyan/input/calibration-parameters.csv line 131)
osmose[warn] . . . Parameter already defined fisheries.rate.byperiod.fsh7 = 0.55,0.66,0.58,0.55,0.45,0.37,0.48,0.38,0.279999999999999,0.126,0.0759999999999997,0.0970000000000004,0.121,0.178,0.173,0.175000000000001,0.187,0.167,0.124999999999999,0.0919999999999997 (from /gpfs/projects/ChenGroup/OSMOSE-HRENYB-GIT/calibration_1222/master/calibration_parameters.osm line 115)
osmose[warn] . . . Osmose will ignore parameter fisheries.selectivity.l50.fsh7 = 30.5 (from /gpfs/projects/ChenGroup/OSMOSE-HRENYB-GIT/osmose-hrenyb-v4.4.1-xiangyan/input/calibration-parameters.csv line 132)
osmose[warn] . . . Parameter already defined fisheries.selectivity.l50.fsh7 = 30.5 (from /gpfs/projects/ChenGroup/OSMOSE-HRENYB-GIT/calibration_1222/master/calibration_parameters.osm line 116)
osmose[warn] . . . Osmose will ignore parameter fisheries.rate.base.fsh8 = 1.17870174492411 (from /gpfs/projects/ChenGroup/OSMOSE-HRENYB-GIT/osmose-hrenyb-v4.4.1-xiangyan/input/calibration-parameters.csv line 133)
osmose[warn] . . . Parameter already defined fisheries.rate.base.fsh8 = 1.00032102176521 (from /gpfs/projects/ChenGroup/OSMOSE-HRENYB-GIT/calibration_1222/master/calibration_parameters.osm line 117)
osmose[warn] . . . Osmose will ignore parameter fisheries.rate.byperiod.fsh8 = 0.124999999999999,0.124999999999999,0.16,0.103,0.242,0.299999999999999,0.16,0.115,0.16,0.16,0.104,0.156,0.14,0.103,0.178,0.178,0.252999999999999,0.223999999999999,0.223999999999999,0.195 (from /gpfs/projects/ChenGroup/OSMOSE-HRENYB-GIT/osmose-hrenyb-v4.4.1-xiangyan/input/calibration-parameters.csv line 134)
osmose[warn] . . . Parameter already defined fisheries.rate.byperiod.fsh8 = 0.124999999999999,0.124999999999999,0.16,0.103,0.242,0.299999999999999,0.16,0.115,0.16,0.16,0.104,0.156,0.14,0.103,0.178,0.178,0.252999999999999,0.223999999999999,0.223999999999999,0.195 (from /gpfs/projects/ChenGroup/OSMOSE-HRENYB-GIT/calibration_1222/master/calibration_parameters.osm line 118)
osmose[warn] . . . Osmose will ignore parameter fisheries.selectivity.l50.fsh8 = 15 (from /gpfs/projects/ChenGroup/OSMOSE-HRENYB-GIT/osmose-hrenyb-v4.4.1-xiangyan/input/calibration-parameters.csv line 135)
osmose[warn] . . . Parameter already defined fisheries.selectivity.l50.fsh8 = 15 (from /gpfs/projects/ChenGroup/OSMOSE-HRENYB-GIT/calibration_1222/master/calibration_parameters.osm line 119)
osmose[warn] . . . Osmose will ignore parameter fisheries.rate.base.fsh9 = 0.526492499323716 (from /gpfs/projects/ChenGroup/OSMOSE-HRENYB-GIT/osmose-hrenyb-v4.4.1-xiangyan/input/calibration-parameters.csv line 136)
osmose[warn] . . . Parameter already defined fisheries.rate.base.fsh9 = 0.547121762307335 (from /gpfs/projects/ChenGroup/OSMOSE-HRENYB-GIT/calibration_1222/master/calibration_parameters.osm line 120)
osmose[warn] . . . Osmose will ignore parameter fisheries.rate.byperiod.fsh9 = 0.695,0.464,0.424,0.407,0.436,0.457,0.336999999999998,0.256999999999999,0.328999999999998,0.349,0.389,0.46,0.43,0.473,0.439,0.427,0.428,0.344999999999999,0.303999999999999,0.37 (from /gpfs/projects/ChenGroup/OSMOSE-HRENYB-GIT/osmose-hrenyb-v4.4.1-xiangyan/input/calibration-parameters.csv line 137)
osmose[warn] . . . Parameter already defined fisheries.rate.byperiod.fsh9 = 0.695,0.464,0.424,0.407,0.436,0.457,0.336999999999998,0.256999999999999,0.328999999999998,0.349,0.389,0.46,0.43,0.473,0.439,0.427,0.428,0.344999999999999,0.303999999999999,0.37 (from /gpfs/projects/ChenGroup/OSMOSE-HRENYB-GIT/calibration_1222/master/calibration_parameters.osm line 121)
osmose[warn] . . . Osmose will ignore parameter fisheries.selectivity.l50.fsh9 = 49.53 (from /gpfs/projects/ChenGroup/OSMOSE-HRENYB-GIT/osmose-hrenyb-v4.4.1-xiangyan/input/calibration-parameters.csv line 138)
osmose[warn] . . . Parameter already defined fisheries.selectivity.l50.fsh9 = 49.53 (from /gpfs/projects/ChenGroup/OSMOSE-HRENYB-GIT/calibration_1222/master/calibration_parameters.osm line 122)
osmose[warn] . . . Osmose will ignore parameter fisheries.rate.base.fsh10 = 0.365475786594644 (from /gpfs/projects/ChenGroup/OSMOSE-HRENYB-GIT/osmose-hrenyb-v4.4.1-xiangyan/input/calibration-parameters.csv line 139)
osmose[warn] . . . Parameter already defined fisheries.rate.base.fsh10 = 0.0844317939531048 (from /gpfs/projects/ChenGroup/OSMOSE-HRENYB-GIT/calibration_1222/master/calibration_parameters.osm line 123)
osmose[warn] . . . Osmose will ignore parameter fisheries.rate.byperiod.fsh10 = 1.74989752476135e-05,0.000304602702294493,0.0948086633433093,0.0086577280773321,6.28475138021048e-05,0.0505270209118,4.39339681763157e-06,2.90171075003284e-05,0.000642342156302836,9.12468575498395e-05,0.0239026672542228,0.0039763370584763,0.00707170194636357,0.000217795401769503,0.0130804758742928,0.000151679451365282,0.00143597011885196,0.161614812157434,3.17669035709234e-05,0.00108326971610625 (from /gpfs/projects/ChenGroup/OSMOSE-HRENYB-GIT/osmose-hrenyb-v4.4.1-xiangyan/input/calibration-parameters.csv line 140)
osmose[warn] . . . Parameter already defined fisheries.rate.byperiod.fsh10 = 4.37229816175851e-06,0.00174900284648251,0.48835664169449,0.000930869297188078,5.04435825493223e-05,0.723759119982583,7.7746437979699e-06,6.16997557525578e-05,0.00436751119244693,0.000369798387985714,0.14116177726757,0.0185938267554735,0.00797548552004909,0.000545232867321575,0.00656522247884868,0.000740937750232773,0.00938312041689853,0.0264526463274362,2.5443521917115e-05,0.00725660816662544 (from /gpfs/projects/ChenGroup/OSMOSE-HRENYB-GIT/calibration_1222/master/calibration_parameters.osm line 124)
osmose[warn] . . . Osmose will ignore parameter fisheries.selectivity.l50.fsh10 = 37.5 (from /gpfs/projects/ChenGroup/OSMOSE-HRENYB-GIT/osmose-hrenyb-v4.4.1-xiangyan/input/calibration-parameters.csv line 141)
osmose[warn] . . . Parameter already defined fisheries.selectivity.l50.fsh10 = 37.5 (from /gpfs/projects/ChenGroup/OSMOSE-HRENYB-GIT/calibration_1222/master/calibration_parameters.osm line 125)
osmose[warn] . . . Osmose will ignore parameter fisheries.rate.base.fsh11 = 0.266912488645511 (from /gpfs/projects/ChenGroup/OSMOSE-HRENYB-GIT/osmose-hrenyb-v4.4.1-xiangyan/input/calibration-parameters.csv line 142)
osmose[warn] . . . Parameter already defined fisheries.rate.base.fsh11 = 0.188357929446998 (from /gpfs/projects/ChenGroup/OSMOSE-HRENYB-GIT/calibration_1222/master/calibration_parameters.osm line 126)
osmose[warn] . . . Osmose will ignore parameter fisheries.rate.byperiod.fsh11 = 0.00584239486671713,0.000410597169847691,0.00613928558903665,0.037530936285398,0.0362317267502278,0.245070064216489,3.55170681816938,0.0475788359258876,0.00196436990227971,0.0312739535621135,0.0174565035549094,0.524389284965958,0.0723181384372018,0.038150859324728,0.00150138274356025,0.0456080583472381,0.0500804780673957,0.210254382867914,0.385166287950473,0.00895352189592085 (from /gpfs/projects/ChenGroup/OSMOSE-HRENYB-GIT/osmose-hrenyb-v4.4.1-xiangyan/input/calibration-parameters.csv line 143)
osmose[warn] . . . Parameter already defined fisheries.rate.byperiod.fsh11 = 0.000753536496366178,3.54003349619063e-05,0.00234132013132789,0.00410943533238073,0.00633592723516937,0.0444890512645018,0.200734931498652,0.0363094335448759,0.000723926537464898,0.00657814759156417,0.0132038979502087,0.0809975719387806,0.00644197448391663,0.525867268588989,0.000599891365927891,0.119294068074723,0.023283003615065,0.0166705843119747,4.11492638593422,0.00366262032900038 (from /gpfs/projects/ChenGroup/OSMOSE-HRENYB-GIT/calibration_1222/master/calibration_parameters.osm line 127)
osmose[warn] . . . Osmose will ignore parameter fisheries.selectivity.l50.fsh11 = 23.2 (from /gpfs/projects/ChenGroup/OSMOSE-HRENYB-GIT/osmose-hrenyb-v4.4.1-xiangyan/input/calibration-parameters.csv line 144)
osmose[warn] . . . Parameter already defined fisheries.selectivity.l50.fsh11 = 23.2 (from /gpfs/projects/ChenGroup/OSMOSE-HRENYB-GIT/calibration_1222/master/calibration_parameters.osm line 128)
osmose[warn] . . . Osmose will ignore parameter fisheries.rate.base.fsh12 = 0.336051022864477 (from /gpfs/projects/ChenGroup/OSMOSE-HRENYB-GIT/osmose-hrenyb-v4.4.1-xiangyan/input/calibration-parameters.csv line 145)
osmose[warn] . . . Parameter already defined fisheries.rate.base.fsh12 = 0.0402216480839313 (from /gpfs/projects/ChenGroup/OSMOSE-HRENYB-GIT/calibration_1222/master/calibration_parameters.osm line 129)
osmose[warn] . . . Osmose will ignore parameter fisheries.rate.byperiod.fsh12 = 0.101,0.177,0.106,0.101,0.0579999999999999,0.0350000000000001,0.0500000000000001,0.0259999999999999,0.0500000000000001,0.0380000000000001,0.031,0.0660000000000001,0.0510000000000001,0.0589999999999998,0.223999999999999,0.141999999999999,0.117,0.218,0.121,0.195 (from /gpfs/projects/ChenGroup/OSMOSE-HRENYB-GIT/osmose-hrenyb-v4.4.1-xiangyan/input/calibration-parameters.csv line 146)
osmose[warn] . . . Parameter already defined fisheries.rate.byperiod.fsh12 = 0.101,0.177,0.106,0.101,0.0579999999999999,0.0350000000000001,0.0500000000000001,0.0259999999999999,0.0500000000000001,0.0380000000000001,0.031,0.0660000000000001,0.0510000000000001,0.0589999999999998,0.223999999999999,0.141999999999999,0.117,0.218,0.121,0.195 (from /gpfs/projects/ChenGroup/OSMOSE-HRENYB-GIT/calibration_1222/master/calibration_parameters.osm line 130)
osmose[warn] . . . Osmose will ignore parameter fisheries.selectivity.l50.fsh12 = 4 (from /gpfs/projects/ChenGroup/OSMOSE-HRENYB-GIT/osmose-hrenyb-v4.4.1-xiangyan/input/calibration-parameters.csv line 147)
osmose[warn] . . . Parameter already defined fisheries.selectivity.l50.fsh12 = 4 (from /gpfs/projects/ChenGroup/OSMOSE-HRENYB-GIT/calibration_1222/master/calibration_parameters.osm line 131)
osmose[warn] . . . Osmose will ignore parameter fisheries.rate.base.fsh13 = 0.726969765060314 (from /gpfs/projects/ChenGroup/OSMOSE-HRENYB-GIT/osmose-hrenyb-v4.4.1-xiangyan/input/calibration-parameters.csv line 148)
osmose[warn] . . . Parameter already defined fisheries.rate.base.fsh13 = 0.175861573207297 (from /gpfs/projects/ChenGroup/OSMOSE-HRENYB-GIT/calibration_1222/master/calibration_parameters.osm line 132)
osmose[warn] . . . Osmose will ignore parameter fisheries.rate.byperiod.fsh13 = 0.138,0.202,0.227000000000001,0.247,0.223999999999999,0.378,0.361999999999999,0.352,0.242,0.344,0.275999999999999,0.215000000000001,0.295999999999999,0.185,0.248000000000001,0.197,0.221999999999999,0.182999999999999,0.223999999999999,0.455 (from /gpfs/projects/ChenGroup/OSMOSE-HRENYB-GIT/osmose-hrenyb-v4.4.1-xiangyan/input/calibration-parameters.csv line 149)
osmose[warn] . . . Parameter already defined fisheries.rate.byperiod.fsh13 = 0.138,0.202,0.227000000000001,0.247,0.223999999999999,0.378,0.361999999999999,0.352,0.242,0.344,0.275999999999999,0.215000000000001,0.295999999999999,0.185,0.248000000000001,0.197,0.221999999999999,0.182999999999999,0.223999999999999,0.455 (from /gpfs/projects/ChenGroup/OSMOSE-HRENYB-GIT/calibration_1222/master/calibration_parameters.osm line 133)
osmose[warn] . . . Osmose will ignore parameter fisheries.selectivity.l50.fsh13 = 17.5 (from /gpfs/projects/ChenGroup/OSMOSE-HRENYB-GIT/osmose-hrenyb-v4.4.1-xiangyan/input/calibration-parameters.csv line 150)
osmose[warn] . . . Parameter already defined fisheries.selectivity.l50.fsh13 = 17.5 (from /gpfs/projects/ChenGroup/OSMOSE-HRENYB-GIT/calibration_1222/master/calibration_parameters.osm line 134)
osmose[warn] . . . Osmose will ignore parameter fisheries.rate.base.fsh14 = 0.625464824698365 (from /gpfs/projects/ChenGroup/OSMOSE-HRENYB-GIT/osmose-hrenyb-v4.4.1-xiangyan/input/calibration-parameters.csv line 151)
osmose[warn] . . . Parameter already defined fisheries.rate.base.fsh14 = 0.0374179206664342 (from /gpfs/projects/ChenGroup/OSMOSE-HRENYB-GIT/calibration_1222/master/calibration_parameters.osm line 135)
osmose[warn] . . . Osmose will ignore parameter fisheries.rate.byperiod.fsh14 = 0.602817276143384,0.0343815391449529,0.256132837892987,0.316999232800391,0.0609470910476738,0.151270554961505,0.0107603600465021,0.275137926872781,0.0308235213904546,2.1680082774615,0.354487328567812,0.13069263671992,0.211983470757993,0.0513333713683385,0.0915843108218912,1.87933703293001,0.621950442083511,0.0427028275572279,0.11756650230645,0.0271222295506401 (from /gpfs/projects/ChenGroup/OSMOSE-HRENYB-GIT/osmose-hrenyb-v4.4.1-xiangyan/input/calibration-parameters.csv line 152)
osmose[warn] . . . Parameter already defined fisheries.rate.byperiod.fsh14 = 0.125349235432933,0.00377363156414931,0.0325975030145579,0.357610802002374,0.035136664524155,0.0659163804682451,0.101590098154535,0.0188814129980357,0.0316439750154188,0.604689877404543,0.267595300481575,0.0255828398834972,0.0245637080936904,0.0699053761421855,0.324546497268541,2.56766785884842,0.175948220053794,0.151362432827057,0.539504915269235,0.0190918596673548 (from /gpfs/projects/ChenGroup/OSMOSE-HRENYB-GIT/calibration_1222/master/calibration_parameters.osm line 136)
osmose[warn] . . . Osmose will ignore parameter fisheries.selectivity.l50.fsh14 = 22.1 (from /gpfs/projects/ChenGroup/OSMOSE-HRENYB-GIT/osmose-hrenyb-v4.4.1-xiangyan/input/calibration-parameters.csv line 153)
osmose[warn] . . . Parameter already defined fisheries.selectivity.l50.fsh14 = 22.1 (from /gpfs/projects/ChenGroup/OSMOSE-HRENYB-GIT/calibration_1222/master/calibration_parameters.osm line 137)
osmose[warn] . . Osmose will ignore parameter species.accessibility2fish.sp17 = 0.1 (from /gpfs/projects/ChenGroup/OSMOSE-HRENYB-GIT/osmose-hrenyb-v4.4.1-xiangyan/osmose-hrenyb_1222.R line 228)
osmose[warn] . . Parameter already defined species.accessibility2fish.sp17 = 0.999865062261512 (from /gpfs/projects/ChenGroup/OSMOSE-HRENYB-GIT/calibration_1222/master/calibration_parameters.osm line 1)
osmose[warn] . . Osmose will ignore parameter species.accessibility2fish.sp18 = 0.5 (from /gpfs/projects/ChenGroup/OSMOSE-HRENYB-GIT/osmose-hrenyb-v4.4.1-xiangyan/osmose-hrenyb_1222.R line 230)
osmose[warn] . . Parameter already defined species.accessibility2fish.sp18 = 1.17669801080116e-08 (from /gpfs/projects/ChenGroup/OSMOSE-HRENYB-GIT/calibration_1222/master/calibration_parameters.osm line 2)
osmose[warn] . . Osmose will ignore parameter species.accessibility2fish.sp19 = 0.999999994959895 (from /gpfs/projects/ChenGroup/OSMOSE-HRENYB-GIT/osmose-hrenyb-v4.4.1-xiangyan/osmose-hrenyb_1222.R line 232)
osmose[warn] . . Parameter already defined species.accessibility2fish.sp19 = 0.97886393205702 (from /gpfs/projects/ChenGroup/OSMOSE-HRENYB-GIT/calibration_1222/master/calibration_parameters.osm line 3)
osmose[warn] . . Osmose will ignore parameter species.accessibility2fish.sp20 = 0.3 (from /gpfs/projects/ChenGroup/OSMOSE-HRENYB-GIT/osmose-hrenyb-v4.4.1-xiangyan/osmose-hrenyb_1222.R line 234)
osmose[warn] . . Parameter already defined species.accessibility2fish.sp20 = 0.0312207757728936 (from /gpfs/projects/ChenGroup/OSMOSE-HRENYB-GIT/calibration_1222/master/calibration_parameters.osm line 4)
osmose[warn] . . Osmose will ignore parameter species.accessibility2fish.sp21 = 0.999985943116251 (from /gpfs/projects/ChenGroup/OSMOSE-HRENYB-GIT/osmose-hrenyb-v4.4.1-xiangyan/osmose-hrenyb_1222.R line 236)
osmose[warn] . . Parameter already defined species.accessibility2fish.sp21 = 0.997729048327181 (from /gpfs/projects/ChenGroup/OSMOSE-HRENYB-GIT/calibration_1222/master/calibration_parameters.osm line 5)
osmose[warn] . . Osmose will ignore parameter species.accessibility2fish.sp22 = 0.2 (from /gpfs/projects/ChenGroup/OSMOSE-HRENYB-GIT/osmose-hrenyb-v4.4.1-xiangyan/osmose-hrenyb_1222.R line 238)
osmose[warn] . . Parameter already defined species.accessibility2fish.sp22 = 0.996261658198741 (from /gpfs/projects/ChenGroup/OSMOSE-HRENYB-GIT/calibration_1222/master/calibration_parameters.osm line 6)
osmose[warn] . . Osmose will ignore parameter species.accessibility2fish.sp23 = 0.5 (from /gpfs/projects/ChenGroup/OSMOSE-HRENYB-GIT/osmose-hrenyb-v4.4.1-xiangyan/osmose-hrenyb_1222.R line 240)
osmose[warn] . . Parameter already defined species.accessibility2fish.sp23 = 0.999932941944836 (from /gpfs/projects/ChenGroup/OSMOSE-HRENYB-GIT/calibration_1222/master/calibration_parameters.osm line 7)
osmose[warn] . . Osmose will ignore parameter species.accessibility2fish.sp24 = 0.8 (from /gpfs/projects/ChenGroup/OSMOSE-HRENYB-GIT/osmose-hrenyb-v4.4.1-xiangyan/osmose-hrenyb_1222.R line 242)
osmose[warn] . . Parameter already defined species.accessibility2fish.sp24 = 0.99999998455148 (from /gpfs/projects/ChenGroup/OSMOSE-HRENYB-GIT/calibration_1222/master/calibration_parameters.osm line 8)
osmose[warn] . . Osmose will ignore parameter species.delta.lmax.factor.sp0 = 1.31176614636948 (from /gpfs/projects/ChenGroup/OSMOSE-HRENYB-GIT/osmose-hrenyb-v4.4.1-xiangyan/osmose-hrenyb_1222.R line 366)
osmose[warn] . . Parameter already defined species.delta.lmax.factor.sp0 = 1.46258366567878 (from /gpfs/projects/ChenGroup/OSMOSE-HRENYB-GIT/calibration_1222/master/calibration_parameters.osm line 76)
osmose[warn] . . Osmose will ignore parameter species.delta.lmax.factor.sp1 = 1.09737875354827 (from /gpfs/projects/ChenGroup/OSMOSE-HRENYB-GIT/osmose-hrenyb-v4.4.1-xiangyan/osmose-hrenyb_1222.R line 367)
osmose[warn] . . Parameter already defined species.delta.lmax.factor.sp1 = 1.53295185960399 (from /gpfs/projects/ChenGroup/OSMOSE-HRENYB-GIT/calibration_1222/master/calibration_parameters.osm line 77)
osmose[warn] . . Osmose will ignore parameter species.delta.lmax.factor.sp2 = 1.80382694845337 (from /gpfs/projects/ChenGroup/OSMOSE-HRENYB-GIT/osmose-hrenyb-v4.4.1-xiangyan/osmose-hrenyb_1222.R line 368)
osmose[warn] . . Parameter already defined species.delta.lmax.factor.sp2 = 1.89301286045611 (from /gpfs/projects/ChenGroup/OSMOSE-HRENYB-GIT/calibration_1222/master/calibration_parameters.osm line 78)
osmose[warn] . . Osmose will ignore parameter species.delta.lmax.factor.sp3 = 1.63830204981989 (from /gpfs/projects/ChenGroup/OSMOSE-HRENYB-GIT/osmose-hrenyb-v4.4.1-xiangyan/osmose-hrenyb_1222.R line 369)
osmose[warn] . . Parameter already defined species.delta.lmax.factor.sp3 = 2.42866714160685 (from /gpfs/projects/ChenGroup/OSMOSE-HRENYB-GIT/calibration_1222/master/calibration_parameters.osm line 79)
osmose[warn] . . Osmose will ignore parameter species.delta.lmax.factor.sp4 = 0.607345881642839 (from /gpfs/projects/ChenGroup/OSMOSE-HRENYB-GIT/osmose-hrenyb-v4.4.1-xiangyan/osmose-hrenyb_1222.R line 370)
osmose[warn] . . Parameter already defined species.delta.lmax.factor.sp4 = 0.679752226243194 (from /gpfs/projects/ChenGroup/OSMOSE-HRENYB-GIT/calibration_1222/master/calibration_parameters.osm line 80)
osmose[warn] . . Osmose will ignore parameter species.delta.lmax.factor.sp5 = 0.710997157878701 (from /gpfs/projects/ChenGroup/OSMOSE-HRENYB-GIT/osmose-hrenyb-v4.4.1-xiangyan/osmose-hrenyb_1222.R line 371)
osmose[warn] . . Parameter already defined species.delta.lmax.factor.sp5 = 0.403883133147172 (from /gpfs/projects/ChenGroup/OSMOSE-HRENYB-GIT/calibration_1222/master/calibration_parameters.osm line 81)
osmose[warn] . . Osmose will ignore parameter species.delta.lmax.factor.sp6 = 0.614450858951978 (from /gpfs/projects/ChenGroup/OSMOSE-HRENYB-GIT/osmose-hrenyb-v4.4.1-xiangyan/osmose-hrenyb_1222.R line 372)
osmose[warn] . . Parameter already defined species.delta.lmax.factor.sp6 = 0.825110839138314 (from /gpfs/projects/ChenGroup/OSMOSE-HRENYB-GIT/calibration_1222/master/calibration_parameters.osm line 82)
osmose[warn] . . Osmose will ignore parameter species.delta.lmax.factor.sp7 = 0.642568278383372 (from /gpfs/projects/ChenGroup/OSMOSE-HRENYB-GIT/osmose-hrenyb-v4.4.1-xiangyan/osmose-hrenyb_1222.R line 373)
osmose[warn] . . Parameter already defined species.delta.lmax.factor.sp7 = 1.45658789412785 (from /gpfs/projects/ChenGroup/OSMOSE-HRENYB-GIT/calibration_1222/master/calibration_parameters.osm line 83)
osmose[warn] . . Osmose will ignore parameter species.delta.lmax.factor.sp8 = 1.09351186843328 (from /gpfs/projects/ChenGroup/OSMOSE-HRENYB-GIT/osmose-hrenyb-v4.4.1-xiangyan/osmose-hrenyb_1222.R line 374)
osmose[warn] . . Parameter already defined species.delta.lmax.factor.sp8 = 1.65764809735136 (from /gpfs/projects/ChenGroup/OSMOSE-HRENYB-GIT/calibration_1222/master/calibration_parameters.osm line 84)
osmose[warn] . . Osmose will ignore parameter species.delta.lmax.factor.sp9 = 0.718382361980412 (from /gpfs/projects/ChenGroup/OSMOSE-HRENYB-GIT/osmose-hrenyb-v4.4.1-xiangyan/osmose-hrenyb_1222.R line 375)
osmose[warn] . . Parameter already defined species.delta.lmax.factor.sp9 = 0.43829125399292 (from /gpfs/projects/ChenGroup/OSMOSE-HRENYB-GIT/calibration_1222/master/calibration_parameters.osm line 85)
osmose[warn] . . Osmose will ignore parameter species.delta.lmax.factor.sp10 = 0.895112086314589 (from /gpfs/projects/ChenGroup/OSMOSE-HRENYB-GIT/osmose-hrenyb-v4.4.1-xiangyan/osmose-hrenyb_1222.R line 376)
osmose[warn] . . Parameter already defined species.delta.lmax.factor.sp10 = 1.3751887535995 (from /gpfs/projects/ChenGroup/OSMOSE-HRENYB-GIT/calibration_1222/master/calibration_parameters.osm line 86)
osmose[warn] . . Osmose will ignore parameter species.delta.lmax.factor.sp11 = 1.23321756552957 (from /gpfs/projects/ChenGroup/OSMOSE-HRENYB-GIT/osmose-hrenyb-v4.4.1-xiangyan/osmose-hrenyb_1222.R line 377)
osmose[warn] . . Parameter already defined species.delta.lmax.factor.sp11 = 1.11438035927788 (from /gpfs/projects/ChenGroup/OSMOSE-HRENYB-GIT/calibration_1222/master/calibration_parameters.osm line 87)
osmose[warn] . . Osmose will ignore parameter species.delta.lmax.factor.sp12 = 1.3148477813506 (from /gpfs/projects/ChenGroup/OSMOSE-HRENYB-GIT/osmose-hrenyb-v4.4.1-xiangyan/osmose-hrenyb_1222.R line 378)
osmose[warn] . . Parameter already defined species.delta.lmax.factor.sp12 = 1.54674930872894 (from /gpfs/projects/ChenGroup/OSMOSE-HRENYB-GIT/calibration_1222/master/calibration_parameters.osm line 88)
osmose[warn] . . Osmose will ignore parameter species.delta.lmax.factor.sp13 = 0.56729144634569 (from /gpfs/projects/ChenGroup/OSMOSE-HRENYB-GIT/osmose-hrenyb-v4.4.1-xiangyan/osmose-hrenyb_1222.R line 379)
osmose[warn] . . Parameter already defined species.delta.lmax.factor.sp13 = 0.733000550427768 (from /gpfs/projects/ChenGroup/OSMOSE-HRENYB-GIT/calibration_1222/master/calibration_parameters.osm line 89)
osmose[warn] . . Osmose will ignore parameter species.delta.lmax.factor.sp14 = 0.646549329060248 (from /gpfs/projects/ChenGroup/OSMOSE-HRENYB-GIT/osmose-hrenyb-v4.4.1-xiangyan/osmose-hrenyb_1222.R line 380)
osmose[warn] . . Parameter already defined species.delta.lmax.factor.sp14 = 1.01816162051286 (from /gpfs/projects/ChenGroup/OSMOSE-HRENYB-GIT/calibration_1222/master/calibration_parameters.osm line 90)
osmose[warn] . . Osmose will ignore parameter species.delta.lmax.factor.sp15 = 0.941639064534505 (from /gpfs/projects/ChenGroup/OSMOSE-HRENYB-GIT/osmose-hrenyb-v4.4.1-xiangyan/osmose-hrenyb_1222.R line 381)
osmose[warn] . . Parameter already defined species.delta.lmax.factor.sp15 = 1.55292500430505 (from /gpfs/projects/ChenGroup/OSMOSE-HRENYB-GIT/calibration_1222/master/calibration_parameters.osm line 91)
osmose[warn] . . Osmose will ignore parameter species.delta.lmax.factor.sp16 = 0.717115444852414 (from /gpfs/projects/ChenGroup/OSMOSE-HRENYB-GIT/osmose-hrenyb-v4.4.1-xiangyan/osmose-hrenyb_1222.R line 382)
osmose[warn] . . Parameter already defined species.delta.lmax.factor.sp16 = 1.12392200172353 (from /gpfs/projects/ChenGroup/OSMOSE-HRENYB-GIT/calibration_1222/master/calibration_parameters.osm line 92)
osmose[warn] . . Osmose will ignore parameter mortality.additional.rate.sp0 = 0.0273429567232972 (from /gpfs/projects/ChenGroup/OSMOSE-HRENYB-GIT/osmose-hrenyb-v4.4.1-xiangyan/osmose-hrenyb_1222.R line 575)
osmose[warn] . . Parameter already defined mortality.additional.rate.sp0 = 0.175929019236931 (from /gpfs/projects/ChenGroup/OSMOSE-HRENYB-GIT/calibration_1222/master/calibration_parameters.osm line 27)
osmose[warn] . . Osmose will ignore parameter mortality.additional.rate.sp1 = 2.66439460898864 (from /gpfs/projects/ChenGroup/OSMOSE-HRENYB-GIT/osmose-hrenyb-v4.4.1-xiangyan/osmose-hrenyb_1222.R line 576)
osmose[warn] . . Parameter already defined mortality.additional.rate.sp1 = 3.09376076219656 (from /gpfs/projects/ChenGroup/OSMOSE-HRENYB-GIT/calibration_1222/master/calibration_parameters.osm line 28)
osmose[warn] . . Osmose will ignore parameter mortality.additional.rate.sp2 = 0.0470230801392753 (from /gpfs/projects/ChenGroup/OSMOSE-HRENYB-GIT/osmose-hrenyb-v4.4.1-xiangyan/osmose-hrenyb_1222.R line 577)
osmose[warn] . . Parameter already defined mortality.additional.rate.sp2 = 0.00224144446696332 (from /gpfs/projects/ChenGroup/OSMOSE-HRENYB-GIT/calibration_1222/master/calibration_parameters.osm line 29)
osmose[warn] . . Osmose will ignore parameter mortality.additional.rate.sp3 = 0.00372336899810139 (from /gpfs/projects/ChenGroup/OSMOSE-HRENYB-GIT/osmose-hrenyb-v4.4.1-xiangyan/osmose-hrenyb_1222.R line 578)
osmose[warn] . . Parameter already defined mortality.additional.rate.sp3 = 0.00061452348190231 (from /gpfs/projects/ChenGroup/OSMOSE-HRENYB-GIT/calibration_1222/master/calibration_parameters.osm line 30)
osmose[warn] . . Osmose will ignore parameter mortality.additional.rate.sp4 = 0.00017462902261702 (from /gpfs/projects/ChenGroup/OSMOSE-HRENYB-GIT/osmose-hrenyb-v4.4.1-xiangyan/osmose-hrenyb_1222.R line 579)
osmose[warn] . . Parameter already defined mortality.additional.rate.sp4 = 0.000890473134958425 (from /gpfs/projects/ChenGroup/OSMOSE-HRENYB-GIT/calibration_1222/master/calibration_parameters.osm line 31)
osmose[warn] . . Osmose will ignore parameter mortality.additional.rate.sp5 = 0.000805303485488676 (from /gpfs/projects/ChenGroup/OSMOSE-HRENYB-GIT/osmose-hrenyb-v4.4.1-xiangyan/osmose-hrenyb_1222.R line 580)
osmose[warn] . . Parameter already defined mortality.additional.rate.sp5 = 0.10816946910608 (from /gpfs/projects/ChenGroup/OSMOSE-HRENYB-GIT/calibration_1222/master/calibration_parameters.osm line 32)
osmose[warn] . . Osmose will ignore parameter mortality.additional.rate.sp6 = 0.0106282146607216 (from /gpfs/projects/ChenGroup/OSMOSE-HRENYB-GIT/osmose-hrenyb-v4.4.1-xiangyan/osmose-hrenyb_1222.R line 581)
osmose[warn] . . Parameter already defined mortality.additional.rate.sp6 = 0.00108651695667231 (from /gpfs/projects/ChenGroup/OSMOSE-HRENYB-GIT/calibration_1222/master/calibration_parameters.osm line 33)
osmose[warn] . . Osmose will ignore parameter mortality.additional.rate.sp7 = 0.000313525945211201 (from /gpfs/projects/ChenGroup/OSMOSE-HRENYB-GIT/osmose-hrenyb-v4.4.1-xiangyan/osmose-hrenyb_1222.R line 582)
osmose[warn] . . Parameter already defined mortality.additional.rate.sp7 = 0.0367707825296596 (from /gpfs/projects/ChenGroup/OSMOSE-HRENYB-GIT/calibration_1222/master/calibration_parameters.osm line 34)
osmose[warn] . . Osmose will ignore parameter mortality.additional.rate.sp8 = 2.69079601823794 (from /gpfs/projects/ChenGroup/OSMOSE-HRENYB-GIT/osmose-hrenyb-v4.4.1-xiangyan/osmose-hrenyb_1222.R line 583)
osmose[warn] . . Parameter already defined mortality.additional.rate.sp8 = 2.21090047017071 (from /gpfs/projects/ChenGroup/OSMOSE-HRENYB-GIT/calibration_1222/master/calibration_parameters.osm line 26)
osmose[warn] . . Osmose will ignore parameter mortality.additional.rate.sp9 = 0.000236388925111043 (from /gpfs/projects/ChenGroup/OSMOSE-HRENYB-GIT/osmose-hrenyb-v4.4.1-xiangyan/osmose-hrenyb_1222.R line 584)
osmose[warn] . . Parameter already defined mortality.additional.rate.sp9 = 0.000231435195156782 (from /gpfs/projects/ChenGroup/OSMOSE-HRENYB-GIT/calibration_1222/master/calibration_parameters.osm line 35)
osmose[warn] . . Osmose will ignore parameter mortality.additional.rate.sp10 = 0.00760197187521723 (from /gpfs/projects/ChenGroup/OSMOSE-HRENYB-GIT/osmose-hrenyb-v4.4.1-xiangyan/osmose-hrenyb_1222.R line 585)
osmose[warn] . . Parameter already defined mortality.additional.rate.sp10 = 0.186880668791039 (from /gpfs/projects/ChenGroup/OSMOSE-HRENYB-GIT/calibration_1222/master/calibration_parameters.osm line 36)
osmose[warn] . . Osmose will ignore parameter mortality.additional.rate.sp11 = 0.00107462170571332 (from /gpfs/projects/ChenGroup/OSMOSE-HRENYB-GIT/osmose-hrenyb-v4.4.1-xiangyan/osmose-hrenyb_1222.R line 586)
osmose[warn] . . Parameter already defined mortality.additional.rate.sp11 = 0.000420990621715584 (from /gpfs/projects/ChenGroup/OSMOSE-HRENYB-GIT/calibration_1222/master/calibration_parameters.osm line 37)
osmose[warn] . . Osmose will ignore parameter mortality.additional.rate.sp12 = 0.749658484947885 (from /gpfs/projects/ChenGroup/OSMOSE-HRENYB-GIT/osmose-hrenyb-v4.4.1-xiangyan/osmose-hrenyb_1222.R line 587)
osmose[warn] . . Parameter already defined mortality.additional.rate.sp12 = 0.00291247525156241 (from /gpfs/projects/ChenGroup/OSMOSE-HRENYB-GIT/calibration_1222/master/calibration_parameters.osm line 38)
osmose[warn] . . Osmose will ignore parameter mortality.additional.rate.sp13 = 0.08576626819592 (from /gpfs/projects/ChenGroup/OSMOSE-HRENYB-GIT/osmose-hrenyb-v4.4.1-xiangyan/osmose-hrenyb_1222.R line 588)
osmose[warn] . . Parameter already defined mortality.additional.rate.sp13 = 0.591653828754999 (from /gpfs/projects/ChenGroup/OSMOSE-HRENYB-GIT/calibration_1222/master/calibration_parameters.osm line 39)
osmose[warn] . . Osmose will ignore parameter mortality.additional.rate.sp14 = 0.00203772682671409 (from /gpfs/projects/ChenGroup/OSMOSE-HRENYB-GIT/osmose-hrenyb-v4.4.1-xiangyan/osmose-hrenyb_1222.R line 589)
osmose[warn] . . Parameter already defined mortality.additional.rate.sp14 = 0.00768116590417565 (from /gpfs/projects/ChenGroup/OSMOSE-HRENYB-GIT/calibration_1222/master/calibration_parameters.osm line 40)
osmose[warn] . . Osmose will ignore parameter mortality.additional.rate.sp15 = 0.378029929130861 (from /gpfs/projects/ChenGroup/OSMOSE-HRENYB-GIT/osmose-hrenyb-v4.4.1-xiangyan/osmose-hrenyb_1222.R line 590)
osmose[warn] . . Parameter already defined mortality.additional.rate.sp15 = 0.260021413461912 (from /gpfs/projects/ChenGroup/OSMOSE-HRENYB-GIT/calibration_1222/master/calibration_parameters.osm line 41)
osmose[warn] . . Osmose will ignore parameter mortality.additional.rate.sp16 = 0.268677792297232 (from /gpfs/projects/ChenGroup/OSMOSE-HRENYB-GIT/osmose-hrenyb-v4.4.1-xiangyan/osmose-hrenyb_1222.R line 591)
osmose[warn] . . Parameter already defined mortality.additional.rate.sp16 = 0.00763420473305485 (from /gpfs/projects/ChenGroup/OSMOSE-HRENYB-GIT/calibration_1222/master/calibration_parameters.osm line 42)
osmose[warn] . . Osmose will ignore parameter mortality.additional.larva.rate.sp0 = 96.245324651272 (from /gpfs/projects/ChenGroup/OSMOSE-HRENYB-GIT/osmose-hrenyb-v4.4.1-xiangyan/osmose-hrenyb_1222.R line 593)
osmose[warn] . . Parameter already defined mortality.additional.larva.rate.sp0 = 8.49923064354452 (from /gpfs/projects/ChenGroup/OSMOSE-HRENYB-GIT/calibration_1222/master/calibration_parameters.osm line 43)
osmose[warn] . . Osmose will ignore parameter mortality.additional.larva.rate.sp1 = 50 (from /gpfs/projects/ChenGroup/OSMOSE-HRENYB-GIT/osmose-hrenyb-v4.4.1-xiangyan/osmose-hrenyb_1222.R line 594)
osmose[warn] . . Parameter already defined mortality.additional.larva.rate.sp1 = 0.589406607475977 (from /gpfs/projects/ChenGroup/OSMOSE-HRENYB-GIT/calibration_1222/master/calibration_parameters.osm line 44)
osmose[warn] . . Osmose will ignore parameter mortality.additional.larva.rate.sp2 = 219.284849714803 (from /gpfs/projects/ChenGroup/OSMOSE-HRENYB-GIT/osmose-hrenyb-v4.4.1-xiangyan/osmose-hrenyb_1222.R line 595)
osmose[warn] . . Parameter already defined mortality.additional.larva.rate.sp2 = 50.5351336164249 (from /gpfs/projects/ChenGroup/OSMOSE-HRENYB-GIT/calibration_1222/master/calibration_parameters.osm line 45)
osmose[warn] . . Osmose will ignore parameter mortality.additional.larva.rate.sp3 = 18.3470184543906 (from /gpfs/projects/ChenGroup/OSMOSE-HRENYB-GIT/osmose-hrenyb-v4.4.1-xiangyan/osmose-hrenyb_1222.R line 596)
osmose[warn] . . Parameter already defined mortality.additional.larva.rate.sp3 = 1.56555632226976 (from /gpfs/projects/ChenGroup/OSMOSE-HRENYB-GIT/calibration_1222/master/calibration_parameters.osm line 46)
osmose[warn] . . Osmose will ignore parameter mortality.additional.larva.rate.sp5 = 983.353271814807 (from /gpfs/projects/ChenGroup/OSMOSE-HRENYB-GIT/osmose-hrenyb-v4.4.1-xiangyan/osmose-hrenyb_1222.R line 598)
osmose[warn] . . Parameter already defined mortality.additional.larva.rate.sp5 = 3488.03382971322 (from /gpfs/projects/ChenGroup/OSMOSE-HRENYB-GIT/calibration_1222/master/calibration_parameters.osm line 47)
osmose[warn] . . Osmose will ignore parameter mortality.additional.larva.rate.sp6 = 301.150711042534 (from /gpfs/projects/ChenGroup/OSMOSE-HRENYB-GIT/osmose-hrenyb-v4.4.1-xiangyan/osmose-hrenyb_1222.R line 599)
osmose[warn] . . Parameter already defined mortality.additional.larva.rate.sp6 = 636.339786743594 (from /gpfs/projects/ChenGroup/OSMOSE-HRENYB-GIT/calibration_1222/master/calibration_parameters.osm line 48)
osmose[warn] . . Osmose will ignore parameter mortality.additional.larva.rate.sp7 = 32.5737538879944 (from /gpfs/projects/ChenGroup/OSMOSE-HRENYB-GIT/osmose-hrenyb-v4.4.1-xiangyan/osmose-hrenyb_1222.R line 600)
osmose[warn] . . Parameter already defined mortality.additional.larva.rate.sp7 = 214.017001657785 (from /gpfs/projects/ChenGroup/OSMOSE-HRENYB-GIT/calibration_1222/master/calibration_parameters.osm line 49)
osmose[warn] . . Osmose will ignore parameter mortality.additional.larva.rate.sp8 = 70 (from /gpfs/projects/ChenGroup/OSMOSE-HRENYB-GIT/osmose-hrenyb-v4.4.1-xiangyan/osmose-hrenyb_1222.R line 601)
osmose[warn] . . Parameter already defined mortality.additional.larva.rate.sp8 = 0.203890261039291 (from /gpfs/projects/ChenGroup/OSMOSE-HRENYB-GIT/calibration_1222/master/calibration_parameters.osm line 50)
osmose[warn] . . Osmose will ignore parameter mortality.additional.larva.rate.sp9 = 9.45471027313439 (from /gpfs/projects/ChenGroup/OSMOSE-HRENYB-GIT/osmose-hrenyb-v4.4.1-xiangyan/osmose-hrenyb_1222.R line 602)
osmose[warn] . . Parameter already defined mortality.additional.larva.rate.sp9 = 184.643182921497 (from /gpfs/projects/ChenGroup/OSMOSE-HRENYB-GIT/calibration_1222/master/calibration_parameters.osm line 51)
osmose[warn] . . Osmose will ignore parameter mortality.additional.larva.rate.sp10 = 0.757980528125991 (from /gpfs/projects/ChenGroup/OSMOSE-HRENYB-GIT/osmose-hrenyb-v4.4.1-xiangyan/osmose-hrenyb_1222.R line 603)
osmose[warn] . . Parameter already defined mortality.additional.larva.rate.sp10 = 0.390574824712216 (from /gpfs/projects/ChenGroup/OSMOSE-HRENYB-GIT/calibration_1222/master/calibration_parameters.osm line 52)
osmose[warn] . . Osmose will ignore parameter mortality.additional.larva.rate.sp11 = 76.2427551459856 (from /gpfs/projects/ChenGroup/OSMOSE-HRENYB-GIT/osmose-hrenyb-v4.4.1-xiangyan/osmose-hrenyb_1222.R line 604)
osmose[warn] . . Parameter already defined mortality.additional.larva.rate.sp11 = 22.7246075911311 (from /gpfs/projects/ChenGroup/OSMOSE-HRENYB-GIT/calibration_1222/master/calibration_parameters.osm line 53)
osmose[warn] . . Osmose will ignore parameter mortality.additional.larva.rate.sp12 = 37.0878248337049 (from /gpfs/projects/ChenGroup/OSMOSE-HRENYB-GIT/osmose-hrenyb-v4.4.1-xiangyan/osmose-hrenyb_1222.R line 605)
osmose[warn] . . Parameter already defined mortality.additional.larva.rate.sp12 = 23.1908404370095 (from /gpfs/projects/ChenGroup/OSMOSE-HRENYB-GIT/calibration_1222/master/calibration_parameters.osm line 54)
osmose[warn] . . Osmose will ignore parameter mortality.additional.larva.rate.sp13 = 150 (from /gpfs/projects/ChenGroup/OSMOSE-HRENYB-GIT/osmose-hrenyb-v4.4.1-xiangyan/osmose-hrenyb_1222.R line 606)
osmose[warn] . . Parameter already defined mortality.additional.larva.rate.sp13 = 33.0031673258809 (from /gpfs/projects/ChenGroup/OSMOSE-HRENYB-GIT/calibration_1222/master/calibration_parameters.osm line 55)
osmose[warn] . . Osmose will ignore parameter mortality.additional.larva.rate.sp14 = 4.44293256928432 (from /gpfs/projects/ChenGroup/OSMOSE-HRENYB-GIT/osmose-hrenyb-v4.4.1-xiangyan/osmose-hrenyb_1222.R line 607)
osmose[warn] . . Parameter already defined mortality.additional.larva.rate.sp14 = 2.34620596279946 (from /gpfs/projects/ChenGroup/OSMOSE-HRENYB-GIT/calibration_1222/master/calibration_parameters.osm line 56)
osmose[warn] . . Osmose will ignore parameter mortality.additional.larva.rate.sp15 = 231.801473206037 (from /gpfs/projects/ChenGroup/OSMOSE-HRENYB-GIT/osmose-hrenyb-v4.4.1-xiangyan/osmose-hrenyb_1222.R line 608)
osmose[warn] . . Parameter already defined mortality.additional.larva.rate.sp15 = 142.136987336147 (from /gpfs/projects/ChenGroup/OSMOSE-HRENYB-GIT/calibration_1222/master/calibration_parameters.osm line 57)
osmose[warn] . . Osmose will ignore parameter mortality.additional.larva.rate.sp16 = 174.84474051832 (from /gpfs/projects/ChenGroup/OSMOSE-HRENYB-GIT/osmose-hrenyb-v4.4.1-xiangyan/osmose-hrenyb_1222.R line 609)
osmose[warn] . . Parameter already defined mortality.additional.larva.rate.sp16 = 6353.08286027531 (from /gpfs/projects/ChenGroup/OSMOSE-HRENYB-GIT/calibration_1222/master/calibration_parameters.osm line 58)
osmose[warn] . . Osmose will ignore parameter predation.ingestion.rate.max.sp0 = 13.0544214851327 (from /gpfs/projects/ChenGroup/OSMOSE-HRENYB-GIT/osmose-hrenyb-v4.4.1-xiangyan/osmose-hrenyb_1222.R line 710)
osmose[warn] . . Parameter already defined predation.ingestion.rate.max.sp0 = 13.0544214851327 (from /gpfs/projects/ChenGroup/OSMOSE-HRENYB-GIT/calibration_1222/master/calibration_parameters.osm line 59)
osmose[warn] . . Osmose will ignore parameter predation.ingestion.rate.max.sp1 = 17.4991060544038 (from /gpfs/projects/ChenGroup/OSMOSE-HRENYB-GIT/osmose-hrenyb-v4.4.1-xiangyan/osmose-hrenyb_1222.R line 711)
osmose[warn] . . Parameter already defined predation.ingestion.rate.max.sp1 = 17.499106054404 (from /gpfs/projects/ChenGroup/OSMOSE-HRENYB-GIT/calibration_1222/master/calibration_parameters.osm line 60)
osmose[warn] . . Osmose will ignore parameter predation.ingestion.rate.max.sp2 = 22.2420307181586 (from /gpfs/projects/ChenGroup/OSMOSE-HRENYB-GIT/osmose-hrenyb-v4.4.1-xiangyan/osmose-hrenyb_1222.R line 712)
osmose[warn] . . Parameter already defined predation.ingestion.rate.max.sp2 = 22.2420307181588 (from /gpfs/projects/ChenGroup/OSMOSE-HRENYB-GIT/calibration_1222/master/calibration_parameters.osm line 61)
osmose[warn] . . Osmose will ignore parameter predation.ingestion.rate.max.sp3 = 20.2859341399712 (from /gpfs/projects/ChenGroup/OSMOSE-HRENYB-GIT/osmose-hrenyb-v4.4.1-xiangyan/osmose-hrenyb_1222.R line 713)
osmose[warn] . . Parameter already defined predation.ingestion.rate.max.sp3 = 20.2859341399713 (from /gpfs/projects/ChenGroup/OSMOSE-HRENYB-GIT/calibration_1222/master/calibration_parameters.osm line 62)
osmose[warn] . . Osmose will ignore parameter predation.ingestion.rate.max.sp4 = 30.2452945208134 (from /gpfs/projects/ChenGroup/OSMOSE-HRENYB-GIT/osmose-hrenyb-v4.4.1-xiangyan/osmose-hrenyb_1222.R line 714)
osmose[warn] . . Parameter already defined predation.ingestion.rate.max.sp4 = 30.2452945208137 (from /gpfs/projects/ChenGroup/OSMOSE-HRENYB-GIT/calibration_1222/master/calibration_parameters.osm line 63)
osmose[warn] . . Osmose will ignore parameter predation.ingestion.rate.max.sp5 = 36.3224232421668 (from /gpfs/projects/ChenGroup/OSMOSE-HRENYB-GIT/osmose-hrenyb-v4.4.1-xiangyan/osmose-hrenyb_1222.R line 715)
osmose[warn] . . Parameter already defined predation.ingestion.rate.max.sp5 = 36.3224232421672 (from /gpfs/projects/ChenGroup/OSMOSE-HRENYB-GIT/calibration_1222/master/calibration_parameters.osm line 64)
osmose[warn] . . Osmose will ignore parameter predation.ingestion.rate.max.sp6 = 49.5866509091337 (from /gpfs/projects/ChenGroup/OSMOSE-HRENYB-GIT/osmose-hrenyb-v4.4.1-xiangyan/osmose-hrenyb_1222.R line 716)
osmose[warn] . . Parameter already defined predation.ingestion.rate.max.sp6 = 49.5866509091333 (from /gpfs/projects/ChenGroup/OSMOSE-HRENYB-GIT/calibration_1222/master/calibration_parameters.osm line 65)
osmose[warn] . . Osmose will ignore parameter predation.ingestion.rate.max.sp7 = 3.37758830757062 (from /gpfs/projects/ChenGroup/OSMOSE-HRENYB-GIT/osmose-hrenyb-v4.4.1-xiangyan/osmose-hrenyb_1222.R line 717)
osmose[warn] . . Parameter already defined predation.ingestion.rate.max.sp7 = 3.37758830757062 (from /gpfs/projects/ChenGroup/OSMOSE-HRENYB-GIT/calibration_1222/master/calibration_parameters.osm line 66)
osmose[warn] . . Osmose will ignore parameter predation.ingestion.rate.max.sp8 = 7.20565374073095 (from /gpfs/projects/ChenGroup/OSMOSE-HRENYB-GIT/osmose-hrenyb-v4.4.1-xiangyan/osmose-hrenyb_1222.R line 718)
osmose[warn] . . Parameter already defined predation.ingestion.rate.max.sp8 = 51.058178082476 (from /gpfs/projects/ChenGroup/OSMOSE-HRENYB-GIT/calibration_1222/master/calibration_parameters.osm line 67)
osmose[warn] . . Osmose will ignore parameter predation.ingestion.rate.max.sp9 = 3.88886103394367 (from /gpfs/projects/ChenGroup/OSMOSE-HRENYB-GIT/osmose-hrenyb-v4.4.1-xiangyan/osmose-hrenyb_1222.R line 719)
osmose[warn] . . Parameter already defined predation.ingestion.rate.max.sp9 = 3.88886103394367 (from /gpfs/projects/ChenGroup/OSMOSE-HRENYB-GIT/calibration_1222/master/calibration_parameters.osm line 68)
osmose[warn] . . Osmose will ignore parameter predation.ingestion.rate.max.sp10 = 18.5111460151248 (from /gpfs/projects/ChenGroup/OSMOSE-HRENYB-GIT/osmose-hrenyb-v4.4.1-xiangyan/osmose-hrenyb_1222.R line 720)
osmose[warn] . . Parameter already defined predation.ingestion.rate.max.sp10 = 18.5111460151249 (from /gpfs/projects/ChenGroup/OSMOSE-HRENYB-GIT/calibration_1222/master/calibration_parameters.osm line 69)
osmose[warn] . . Osmose will ignore parameter predation.ingestion.rate.max.sp11 = 17.2883673390966 (from /gpfs/projects/ChenGroup/OSMOSE-HRENYB-GIT/osmose-hrenyb-v4.4.1-xiangyan/osmose-hrenyb_1222.R line 721)
osmose[warn] . . Parameter already defined predation.ingestion.rate.max.sp11 = 17.2883673390967 (from /gpfs/projects/ChenGroup/OSMOSE-HRENYB-GIT/calibration_1222/master/calibration_parameters.osm line 70)
osmose[warn] . . Osmose will ignore parameter predation.ingestion.rate.max.sp12 = 5.10513824731129 (from /gpfs/projects/ChenGroup/OSMOSE-HRENYB-GIT/osmose-hrenyb-v4.4.1-xiangyan/osmose-hrenyb_1222.R line 722)
osmose[warn] . . Parameter already defined predation.ingestion.rate.max.sp12 = 5.10513824731129 (from /gpfs/projects/ChenGroup/OSMOSE-HRENYB-GIT/calibration_1222/master/calibration_parameters.osm line 71)
osmose[warn] . . Osmose will ignore parameter predation.ingestion.rate.max.sp13 = 18.4475355878403 (from /gpfs/projects/ChenGroup/OSMOSE-HRENYB-GIT/osmose-hrenyb-v4.4.1-xiangyan/osmose-hrenyb_1222.R line 723)
osmose[warn] . . Parameter already defined predation.ingestion.rate.max.sp13 = 18.4475355878404 (from /gpfs/projects/ChenGroup/OSMOSE-HRENYB-GIT/calibration_1222/master/calibration_parameters.osm line 72)
osmose[warn] . . Osmose will ignore parameter predation.ingestion.rate.max.sp14 = 15.4896355511775 (from /gpfs/projects/ChenGroup/OSMOSE-HRENYB-GIT/osmose-hrenyb-v4.4.1-xiangyan/osmose-hrenyb_1222.R line 724)
osmose[warn] . . Parameter already defined predation.ingestion.rate.max.sp14 = 15.4896355511773 (from /gpfs/projects/ChenGroup/OSMOSE-HRENYB-GIT/calibration_1222/master/calibration_parameters.osm line 73)
osmose[warn] . . Osmose will ignore parameter predation.ingestion.rate.max.sp15 = 13.4664660620286 (from /gpfs/projects/ChenGroup/OSMOSE-HRENYB-GIT/osmose-hrenyb-v4.4.1-xiangyan/osmose-hrenyb_1222.R line 725)
osmose[warn] . . Parameter already defined predation.ingestion.rate.max.sp15 = 13.4664660620286 (from /gpfs/projects/ChenGroup/OSMOSE-HRENYB-GIT/calibration_1222/master/calibration_parameters.osm line 74)
osmose[warn] . . Osmose will ignore parameter predation.ingestion.rate.max.sp16 = 10.1902295549492 (from /gpfs/projects/ChenGroup/OSMOSE-HRENYB-GIT/osmose-hrenyb-v4.4.1-xiangyan/osmose-hrenyb_1222.R line 726)
osmose[warn] . . Parameter already defined predation.ingestion.rate.max.sp16 = 10.1902295549493 (from /gpfs/projects/ChenGroup/OSMOSE-HRENYB-GIT/calibration_1222/master/calibration_parameters.osm line 75)
osmose[warn] . . Osmose will ignore parameter fisheries.selectivity.l50.fsh0 = 16.7 (from /gpfs/projects/ChenGroup/OSMOSE-HRENYB-GIT/osmose-hrenyb-v4.4.1-xiangyan/osmose-hrenyb_1222.R line 795)
osmose[warn] . . Parameter already defined fisheries.selectivity.l50.fsh0 = 16.7 (from /gpfs/projects/ChenGroup/OSMOSE-HRENYB-GIT/calibration_1222/master/calibration_parameters.osm line 95)
osmose[warn] . . Osmose will ignore parameter fisheries.rate.base.fsh0 = 1 (from /gpfs/projects/ChenGroup/OSMOSE-HRENYB-GIT/osmose-hrenyb-v4.4.1-xiangyan/osmose-hrenyb_1222.R line 801)
osmose[warn] . . Parameter already defined fisheries.rate.base.fsh0 = 0.10994820021127 (from /gpfs/projects/ChenGroup/OSMOSE-HRENYB-GIT/calibration_1222/master/calibration_parameters.osm line 93)
osmose[warn] . . Osmose will ignore parameter fisheries.rate.byperiod.fsh0 = 0.36, 0.41, 0.38, 0.47, 0.47, 0.47, 0.58, 0.56, 0.59, 0.95, 0.73, 0.61, 0.61, 0.66, 0.51, 0.48, 0.48, 0.47, 0.57, 0.25 (from /gpfs/projects/ChenGroup/OSMOSE-HRENYB-GIT/osmose-hrenyb-v4.4.1-xiangyan/osmose-hrenyb_1222.R line 803)
osmose[warn] . . Parameter already defined fisheries.rate.byperiod.fsh0 = 0.360000000000001,0.41,0.38,0.47,0.47,0.47,0.58,0.56,0.59,0.95,0.73,0.61,0.61,0.66,0.51,0.48,0.48,0.47,0.57,0.25 (from /gpfs/projects/ChenGroup/OSMOSE-HRENYB-GIT/calibration_1222/master/calibration_parameters.osm line 94)
osmose[warn] . . Osmose will ignore parameter fisheries.selectivity.l50.fsh1 = 28.7 (from /gpfs/projects/ChenGroup/OSMOSE-HRENYB-GIT/osmose-hrenyb-v4.4.1-xiangyan/osmose-hrenyb_1222.R line 815)
osmose[warn] . . Parameter already defined fisheries.selectivity.l50.fsh1 = 28.7 (from /gpfs/projects/ChenGroup/OSMOSE-HRENYB-GIT/calibration_1222/master/calibration_parameters.osm line 98)
osmose[warn] . . Osmose will ignore parameter fisheries.rate.base.fsh1 = 1 (from /gpfs/projects/ChenGroup/OSMOSE-HRENYB-GIT/osmose-hrenyb-v4.4.1-xiangyan/osmose-hrenyb_1222.R line 820)
osmose[warn] . . Parameter already defined fisheries.rate.base.fsh1 = 0.173959102029445 (from /gpfs/projects/ChenGroup/OSMOSE-HRENYB-GIT/calibration_1222/master/calibration_parameters.osm line 96)
osmose[warn] . . Osmose will ignore parameter fisheries.rate.byperiod.fsh1 = 0.631489886384772,0.671739772110236,0.673196750248963,0.391318684931009,1.03708574942295,0.56097262568671,0.418560668819412,0.711806643542587,0.574885500044176,0.756375074919431,0.78210041953026,0.694856685555122,0.255347805703803,0.251423024782662,0.488801690927802,0.776661822222493,0.511716111609999,0.40850940899023,0.738474683365754,0.283198070423762 (from /gpfs/projects/ChenGroup/OSMOSE-HRENYB-GIT/osmose-hrenyb-v4.4.1-xiangyan/osmose-hrenyb_1222.R line 822)
osmose[warn] . . Parameter already defined fisheries.rate.byperiod.fsh1 = 0.587500790168294,0.0610631040848487,0.0292542346250433,10.8603866269008,0.647874044962201,14.8178236050935,0.0707114681826454,6.42285969396028,1.68216916531508,0.140510617016858,1.15523250768645,2.8053013898214,0.112310518777969,0.106035316854485,5.51529361775016,1.28141271721288,1.20405276816686,1.04590668929086,4.67568221078718,12.0001146255321 (from /gpfs/projects/ChenGroup/OSMOSE-HRENYB-GIT/calibration_1222/master/calibration_parameters.osm line 97)
osmose[warn] . . Osmose will ignore parameter fisheries.selectivity.l50.fsh2 = 41.91 (from /gpfs/projects/ChenGroup/OSMOSE-HRENYB-GIT/osmose-hrenyb-v4.4.1-xiangyan/osmose-hrenyb_1222.R line 834)
osmose[warn] . . Parameter already defined fisheries.selectivity.l50.fsh2 = 41.91 (from /gpfs/projects/ChenGroup/OSMOSE-HRENYB-GIT/calibration_1222/master/calibration_parameters.osm line 101)
osmose[warn] . . Osmose will ignore parameter fisheries.rate.base.fsh2 = 1 (from /gpfs/projects/ChenGroup/OSMOSE-HRENYB-GIT/osmose-hrenyb-v4.4.1-xiangyan/osmose-hrenyb_1222.R line 839)
osmose[warn] . . Parameter already defined fisheries.rate.base.fsh2 = 0.227055228483689 (from /gpfs/projects/ChenGroup/OSMOSE-HRENYB-GIT/calibration_1222/master/calibration_parameters.osm line 99)
osmose[warn] . . Osmose will ignore parameter fisheries.rate.byperiod.fsh2 = 0.54, 0.63, 0.65, 0.57, 0.57, 0.51, 0.54, 0.55, 0.48, 0.65, 0.73, 0.4, 0.58, 0.54, 0.4, 0.3, 0.33, 0.51, 0.36, 0.39 (from /gpfs/projects/ChenGroup/OSMOSE-HRENYB-GIT/osmose-hrenyb-v4.4.1-xiangyan/osmose-hrenyb_1222.R line 841)
osmose[warn] . . Parameter already defined fisheries.rate.byperiod.fsh2 = 0.54,0.63,0.65,0.57,0.57,0.51,0.54,0.55,0.48,0.65,0.73,0.4,0.58,0.54,0.4,0.299999999999999,0.33,0.51,0.360000000000001,0.39 (from /gpfs/projects/ChenGroup/OSMOSE-HRENYB-GIT/calibration_1222/master/calibration_parameters.osm line 100)
osmose[warn] . . Osmose will ignore parameter fisheries.selectivity.l50.fsh3 = 25.4 (from /gpfs/projects/ChenGroup/OSMOSE-HRENYB-GIT/osmose-hrenyb-v4.4.1-xiangyan/osmose-hrenyb_1222.R line 853)
osmose[warn] . . Parameter already defined fisheries.selectivity.l50.fsh3 = 25.4 (from /gpfs/projects/ChenGroup/OSMOSE-HRENYB-GIT/calibration_1222/master/calibration_parameters.osm line 104)
osmose[warn] . . Osmose will ignore parameter fisheries.rate.base.fsh3 = 1 (from /gpfs/projects/ChenGroup/OSMOSE-HRENYB-GIT/osmose-hrenyb-v4.4.1-xiangyan/osmose-hrenyb_1222.R line 858)
osmose[warn] . . Parameter already defined fisheries.rate.base.fsh3 = 0.252085237994294 (from /gpfs/projects/ChenGroup/OSMOSE-HRENYB-GIT/calibration_1222/master/calibration_parameters.osm line 102)
osmose[warn] . . Osmose will ignore parameter fisheries.rate.byperiod.fsh3 = 0.27, 0.14, 0.1, 0.14, 0.12, 0.07, 0.09, 0.09, 0.05, 0.06, 0.08, 0.08, 0.08, 0.11, 0.09, 0.12, 0.09, 0.1, 0.08, 0.09 (from /gpfs/projects/ChenGroup/OSMOSE-HRENYB-GIT/osmose-hrenyb-v4.4.1-xiangyan/osmose-hrenyb_1222.R line 860)
osmose[warn] . . Parameter already defined fisheries.rate.byperiod.fsh3 = 0.270000000000001,0.14,0.0999999999999996,0.14,0.12,0.0699999999999999,0.0900000000000002,0.0900000000000002,0.0500000000000001,0.0599999999999998,0.0799999999999996,0.0799999999999996,0.0799999999999996,0.11,0.0900000000000002,0.12,0.0900000000000002,0.0999999999999996,0.0799999999999996,0.0900000000000002 (from /gpfs/projects/ChenGroup/OSMOSE-HRENYB-GIT/calibration_1222/master/calibration_parameters.osm line 103)
osmose[warn] . . Osmose will ignore parameter fisheries.selectivity.l50.fsh4 = 50 (from /gpfs/projects/ChenGroup/OSMOSE-HRENYB-GIT/osmose-hrenyb-v4.4.1-xiangyan/osmose-hrenyb_1222.R line 872)
osmose[warn] . . Parameter already defined fisheries.selectivity.l50.fsh4 = 50 (from /gpfs/projects/ChenGroup/OSMOSE-HRENYB-GIT/calibration_1222/master/calibration_parameters.osm line 107)
osmose[warn] . . Osmose will ignore parameter fisheries.rate.base.fsh4 = 1 (from /gpfs/projects/ChenGroup/OSMOSE-HRENYB-GIT/osmose-hrenyb-v4.4.1-xiangyan/osmose-hrenyb_1222.R line 877)
osmose[warn] . . Parameter already defined fisheries.rate.base.fsh4 = 0.243760813051728 (from /gpfs/projects/ChenGroup/OSMOSE-HRENYB-GIT/calibration_1222/master/calibration_parameters.osm line 105)
osmose[warn] . . Osmose will ignore parameter fisheries.rate.byperiod.fsh4 = 0.048, 0.04, 0.035, 0.019, 0.023, 0.018, 0.021, 0.026, 0.021, 0.026, 0.019, 0.03, 0.032, 0.03, 0.046, 0.033, 0.044, 0.038, 0.031, 0.042 (from /gpfs/projects/ChenGroup/OSMOSE-HRENYB-GIT/osmose-hrenyb-v4.4.1-xiangyan/osmose-hrenyb_1222.R line 879)
osmose[warn] . . Parameter already defined fisheries.rate.byperiod.fsh4 = 0.0479999999999998,0.04,0.0350000000000001,0.0189999999999999,0.0229999999999999,0.0180000000000001,0.0210000000000001,0.0259999999999999,0.0210000000000001,0.0259999999999999,0.0189999999999999,0.0300000000000001,0.032,0.0300000000000001,0.0460000000000001,0.0329999999999999,0.0439999999999998,0.0380000000000001,0.031,0.0419999999999999 (from /gpfs/projects/ChenGroup/OSMOSE-HRENYB-GIT/calibration_1222/master/calibration_parameters.osm line 106)
osmose[warn] . . Osmose will ignore parameter fisheries.selectivity.l50.fsh5 = 71.1 (from /gpfs/projects/ChenGroup/OSMOSE-HRENYB-GIT/osmose-hrenyb-v4.4.1-xiangyan/osmose-hrenyb_1222.R line 891)
osmose[warn] . . Parameter already defined fisheries.selectivity.l50.fsh5 = 71.1 (from /gpfs/projects/ChenGroup/OSMOSE-HRENYB-GIT/calibration_1222/master/calibration_parameters.osm line 110)
osmose[warn] . . Osmose will ignore parameter fisheries.rate.base.fsh5 = 1 (from /gpfs/projects/ChenGroup/OSMOSE-HRENYB-GIT/osmose-hrenyb-v4.4.1-xiangyan/osmose-hrenyb_1222.R line 896)
osmose[warn] . . Parameter already defined fisheries.rate.base.fsh5 = 0.967929767417846 (from /gpfs/projects/ChenGroup/OSMOSE-HRENYB-GIT/calibration_1222/master/calibration_parameters.osm line 108)
osmose[warn] . . Osmose will ignore parameter fisheries.rate.byperiod.fsh5 = 0.177, 0.174, 0.174, 0.191, 0.233, 0.226, 0.257, 0.190, 0.22, 0.204, 0.24, 0.243, 0.232, 0.334, 0.252, 0.215, 0.262, 0.305, 0.284, 0.284 (from /gpfs/projects/ChenGroup/OSMOSE-HRENYB-GIT/osmose-hrenyb-v4.4.1-xiangyan/osmose-hrenyb_1222.R line 898)
osmose[warn] . . Parameter already defined fisheries.rate.byperiod.fsh5 = 0.177,0.174,0.174,0.190999999999999,0.232999999999999,0.226,0.256999999999999,0.19,0.219999999999999,0.204,0.239999999999999,0.243,0.231999999999999,0.333999999999999,0.252000000000001,0.215000000000001,0.262,0.304999999999999,0.284,0.284 (from /gpfs/projects/ChenGroup/OSMOSE-HRENYB-GIT/calibration_1222/master/calibration_parameters.osm line 109)
osmose[warn] . . Osmose will ignore parameter fisheries.selectivity.l50.fsh6 = 43.2 (from /gpfs/projects/ChenGroup/OSMOSE-HRENYB-GIT/osmose-hrenyb-v4.4.1-xiangyan/osmose-hrenyb_1222.R line 910)
osmose[warn] . . Parameter already defined fisheries.selectivity.l50.fsh6 = 43.2 (from /gpfs/projects/ChenGroup/OSMOSE-HRENYB-GIT/calibration_1222/master/calibration_parameters.osm line 113)
osmose[warn] . . Osmose will ignore parameter fisheries.rate.base.fsh6 = 1 (from /gpfs/projects/ChenGroup/OSMOSE-HRENYB-GIT/osmose-hrenyb-v4.4.1-xiangyan/osmose-hrenyb_1222.R line 915)
osmose[warn] . . Parameter already defined fisheries.rate.base.fsh6 = 0.141110215841755 (from /gpfs/projects/ChenGroup/OSMOSE-HRENYB-GIT/calibration_1222/master/calibration_parameters.osm line 111)
osmose[warn] . . Osmose will ignore parameter fisheries.rate.byperiod.fsh6 = 0.11656748435588,0.0810445761424676,0.095092829853896,0.129320871311089,0.117381618980555,0.112330703354381,0.126722762991542,0.0967193635159015,0.114461155598783,0.119400597573595,0.0942619686198582,0.181962611013353,0.136797770025716,0.159410823376566,0.102039652189816,0.13077840339696,0.108295025255915,0.134215141579656,0.10865852526464,0.15437583701225 (from /gpfs/projects/ChenGroup/OSMOSE-HRENYB-GIT/osmose-hrenyb-v4.4.1-xiangyan/osmose-hrenyb_1222.R line 917)
osmose[warn] . . Parameter already defined fisheries.rate.byperiod.fsh6 = 2.97941327003665,0.00270064618207018,0.314880376985594,0.217444458038206,2.75518030706773,0.000910296787819829,0.020003969645654,1.23676805682037,0.395832243037836,3.28751435313231,6.66597253814424,0.00997274306694013,0.320900618034175,4.54990834552688,0.0284567948895816,0.548217555158267,0.0102714725263248,0.0530596409816311,0.00696307180063886,0.859766527983331 (from /gpfs/projects/ChenGroup/OSMOSE-HRENYB-GIT/calibration_1222/master/calibration_parameters.osm line 112)
osmose[warn] . . Osmose will ignore parameter fisheries.selectivity.l50.fsh7 = 30.5 (from /gpfs/projects/ChenGroup/OSMOSE-HRENYB-GIT/osmose-hrenyb-v4.4.1-xiangyan/osmose-hrenyb_1222.R line 929)
osmose[warn] . . Parameter already defined fisheries.selectivity.l50.fsh7 = 30.5 (from /gpfs/projects/ChenGroup/OSMOSE-HRENYB-GIT/calibration_1222/master/calibration_parameters.osm line 116)
osmose[warn] . . Osmose will ignore parameter fisheries.rate.base.fsh7 = 1 (from /gpfs/projects/ChenGroup/OSMOSE-HRENYB-GIT/osmose-hrenyb-v4.4.1-xiangyan/osmose-hrenyb_1222.R line 934)
osmose[warn] . . Parameter already defined fisheries.rate.base.fsh7 = 0.659982028035244 (from /gpfs/projects/ChenGroup/OSMOSE-HRENYB-GIT/calibration_1222/master/calibration_parameters.osm line 114)
osmose[warn] . . Osmose will ignore parameter fisheries.rate.byperiod.fsh7 = 0.55, 0.66, 0.58, 0.55, 0.45, 0.37, 0.48, 0.38, 0.28, 0.126, 0.076, 0.097, 0.121, 0.178, 0.173, 0.175, 0.187, 0.167, 0.125, 0.092 (from /gpfs/projects/ChenGroup/OSMOSE-HRENYB-GIT/osmose-hrenyb-v4.4.1-xiangyan/osmose-hrenyb_1222.R line 936)
osmose[warn] . . Parameter already defined fisheries.rate.byperiod.fsh7 = 0.55,0.66,0.58,0.55,0.45,0.37,0.48,0.38,0.279999999999999,0.126,0.0759999999999997,0.0970000000000004,0.121,0.178,0.173,0.175000000000001,0.187,0.167,0.124999999999999,0.0919999999999997 (from /gpfs/projects/ChenGroup/OSMOSE-HRENYB-GIT/calibration_1222/master/calibration_parameters.osm line 115)
osmose[warn] . . Osmose will ignore parameter fisheries.selectivity.l50.fsh8 = 15 (from /gpfs/projects/ChenGroup/OSMOSE-HRENYB-GIT/osmose-hrenyb-v4.4.1-xiangyan/osmose-hrenyb_1222.R line 948)
osmose[warn] . . Parameter already defined fisheries.selectivity.l50.fsh8 = 15 (from /gpfs/projects/ChenGroup/OSMOSE-HRENYB-GIT/calibration_1222/master/calibration_parameters.osm line 119)
osmose[warn] . . Osmose will ignore parameter fisheries.rate.base.fsh8 = 1 (from /gpfs/projects/ChenGroup/OSMOSE-HRENYB-GIT/osmose-hrenyb-v4.4.1-xiangyan/osmose-hrenyb_1222.R line 953)
osmose[warn] . . Parameter already defined fisheries.rate.base.fsh8 = 1.00032102176521 (from /gpfs/projects/ChenGroup/OSMOSE-HRENYB-GIT/calibration_1222/master/calibration_parameters.osm line 117)
osmose[warn] . . Osmose will ignore parameter fisheries.rate.byperiod.fsh8 = 0.125, 0.125, 0.16, 0.103, 0.242, 0.3, 0.16, 0.115, 0.16, 0.16, 0.104, 0.156, 0.14, 0.103,0.178, 0.178, 0.253,0.224,0.224,0.195 (from /gpfs/projects/ChenGroup/OSMOSE-HRENYB-GIT/osmose-hrenyb-v4.4.1-xiangyan/osmose-hrenyb_1222.R line 955)
osmose[warn] . . Parameter already defined fisheries.rate.byperiod.fsh8 = 0.124999999999999,0.124999999999999,0.16,0.103,0.242,0.299999999999999,0.16,0.115,0.16,0.16,0.104,0.156,0.14,0.103,0.178,0.178,0.252999999999999,0.223999999999999,0.223999999999999,0.195 (from /gpfs/projects/ChenGroup/OSMOSE-HRENYB-GIT/calibration_1222/master/calibration_parameters.osm line 118)
osmose[warn] . . Osmose will ignore parameter fisheries.selectivity.l50.fsh9 = 49.53 (from /gpfs/projects/ChenGroup/OSMOSE-HRENYB-GIT/osmose-hrenyb-v4.4.1-xiangyan/osmose-hrenyb_1222.R line 967)
osmose[warn] . . Parameter already defined fisheries.selectivity.l50.fsh9 = 49.53 (from /gpfs/projects/ChenGroup/OSMOSE-HRENYB-GIT/calibration_1222/master/calibration_parameters.osm line 122)
osmose[warn] . . Osmose will ignore parameter fisheries.rate.base.fsh9 = 1 (from /gpfs/projects/ChenGroup/OSMOSE-HRENYB-GIT/osmose-hrenyb-v4.4.1-xiangyan/osmose-hrenyb_1222.R line 972)
osmose[warn] . . Parameter already defined fisheries.rate.base.fsh9 = 0.547121762307335 (from /gpfs/projects/ChenGroup/OSMOSE-HRENYB-GIT/calibration_1222/master/calibration_parameters.osm line 120)
osmose[warn] . . Osmose will ignore parameter fisheries.rate.byperiod.fsh9 = 0.695, 0.464, 0.424, 0.407, 0.436, 0.457, 0.337, 0.257, 0.329, 0.349, 0.389, 0.46, 0.43, 0.473, 0.439, 0.427, 0.428, 0.345, 0.304, 0.37 (from /gpfs/projects/ChenGroup/OSMOSE-HRENYB-GIT/osmose-hrenyb-v4.4.1-xiangyan/osmose-hrenyb_1222.R line 974)
osmose[warn] . . Parameter already defined fisheries.rate.byperiod.fsh9 = 0.695,0.464,0.424,0.407,0.436,0.457,0.336999999999998,0.256999999999999,0.328999999999998,0.349,0.389,0.46,0.43,0.473,0.439,0.427,0.428,0.344999999999999,0.303999999999999,0.37 (from /gpfs/projects/ChenGroup/OSMOSE-HRENYB-GIT/calibration_1222/master/calibration_parameters.osm line 121)
osmose[warn] . . Osmose will ignore parameter fisheries.selectivity.l50.fsh10 = 37.5 (from /gpfs/projects/ChenGroup/OSMOSE-HRENYB-GIT/osmose-hrenyb-v4.4.1-xiangyan/osmose-hrenyb_1222.R line 986)
osmose[warn] . . Parameter already defined fisheries.selectivity.l50.fsh10 = 37.5 (from /gpfs/projects/ChenGroup/OSMOSE-HRENYB-GIT/calibration_1222/master/calibration_parameters.osm line 125)
osmose[warn] . . Osmose will ignore parameter fisheries.rate.base.fsh10 = 1 (from /gpfs/projects/ChenGroup/OSMOSE-HRENYB-GIT/osmose-hrenyb-v4.4.1-xiangyan/osmose-hrenyb_1222.R line 991)
osmose[warn] . . Parameter already defined fisheries.rate.base.fsh10 = 0.0844317939531048 (from /gpfs/projects/ChenGroup/OSMOSE-HRENYB-GIT/calibration_1222/master/calibration_parameters.osm line 123)
osmose[warn] . . Osmose will ignore parameter fisheries.rate.byperiod.fsh10 = 0.000220242853919922,0.000906044181657416,0.014705915726888,0.00874997803600092,0.000148438251423719,0.0312955320424068,2.12746052976837e-05,1.96194567946439e-05,6.92948922897012e-05,4.99143635683277e-05,0.0193548530356804,0.0228756658988052,0.00141209542906797,0.000105184220023596,0.00924650911207847,0.000579268103022533,0.000373399394547647,0.166837012440046,0.000116732980675531,0.00669226863578793 (from /gpfs/projects/ChenGroup/OSMOSE-HRENYB-GIT/osmose-hrenyb-v4.4.1-xiangyan/osmose-hrenyb_1222.R line 993)
osmose[warn] . . Parameter already defined fisheries.rate.byperiod.fsh10 = 4.37229816175851e-06,0.00174900284648251,0.48835664169449,0.000930869297188078,5.04435825493223e-05,0.723759119982583,7.7746437979699e-06,6.16997557525578e-05,0.00436751119244693,0.000369798387985714,0.14116177726757,0.0185938267554735,0.00797548552004909,0.000545232867321575,0.00656522247884868,0.000740937750232773,0.00938312041689853,0.0264526463274362,2.5443521917115e-05,0.00725660816662544 (from /gpfs/projects/ChenGroup/OSMOSE-HRENYB-GIT/calibration_1222/master/calibration_parameters.osm line 124)
osmose[warn] . . Osmose will ignore parameter fisheries.selectivity.l50.fsh11 = 23.2 (from /gpfs/projects/ChenGroup/OSMOSE-HRENYB-GIT/osmose-hrenyb-v4.4.1-xiangyan/osmose-hrenyb_1222.R line 1006)
osmose[warn] . . Parameter already defined fisheries.selectivity.l50.fsh11 = 23.2 (from /gpfs/projects/ChenGroup/OSMOSE-HRENYB-GIT/calibration_1222/master/calibration_parameters.osm line 128)
osmose[warn] . . Osmose will ignore parameter fisheries.rate.base.fsh11 = 1 (from /gpfs/projects/ChenGroup/OSMOSE-HRENYB-GIT/osmose-hrenyb-v4.4.1-xiangyan/osmose-hrenyb_1222.R line 1011)
osmose[warn] . . Parameter already defined fisheries.rate.base.fsh11 = 0.188357929446998 (from /gpfs/projects/ChenGroup/OSMOSE-HRENYB-GIT/calibration_1222/master/calibration_parameters.osm line 126)
osmose[warn] . . Osmose will ignore parameter fisheries.rate.byperiod.fsh11 = 0.0362208273524477,0.00612375291660647,0.0144347161102814,0.0133090186674877,0.113961073943345,0.347896278813333,0.335164931843301,0.00634994593133162,0.0141297346077723,0.322105600037928,0.00821552838847365,0.0530634118520021,0.24956980890144,0.0842334566104048,0.0024566469367798,0.0584965486910637,0.252307897885601,0.0825823925245317,0.0843494513854748,0.00590017609101226 (from /gpfs/projects/ChenGroup/OSMOSE-HRENYB-GIT/osmose-hrenyb-v4.4.1-xiangyan/osmose-hrenyb_1222.R line 1013)
osmose[warn] . . Parameter already defined fisheries.rate.byperiod.fsh11 = 0.000753536496366178,3.54003349619063e-05,0.00234132013132789,0.00410943533238073,0.00633592723516937,0.0444890512645018,0.200734931498652,0.0363094335448759,0.000723926537464898,0.00657814759156417,0.0132038979502087,0.0809975719387806,0.00644197448391663,0.525867268588989,0.000599891365927891,0.119294068074723,0.023283003615065,0.0166705843119747,4.11492638593422,0.00366262032900038 (from /gpfs/projects/ChenGroup/OSMOSE-HRENYB-GIT/calibration_1222/master/calibration_parameters.osm line 127)
osmose[warn] . . Osmose will ignore parameter fisheries.selectivity.l50.fsh12 = 4 (from /gpfs/projects/ChenGroup/OSMOSE-HRENYB-GIT/osmose-hrenyb-v4.4.1-xiangyan/osmose-hrenyb_1222.R line 1026)
osmose[warn] . . Parameter already defined fisheries.selectivity.l50.fsh12 = 4 (from /gpfs/projects/ChenGroup/OSMOSE-HRENYB-GIT/calibration_1222/master/calibration_parameters.osm line 131)
osmose[warn] . . Osmose will ignore parameter fisheries.rate.base.fsh12 = 1 (from /gpfs/projects/ChenGroup/OSMOSE-HRENYB-GIT/osmose-hrenyb-v4.4.1-xiangyan/osmose-hrenyb_1222.R line 1031)
osmose[warn] . . Parameter already defined fisheries.rate.base.fsh12 = 0.0402216480839313 (from /gpfs/projects/ChenGroup/OSMOSE-HRENYB-GIT/calibration_1222/master/calibration_parameters.osm line 129)
osmose[warn] . . Osmose will ignore parameter fisheries.rate.byperiod.fsh12 = 0.101, 0.177, 0.106, 0.101, 0.058, 0.035, 0.05,0.026, 0.05, 0.038, 0.031, 0.066, 0.051, 0.059, 0.224, 0.142, 0.117, 0.218, 0.121, 0.195 (from /gpfs/projects/ChenGroup/OSMOSE-HRENYB-GIT/osmose-hrenyb-v4.4.1-xiangyan/osmose-hrenyb_1222.R line 1033)
osmose[warn] . . Parameter already defined fisheries.rate.byperiod.fsh12 = 0.101,0.177,0.106,0.101,0.0579999999999999,0.0350000000000001,0.0500000000000001,0.0259999999999999,0.0500000000000001,0.0380000000000001,0.031,0.0660000000000001,0.0510000000000001,0.0589999999999998,0.223999999999999,0.141999999999999,0.117,0.218,0.121,0.195 (from /gpfs/projects/ChenGroup/OSMOSE-HRENYB-GIT/calibration_1222/master/calibration_parameters.osm line 130)
osmose[warn] . . Osmose will ignore parameter fisheries.selectivity.l50.fsh13 = 17.5 (from /gpfs/projects/ChenGroup/OSMOSE-HRENYB-GIT/osmose-hrenyb-v4.4.1-xiangyan/osmose-hrenyb_1222.R line 1045)
osmose[warn] . . Parameter already defined fisheries.selectivity.l50.fsh13 = 17.5 (from /gpfs/projects/ChenGroup/OSMOSE-HRENYB-GIT/calibration_1222/master/calibration_parameters.osm line 134)
osmose[warn] . . Osmose will ignore parameter fisheries.rate.base.fsh13 = 1 (from /gpfs/projects/ChenGroup/OSMOSE-HRENYB-GIT/osmose-hrenyb-v4.4.1-xiangyan/osmose-hrenyb_1222.R line 1050)
osmose[warn] . . Parameter already defined fisheries.rate.base.fsh13 = 0.175861573207297 (from /gpfs/projects/ChenGroup/OSMOSE-HRENYB-GIT/calibration_1222/master/calibration_parameters.osm line 132)
osmose[warn] . . Osmose will ignore parameter fisheries.rate.byperiod.fsh13 = 0.138, 0.202, 0.227, 0.247, 0.224, 0.378, 0.362, 0.352, 0.242, 0.344, 0.276, 0.215, 0.296, 0.185, 0.248, 0.197, 0.222, 0.183, 0.224, 0.455 (from /gpfs/projects/ChenGroup/OSMOSE-HRENYB-GIT/osmose-hrenyb-v4.4.1-xiangyan/osmose-hrenyb_1222.R line 1052)
osmose[warn] . . Parameter already defined fisheries.rate.byperiod.fsh13 = 0.138,0.202,0.227000000000001,0.247,0.223999999999999,0.378,0.361999999999999,0.352,0.242,0.344,0.275999999999999,0.215000000000001,0.295999999999999,0.185,0.248000000000001,0.197,0.221999999999999,0.182999999999999,0.223999999999999,0.455 (from /gpfs/projects/ChenGroup/OSMOSE-HRENYB-GIT/calibration_1222/master/calibration_parameters.osm line 133)
osmose[warn] . . Osmose will ignore parameter fisheries.selectivity.l50.fsh14 = 22.1 (from /gpfs/projects/ChenGroup/OSMOSE-HRENYB-GIT/osmose-hrenyb-v4.4.1-xiangyan/osmose-hrenyb_1222.R line 1064)
osmose[warn] . . Parameter already defined fisheries.selectivity.l50.fsh14 = 22.1 (from /gpfs/projects/ChenGroup/OSMOSE-HRENYB-GIT/calibration_1222/master/calibration_parameters.osm line 137)
osmose[warn] . . Osmose will ignore parameter fisheries.rate.base.fsh14 = 1 (from /gpfs/projects/ChenGroup/OSMOSE-HRENYB-GIT/osmose-hrenyb-v4.4.1-xiangyan/osmose-hrenyb_1222.R line 1069)
osmose[warn] . . Parameter already defined fisheries.rate.base.fsh14 = 0.0374179206664342 (from /gpfs/projects/ChenGroup/OSMOSE-HRENYB-GIT/calibration_1222/master/calibration_parameters.osm line 135)
osmose[warn] . . Osmose will ignore parameter fisheries.rate.byperiod.fsh14 = 0.250751192619373,0.14068442418348,0.104217959485713,0.134678722248343,0.290232340204187,0.172411271894412,0.13707715361674,0.111919308716821,0.110111359525382,0.242251613525381,0.159221229674303,0.189069594858128,0.114750375700869,0.201391016257418,0.121265431954899,0.140360929038093,0.278079224452181,0.137646539923963,0.188832448890016,0.236893285843973 (from /gpfs/projects/ChenGroup/OSMOSE-HRENYB-GIT/osmose-hrenyb-v4.4.1-xiangyan/osmose-hrenyb_1222.R line 1071)
osmose[warn] . . Parameter already defined fisheries.rate.byperiod.fsh14 = 0.125349235432933,0.00377363156414931,0.0325975030145579,0.357610802002374,0.035136664524155,0.0659163804682451,0.101590098154535,0.0188814129980357,0.0316439750154188,0.604689877404543,0.267595300481575,0.0255828398834972,0.0245637080936904,0.0699053761421855,0.324546497268541,2.56766785884842,0.175948220053794,0.151362432827057,0.539504915269235,0.0190918596673548 (from /gpfs/projects/ChenGroup/OSMOSE-HRENYB-GIT/calibration_1222/master/calibration_parameters.osm line 136)
osmose[warn] . . Osmose will ignore parameter fisheries.movement.netcdf.enabled = TRUE (from /gpfs/projects/ChenGroup/OSMOSE-HRENYB-GIT/osmose-hrenyb-v4.4.1-xiangyan/osmose-hrenyb_1222.R line 1094)
osmose[warn] . . Parameter already defined fisheries.movement.netcdf.enabled = TRUE (from /gpfs/projects/ChenGroup/OSMOSE-HRENYB-GIT/osmose-hrenyb-v4.4.1-xiangyan/osmose-hrenyb_1222.R line 787)
osmose[warn] . . Osmose will ignore parameter surveys.movement.netcdf.enabled = TRUE (from /gpfs/projects/ChenGroup/OSMOSE-HRENYB-GIT/osmose-hrenyb-v4.4.1-xiangyan/osmose-hrenyb_1222.R line 1095)
osmose[warn] . . Parameter already defined surveys.movement.netcdf.enabled = TRUE (from /gpfs/projects/ChenGroup/OSMOSE-HRENYB-GIT/osmose-hrenyb-v4.4.1-xiangyan/osmose-hrenyb_1222.R line 1090)
osmose[warn] . . Osmose will ignore parameter movement.netcdf.enabled = FALSE (from /gpfs/projects/ChenGroup/OSMOSE-HRENYB-GIT/osmose-hrenyb-v4.4.1-xiangyan/osmose-hrenyb_1222.R line 1326)
osmose[warn] . . Parameter already defined movement.netcdf.enabled = FALSE (from /gpfs/projects/ChenGroup/OSMOSE-HRENYB-GIT/osmose-hrenyb-v4.4.1-xiangyan/osmose-hrenyb_1222.R line 1096)
osmose[warn] . . Osmose will ignore parameter output.restart.enabled = FALSE (from /gpfs/projects/ChenGroup/OSMOSE-HRENYB-GIT/osmose-hrenyb-v4.4.1-xiangyan/osmose-hrenyb_1222.R line 1344)
osmose[warn] . . Parameter already defined output.restart.enabled = FALSE (from /gpfs/projects/ChenGroup/OSMOSE-HRENYB-GIT/calibration_1222/master/output-configuration.osm line 12)
osmose[warn] . . Osmose will ignore parameter output.yield.biomass.enabled = TRUE (from /gpfs/projects/ChenGroup/OSMOSE-HRENYB-GIT/osmose-hrenyb-v4.4.1-xiangyan/osmose-hrenyb_1222.R line 1351)
osmose[warn] . . Parameter already defined output.yield.biomass.enabled = TRUE (from /gpfs/projects/ChenGroup/OSMOSE-HRENYB-GIT/calibration_1222/master/output-configuration.osm line 5)
osmose[warn] . . Osmose will ignore parameter output.yield.abundance.enabled = FALSE (from /gpfs/projects/ChenGroup/OSMOSE-HRENYB-GIT/osmose-hrenyb-v4.4.1-xiangyan/osmose-hrenyb_1222.R line 1352)
osmose[warn] . . Parameter already defined output.yield.abundance.enabled = FALSE (from /gpfs/projects/ChenGroup/OSMOSE-HRENYB-GIT/calibration_1222/master/output-configuration.osm line 34)
osmose[warn] . . Osmose will ignore parameter output.biomass.enabled = TRUE (from /gpfs/projects/ChenGroup/OSMOSE-HRENYB-GIT/osmose-hrenyb-v4.4.1-xiangyan/osmose-hrenyb_1222.R line 1358)
osmose[warn] . . Parameter already defined output.biomass.enabled = TRUE (from /gpfs/projects/ChenGroup/OSMOSE-HRENYB-GIT/calibration_1222/master/calibration_parameters.osm line 141)
osmose[warn] . . Osmose will ignore parameter output.biomass.bysize.enabled = TRUE (from /gpfs/projects/ChenGroup/OSMOSE-HRENYB-GIT/osmose-hrenyb-v4.4.1-xiangyan/osmose-hrenyb_1222.R line 1359)
osmose[warn] . . Parameter already defined output.biomass.bysize.enabled = TRUE (from /gpfs/projects/ChenGroup/OSMOSE-HRENYB-GIT/calibration_1222/master/calibration_parameters.osm line 142)
osmose[warn] . . Osmose will ignore parameter output.biomass.byage.enabled = TRUE (from /gpfs/projects/ChenGroup/OSMOSE-HRENYB-GIT/osmose-hrenyb-v4.4.1-xiangyan/osmose-hrenyb_1222.R line 1360)
osmose[warn] . . Parameter already defined output.biomass.byage.enabled = FALSE (from /gpfs/projects/ChenGroup/OSMOSE-HRENYB-GIT/calibration_1222/master/output-configuration.osm line 22)
osmose[warn] . . Osmose will ignore parameter output.biomass.bytl.enabled = FALSE (from /gpfs/projects/ChenGroup/OSMOSE-HRENYB-GIT/osmose-hrenyb-v4.4.1-xiangyan/osmose-hrenyb_1222.R line 1361)
osmose[warn] . . Parameter already defined output.biomass.bytl.enabled = FALSE (from /gpfs/projects/ChenGroup/OSMOSE-HRENYB-GIT/calibration_1222/master/output-configuration.osm line 23)
osmose[warn] . . Osmose will ignore parameter output.abundance.enabled = TRUE (from /gpfs/projects/ChenGroup/OSMOSE-HRENYB-GIT/osmose-hrenyb-v4.4.1-xiangyan/osmose-hrenyb_1222.R line 1363)
osmose[warn] . . Parameter already defined output.abundance.enabled = FALSE (from /gpfs/projects/ChenGroup/OSMOSE-HRENYB-GIT/calibration_1222/master/output-configuration.osm line 45)
osmose[warn] . . Osmose will ignore parameter output.abundance.bysize.enabled = FALSE (from /gpfs/projects/ChenGroup/OSMOSE-HRENYB-GIT/osmose-hrenyb-v4.4.1-xiangyan/osmose-hrenyb_1222.R line 1364)
osmose[warn] . . Parameter already defined output.abundance.bysize.enabled = FALSE (from /gpfs/projects/ChenGroup/OSMOSE-HRENYB-GIT/calibration_1222/master/output-configuration.osm line 47)
osmose[warn] . . Osmose will ignore parameter output.abundance.byage.enabled = FALSE (from /gpfs/projects/ChenGroup/OSMOSE-HRENYB-GIT/osmose-hrenyb-v4.4.1-xiangyan/osmose-hrenyb_1222.R line 1365)
osmose[warn] . . Parameter already defined output.abundance.byage.enabled = FALSE (from /gpfs/projects/ChenGroup/OSMOSE-HRENYB-GIT/calibration_1222/master/output-configuration.osm line 48)
osmose[warn] . . Osmose will ignore parameter output.meansize.byage.enabled = TRUE (from /gpfs/projects/ChenGroup/OSMOSE-HRENYB-GIT/osmose-hrenyb-v4.4.1-xiangyan/osmose-hrenyb_1222.R line 1367)
osmose[warn] . . Parameter already defined output.meansize.byage.enabled = TRUE (from /gpfs/projects/ChenGroup/OSMOSE-HRENYB-GIT/calibration_1222/master/calibration_parameters.osm line 143)
osmose[warn] . . Osmose will ignore parameter output.diet.composition.enabled = TRUE (from /gpfs/projects/ChenGroup/OSMOSE-HRENYB-GIT/osmose-hrenyb-v4.4.1-xiangyan/osmose-hrenyb_1222.R line 1369)
osmose[warn] . . Parameter already defined output.diet.composition.enabled = TRUE (from /gpfs/projects/ChenGroup/OSMOSE-HRENYB-GIT/calibration_1222/master/calibration_parameters.osm line 138)
osmose[warn] . . Osmose will ignore parameter output.diet.composition.byage.enabled = FALSE (from /gpfs/projects/ChenGroup/OSMOSE-HRENYB-GIT/osmose-hrenyb-v4.4.1-xiangyan/osmose-hrenyb_1222.R line 1370)
osmose[warn] . . Parameter already defined output.diet.composition.byage.enabled = FALSE (from /gpfs/projects/ChenGroup/OSMOSE-HRENYB-GIT/calibration_1222/master/output-configuration.osm line 99)
osmose[warn] . . Osmose will ignore parameter output.diet.composition.bysize.enabled = FALSE (from /gpfs/projects/ChenGroup/OSMOSE-HRENYB-GIT/osmose-hrenyb-v4.4.1-xiangyan/osmose-hrenyb_1222.R line 1371)
osmose[warn] . . Parameter already defined output.diet.composition.bysize.enabled = FALSE (from /gpfs/projects/ChenGroup/OSMOSE-HRENYB-GIT/calibration_1222/master/output-configuration.osm line 100)
osmose[warn] . . Osmose will ignore parameter output.diet.pressure.enabled = TRUE (from /gpfs/projects/ChenGroup/OSMOSE-HRENYB-GIT/osmose-hrenyb-v4.4.1-xiangyan/osmose-hrenyb_1222.R line 1372)
osmose[warn] . . Parameter already defined output.diet.pressure.enabled = FALSE (from /gpfs/projects/ChenGroup/OSMOSE-HRENYB-GIT/calibration_1222/master/output-configuration.osm line 101)
osmose[warn] . . Osmose will ignore parameter output.diet.pressure.byage.enabled = FALSE (from /gpfs/projects/ChenGroup/OSMOSE-HRENYB-GIT/osmose-hrenyb-v4.4.1-xiangyan/osmose-hrenyb_1222.R line 1373)
osmose[warn] . . Parameter already defined output.diet.pressure.byage.enabled = FALSE (from /gpfs/projects/ChenGroup/OSMOSE-HRENYB-GIT/calibration_1222/master/output-configuration.osm line 102)
osmose[warn] . . Osmose will ignore parameter output.diet.pressure.bysize.enabled = FALSE (from /gpfs/projects/ChenGroup/OSMOSE-HRENYB-GIT/osmose-hrenyb-v4.4.1-xiangyan/osmose-hrenyb_1222.R line 1374)
osmose[warn] . . Parameter already defined output.diet.pressure.bysize.enabled = FALSE (from /gpfs/projects/ChenGroup/OSMOSE-HRENYB-GIT/calibration_1222/master/output-configuration.osm line 103)
osmose[warn] . . Osmose will ignore parameter output.spatial.enabled = FALSE (from /gpfs/projects/ChenGroup/OSMOSE-HRENYB-GIT/osmose-hrenyb-v4.4.1-xiangyan/osmose-hrenyb_1222.R line 1394)
osmose[warn] . . Parameter already defined output.spatial.enabled = FALSE (from /gpfs/projects/ChenGroup/OSMOSE-HRENYB-GIT/calibration_1222/master/output-configuration.osm line 63)
osmose[warn] . . Osmose will ignore parameter output.spatial.ltl.enabled = FALSE (from /gpfs/projects/ChenGroup/OSMOSE-HRENYB-GIT/osmose-hrenyb-v4.4.1-xiangyan/osmose-hrenyb_1222.R line 1395)
osmose[warn] . . Parameter already defined output.spatial.ltl.enabled = FALSE (from /gpfs/projects/ChenGroup/OSMOSE-HRENYB-GIT/calibration_1222/master/output-configuration.osm line 64)
osmose[warn] . . Osmose will ignore parameter output.spatialbiomass.enabled = FALSE (from /gpfs/projects/ChenGroup/OSMOSE-HRENYB-GIT/osmose-hrenyb-v4.4.1-xiangyan/osmose-hrenyb_1222.R line 1397)
osmose[warn] . . Parameter already defined output.spatialbiomass.enabled = FALSE (from /gpfs/projects/ChenGroup/OSMOSE-HRENYB-GIT/calibration_1222/master/output-configuration.osm line 66)
osmose[warn] . . Osmose will ignore parameter output.spatialtl.enabled = FALSE (from /gpfs/projects/ChenGroup/OSMOSE-HRENYB-GIT/osmose-hrenyb-v4.4.1-xiangyan/osmose-hrenyb_1222.R line 1398)
osmose[warn] . . Parameter already defined output.spatialtl.enabled = FALSE (from /gpfs/projects/ChenGroup/OSMOSE-HRENYB-GIT/calibration_1222/master/output-configuration.osm line 68)
osmose[warn] . . Osmose will ignore parameter output.mortality.enabled = TRUE (from /gpfs/projects/ChenGroup/OSMOSE-HRENYB-GIT/osmose-hrenyb-v4.4.1-xiangyan/osmose-hrenyb_1222.R line 1400)
osmose[warn] . . Parameter already defined output.mortality.enabled = TRUE (from /gpfs/projects/ChenGroup/OSMOSE-HRENYB-GIT/calibration_1222/master/calibration_parameters.osm line 139)
osmose[warn] . . Osmose will ignore parameter output.mortality.perspecies.byage.enabled = FALSE (from /gpfs/projects/ChenGroup/OSMOSE-HRENYB-GIT/osmose-hrenyb-v4.4.1-xiangyan/osmose-hrenyb_1222.R line 1401)
osmose[warn] . . Parameter already defined output.mortality.perspecies.byage.enabled = TRUE (from /gpfs/projects/ChenGroup/OSMOSE-HRENYB-GIT/calibration_1222/master/output-configuration.osm line 8)
osmose[warn] . . Osmose will ignore parameter output.mortality.perspecies.bysize.enabled = FALSE (from /gpfs/projects/ChenGroup/OSMOSE-HRENYB-GIT/osmose-hrenyb-v4.4.1-xiangyan/osmose-hrenyb_1222.R line 1402)
osmose[warn] . . Parameter already defined output.mortality.perspecies.bysize.enabled = FALSE (from /gpfs/projects/ChenGroup/OSMOSE-HRENYB-GIT/calibration_1222/master/output-configuration.osm line 77)
osmose[warn] . . Osmose will ignore parameter output.size.enabled = TRUE (from /gpfs/projects/ChenGroup/OSMOSE-HRENYB-GIT/osmose-hrenyb-v4.4.1-xiangyan/osmose-hrenyb_1222.R line 1415)
osmose[warn] . . Parameter already defined output.size.enabled = TRUE (from /gpfs/projects/ChenGroup/OSMOSE-HRENYB-GIT/calibration_1222/master/calibration_parameters.osm line 144)
osmose[warn] . . Osmose will ignore parameter output.size.catch.enabled = FALSE (from /gpfs/projects/ChenGroup/OSMOSE-HRENYB-GIT/osmose-hrenyb-v4.4.1-xiangyan/osmose-hrenyb_1222.R line 1416)
osmose[warn] . . Parameter already defined output.size.catch.enabled = FALSE (from /gpfs/projects/ChenGroup/OSMOSE-HRENYB-GIT/calibration_1222/master/output-configuration.osm line 85)
osmose[warn] . . Osmose will ignore parameter output.tl.enabled = TRUE (from /gpfs/projects/ChenGroup/OSMOSE-HRENYB-GIT/osmose-hrenyb-v4.4.1-xiangyan/osmose-hrenyb_1222.R line 1417)
osmose[warn] . . Parameter already defined output.tl.enabled = TRUE (from /gpfs/projects/ChenGroup/OSMOSE-HRENYB-GIT/calibration_1222/master/calibration_parameters.osm line 140)
osmose[warn] . . Osmose will ignore parameter output.tl.catch.enabled = FALSE (from /gpfs/projects/ChenGroup/OSMOSE-HRENYB-GIT/osmose-hrenyb-v4.4.1-xiangyan/osmose-hrenyb_1222.R line 1418)
osmose[warn] . . Parameter already defined output.tl.catch.enabled = FALSE (from /gpfs/projects/ChenGroup/OSMOSE-HRENYB-GIT/calibration_1222/master/output-configuration.osm line 87)
osmose[warn] . . Osmose will ignore parameter output.meantl.bysize.enabled = TRUE (from /gpfs/projects/ChenGroup/OSMOSE-HRENYB-GIT/osmose-hrenyb-v4.4.1-xiangyan/osmose-hrenyb_1222.R line 1419)
osmose[warn] . . Parameter already defined output.meantl.bysize.enabled = FALSE (from /gpfs/projects/ChenGroup/OSMOSE-HRENYB-GIT/calibration_1222/master/output-configuration.osm line 91)
osmose[warn] . . Osmose will ignore parameter output.meantl.byage.enabled = TRUE (from /gpfs/projects/ChenGroup/OSMOSE-HRENYB-GIT/osmose-hrenyb-v4.4.1-xiangyan/osmose-hrenyb_1222.R line 1420)
osmose[warn] . . Parameter already defined output.meantl.byage.enabled = FALSE (from /gpfs/projects/ChenGroup/OSMOSE-HRENYB-GIT/calibration_1222/master/output-configuration.osm line 92)
osmose[info] . . Loading parameters from /gpfs/projects/ChenGroup/OSMOSE-HRENYB-GIT/osmose-hrenyb-v4.4.1-xiangyan/input/initial_conditions_1209.osm
osmose[warn] . . . Osmose will ignore parameter population.initialization.biomass.sp0 = 1172.993 (from /gpfs/projects/ChenGroup/OSMOSE-HRENYB-GIT/osmose-hrenyb-v4.4.1-xiangyan/input/initial_conditions_1209.osm line 4)
osmose[warn] . . . Parameter already defined population.initialization.biomass.sp0 = 1172.993 (from /gpfs/projects/ChenGroup/OSMOSE-HRENYB-GIT/calibration_1222/master/calibration_parameters.osm line 9)
osmose[warn] . . . Osmose will ignore parameter population.initialization.biomass.sp1 = 5953.035 (from /gpfs/projects/ChenGroup/OSMOSE-HRENYB-GIT/osmose-hrenyb-v4.4.1-xiangyan/input/initial_conditions_1209.osm line 12)
osmose[warn] . . . Parameter already defined population.initialization.biomass.sp1 = 5953.03500000002 (from /gpfs/projects/ChenGroup/OSMOSE-HRENYB-GIT/calibration_1222/master/calibration_parameters.osm line 10)
osmose[warn] . . . Osmose will ignore parameter population.initialization.biomass.sp2 = 140.253 (from /gpfs/projects/ChenGroup/OSMOSE-HRENYB-GIT/osmose-hrenyb-v4.4.1-xiangyan/input/initial_conditions_1209.osm line 20)
osmose[warn] . . . Parameter already defined population.initialization.biomass.sp2 = 140.252999999999 (from /gpfs/projects/ChenGroup/OSMOSE-HRENYB-GIT/calibration_1222/master/calibration_parameters.osm line 11)
osmose[warn] . . . Osmose will ignore parameter population.initialization.biomass.sp3 = 2366.259 (from /gpfs/projects/ChenGroup/OSMOSE-HRENYB-GIT/osmose-hrenyb-v4.4.1-xiangyan/input/initial_conditions_1209.osm line 28)
osmose[warn] . . . Parameter already defined population.initialization.biomass.sp3 = 2366.25899999998 (from /gpfs/projects/ChenGroup/OSMOSE-HRENYB-GIT/calibration_1222/master/calibration_parameters.osm line 12)
osmose[warn] . . . Osmose will ignore parameter population.initialization.biomass.sp4 = 23314.408 (from /gpfs/projects/ChenGroup/OSMOSE-HRENYB-GIT/osmose-hrenyb-v4.4.1-xiangyan/input/initial_conditions_1209.osm line 36)
osmose[warn] . . . Parameter already defined population.initialization.biomass.sp4 = 23314.4080000001 (from /gpfs/projects/ChenGroup/OSMOSE-HRENYB-GIT/calibration_1222/master/calibration_parameters.osm line 13)
osmose[warn] . . . Osmose will ignore parameter population.initialization.biomass.sp5 = 432.497 (from /gpfs/projects/ChenGroup/OSMOSE-HRENYB-GIT/osmose-hrenyb-v4.4.1-xiangyan/input/initial_conditions_1209.osm line 44)
osmose[warn] . . . Parameter already defined population.initialization.biomass.sp5 = 432.496999999998 (from /gpfs/projects/ChenGroup/OSMOSE-HRENYB-GIT/calibration_1222/master/calibration_parameters.osm line 14)
osmose[warn] . . . Osmose will ignore parameter population.initialization.biomass.sp6 = 695.021 (from /gpfs/projects/ChenGroup/OSMOSE-HRENYB-GIT/osmose-hrenyb-v4.4.1-xiangyan/input/initial_conditions_1209.osm line 52)
osmose[warn] . . . Parameter already defined population.initialization.biomass.sp6 = 695.020999999996 (from /gpfs/projects/ChenGroup/OSMOSE-HRENYB-GIT/calibration_1222/master/calibration_parameters.osm line 15)
osmose[warn] . . . Osmose will ignore parameter population.initialization.biomass.sp7 = 1796.669 (from /gpfs/projects/ChenGroup/OSMOSE-HRENYB-GIT/osmose-hrenyb-v4.4.1-xiangyan/input/initial_conditions_1209.osm line 60)
osmose[warn] . . . Parameter already defined population.initialization.biomass.sp7 = 1796.66900000001 (from /gpfs/projects/ChenGroup/OSMOSE-HRENYB-GIT/calibration_1222/master/calibration_parameters.osm line 16)
osmose[warn] . . . Osmose will ignore parameter population.initialization.biomass.sp8 = 12483.323 (from /gpfs/projects/ChenGroup/OSMOSE-HRENYB-GIT/osmose-hrenyb-v4.4.1-xiangyan/input/initial_conditions_1209.osm line 68)
osmose[warn] . . . Parameter already defined population.initialization.biomass.sp8 = 12483.3229999999 (from /gpfs/projects/ChenGroup/OSMOSE-HRENYB-GIT/calibration_1222/master/calibration_parameters.osm line 17)
osmose[warn] . . . Osmose will ignore parameter population.initialization.biomass.sp9 = 5884.286 (from /gpfs/projects/ChenGroup/OSMOSE-HRENYB-GIT/osmose-hrenyb-v4.4.1-xiangyan/input/initial_conditions_1209.osm line 76)
osmose[warn] . . . Parameter already defined population.initialization.biomass.sp9 = 5884.28599999993 (from /gpfs/projects/ChenGroup/OSMOSE-HRENYB-GIT/calibration_1222/master/calibration_parameters.osm line 18)
osmose[warn] . . . Osmose will ignore parameter population.initialization.biomass.sp10 = 17610.179 (from /gpfs/projects/ChenGroup/OSMOSE-HRENYB-GIT/osmose-hrenyb-v4.4.1-xiangyan/input/initial_conditions_1209.osm line 84)
osmose[warn] . . . Parameter already defined population.initialization.biomass.sp10 = 17610.179 (from /gpfs/projects/ChenGroup/OSMOSE-HRENYB-GIT/calibration_1222/master/calibration_parameters.osm line 19)
osmose[warn] . . . Osmose will ignore parameter population.initialization.biomass.sp11 = 3156.816 (from /gpfs/projects/ChenGroup/OSMOSE-HRENYB-GIT/osmose-hrenyb-v4.4.1-xiangyan/input/initial_conditions_1209.osm line 92)
osmose[warn] . . . Parameter already defined population.initialization.biomass.sp11 = 3156.81599999999 (from /gpfs/projects/ChenGroup/OSMOSE-HRENYB-GIT/calibration_1222/master/calibration_parameters.osm line 20)
osmose[warn] . . . Osmose will ignore parameter population.initialization.biomass.sp12 = 6687.45 (from /gpfs/projects/ChenGroup/OSMOSE-HRENYB-GIT/osmose-hrenyb-v4.4.1-xiangyan/input/initial_conditions_1209.osm line 100)
osmose[warn] . . . Parameter already defined population.initialization.biomass.sp12 = 6687.45000000001 (from /gpfs/projects/ChenGroup/OSMOSE-HRENYB-GIT/calibration_1222/master/calibration_parameters.osm line 21)
osmose[warn] . . . Osmose will ignore parameter population.initialization.biomass.sp13 = 6703.987 (from /gpfs/projects/ChenGroup/OSMOSE-HRENYB-GIT/osmose-hrenyb-v4.4.1-xiangyan/input/initial_conditions_1209.osm line 108)
osmose[warn] . . . Parameter already defined population.initialization.biomass.sp13 = 6703.98700000001 (from /gpfs/projects/ChenGroup/OSMOSE-HRENYB-GIT/calibration_1222/master/calibration_parameters.osm line 22)
osmose[warn] . . . Osmose will ignore parameter population.initialization.biomass.sp14 = 679.221 (from /gpfs/projects/ChenGroup/OSMOSE-HRENYB-GIT/osmose-hrenyb-v4.4.1-xiangyan/input/initial_conditions_1209.osm line 116)
osmose[warn] . . . Parameter already defined population.initialization.biomass.sp14 = 679.221000000007 (from /gpfs/projects/ChenGroup/OSMOSE-HRENYB-GIT/calibration_1222/master/calibration_parameters.osm line 23)
osmose[warn] . . . Osmose will ignore parameter population.initialization.biomass.sp15 = 1.169 (from /gpfs/projects/ChenGroup/OSMOSE-HRENYB-GIT/osmose-hrenyb-v4.4.1-xiangyan/input/initial_conditions_1209.osm line 124)
osmose[warn] . . . Parameter already defined population.initialization.biomass.sp15 = 1.169 (from /gpfs/projects/ChenGroup/OSMOSE-HRENYB-GIT/calibration_1222/master/calibration_parameters.osm line 24)
osmose[warn] . . . Osmose will ignore parameter population.initialization.biomass.sp16 = 0.369 (from /gpfs/projects/ChenGroup/OSMOSE-HRENYB-GIT/osmose-hrenyb-v4.4.1-xiangyan/input/initial_conditions_1209.osm line 132)
osmose[warn] . . . Parameter already defined population.initialization.biomass.sp16 = 0.369 (from /gpfs/projects/ChenGroup/OSMOSE-HRENYB-GIT/calibration_1222/master/calibration_parameters.osm line 25)
osmose[warn] . . Osmose will ignore parameter output.netcdf.format = netcdf3 (from /gpfs/projects/ChenGroup/OSMOSE-HRENYB-GIT/osmose-hrenyb-v4.4.1-xiangyan/osmose-hrenyb_1222.R line 1454)
osmose[warn] . . Parameter already defined output.netcdf.format = netcdf3 (from /gpfs/projects/ChenGroup/OSMOSE-HRENYB-GIT/osmose-hrenyb-v4.4.1-xiangyan/osmose-hrenyb_1222.R line 1414)
osmose[warn] . . Osmose will ignore parameter output.netcdf.format = netcdf3 (from /gpfs/projects/ChenGroup/OSMOSE-HRENYB-GIT/osmose-hrenyb-v4.4.1-xiangyan/osmose-hrenyb_1222.R line 1456)
osmose[warn] . . Parameter already defined output.netcdf.format = netcdf3 (from /gpfs/projects/ChenGroup/OSMOSE-HRENYB-GIT/osmose-hrenyb-v4.4.1-xiangyan/osmose-hrenyb_1222.R line 1414)
osmose[warn] . . Osmose will ignore parameter movement.checks.enabled = netcdf3 (from /gpfs/projects/ChenGroup/OSMOSE-HRENYB-GIT/osmose-hrenyb-v4.4.1-xiangyan/osmose-hrenyb_1222.R line 1462)
osmose[warn] . . Parameter already defined movement.checks.enabled = netcdf3 (from /gpfs/projects/ChenGroup/OSMOSE-HRENYB-GIT/osmose-hrenyb-v4.4.1-xiangyan/osmose-hrenyb_1222.R line 1328)
osmose[info] Configuration version: 4.4.1
osmose[warn] Could not find parameter 'simulation.restart.enabled'. Osmose assumes it is true and a NetCDF restart file will be created at the end of the simulation (or more, depending on parameters 'simulation.restart.recordfrequency.ndt' and 'simulation.restart.spinup').
osmose[info] Simulation restart spinup is 0
osmose[info] Output folder set to /gpfs/projects/ChenGroup/OSMOSE-HRENYB-GIT/calibration_1222/master/output/
osmose[info] Output CSV separator set to COMA
SLF4J: Failed to load class "org.slf4j.impl.StaticLoggerBinder".
SLF4J: Defaulting to no-operation (NOP) logger implementation
SLF4J: See http://www.slf4j.org/codes.html#StaticLoggerBinder for further details.
osmose[info] Simulation 0 started...
osmose[info] 0: Using default tiny (0.000001).
osmose[info] 1: Using default tiny (0.000001).
osmose[info] 2: Using default tiny (0.000001).
osmose[info] 3: Using default tiny (0.000001).
osmose[info] 4: Using default tiny (0.000001).
osmose[info] 5: Using default tiny (0.000001).
osmose[info] 6: Using default tiny (0.000001).
osmose[info] 7: Using default tiny (0.000001).
osmose[info] 8: Using default tiny (0.000001).
osmose[info] 9: Using default tiny (0.000001).
osmose[info] 10: Using default tiny (0.000001).
osmose[info] 11: Using default tiny (0.000001).
osmose[info] 12: Using default tiny (0.000001).
osmose[info] 13: Using default tiny (0.000001).
osmose[info] 14: Using default tiny (0.000001).
osmose[info] Growth function VonBertalanffy used for species AtlanticHerring.
osmose[info] Growth function VonBertalanffy used for species AtlanticMackerel.
osmose[info] Growth function VonBertalanffy used for species BlackSeaBass.
osmose[info] Growth function VonBertalanffy used for species Scup.
osmose[info] Growth function VonBertalanffy used for species SpinyDogfish.
osmose[info] Growth function VonBertalanffy used for species StripedBass.
osmose[info] Growth function VonBertalanffy used for species Goosefish.
osmose[info] Growth function VonBertalanffy used for species WinterFlounder.
osmose[info] Growth function VonBertalanffy used for species Squids.
osmose[info] Growth function VonBertalanffy used for species Flounders.
osmose[info] Growth function VonBertalanffy used for species SkateRays.
osmose[info] Growth function VonBertalanffy used for species Hakes.
osmose[info] Growth function VonBertalanffy used for species Benthopelagics.
osmose[info] Growth function VonBertalanffy used for species MiscellaneousDemersals.
osmose[info] Growth function VonBertalanffy used for species ShallowDemersal.
osmose[info] Growth function VonBertalanffy used for species WhitePerch.
osmose[info] Growth function VonBertalanffy used for species AtlanticTomcod.
osmose[warn] The minimum value for output distribution was set equal to 0. It has been corrected to 10.0
osmose[warn] The minimum value for output distribution was set equal to 0. It has been corrected to 2.0
osmose[warn] Could not find Boolean parameter output.spatial.abundance.enabled. Osmose assumes it is false.
osmose[warn] Could not find Boolean parameter output.spatial.biomass.enabled. Osmose assumes it is false.
osmose[warn] Could not find Boolean parameter output.spatial.size.enabled. Osmose assumes it is false.
osmose[warn] Could not find Boolean parameter output.spatial.enet.enabled. Osmose assumes it is false.
osmose[warn] Could not find Boolean parameter output.spatial.enet.larvae.enabled. Osmose assumes it is false.
osmose[warn] Could not find Boolean parameter output.spatial.enet.juv.enabled. Osmose assumes it is false.
osmose[warn] Could not find Boolean parameter output.spatial.mstarv.enabled. Osmose assumes it is false.
osmose[warn] Could not find Boolean parameter output.spatial.mpred.enabled. Osmose assumes it is false.
osmose[warn] Could not find Boolean parameter output.spatial.dg.enabled. Osmose assumes it is false.
osmose[warn] Could not find Boolean parameter output.spatial.egg.enabled. Osmose assumes it is false.
osmose[warn] Could not find Boolean parameter output.spatial.fisheries.enabled. Osmose assumes it is false.
osmose[warn] Could not find Boolean parameter output.fisheries.byage.enabled. Osmose assumes it is false.
osmose[warn] Could not find Boolean parameter output.fisheries.bysize.enabled. Osmose assumes it is false.
osmose[info] Growth function VonBertalanffy used for species AtlanticHerring.
osmose[info] Growth function VonBertalanffy used for species AtlanticMackerel.
osmose[info] Growth function VonBertalanffy used for species BlackSeaBass.
osmose[info] Growth function VonBertalanffy used for species Scup.
osmose[info] Growth function VonBertalanffy used for species SpinyDogfish.
osmose[info] Growth function VonBertalanffy used for species StripedBass.
osmose[info] Growth function VonBertalanffy used for species Goosefish.
osmose[info] Growth function VonBertalanffy used for species WinterFlounder.
osmose[info] Growth function VonBertalanffy used for species Squids.
osmose[info] Growth function VonBertalanffy used for species Flounders.
osmose[info] Growth function VonBertalanffy used for species SkateRays.
osmose[info] Growth function VonBertalanffy used for species Hakes.
osmose[info] Growth function VonBertalanffy used for species Benthopelagics.
osmose[info] Growth function VonBertalanffy used for species MiscellaneousDemersals.
osmose[info] Growth function VonBertalanffy used for species ShallowDemersal.
osmose[info] Growth function VonBertalanffy used for species WhitePerch.
osmose[info] Growth function VonBertalanffy used for species AtlanticTomcod.
osmose[info] year 0
osmose[info] year 1
osmose[info] year 2
osmose[info] year 3
osmose[info] year 4
osmose[info] year 5
osmose[info] year 6
osmose[info] year 7
osmose[info] year 8
osmose[info] year 9
osmose[info] year 10
osmose[info] year 11
osmose[info] year 12
osmose[info] year 13
osmose[info] year 14
osmose[info] year 15
osmose[info] year 16
osmose[info] year 17
osmose[info] year 18
osmose[info] year 19
osmose[info] Simulation 0 completed (time ellapsed: 1,234 seconds)
osmose[info] *********************************************
osmose[info] OSMOSE 4.4.1 (c) 2024 IRD.
osmose[info] ----------------------------------------------
