osmose[info] ----------------------------------------------
osmose[info] OSMOSE: Modelling Exploited Marine Ecosystems
osmose[info]         http://www.osmose-model.org
osmose[info] ----------------------------------------------
osmose[info] Software version: 4.4.1
osmose[info] Running configuration osmose-calibration.osm
osmose[info] Loading parameters from /gpfs/projects/ChenGroup/OSMOSE-HRENYB-GIT/calibration_0506/master/osmose-calibration.osm
osmose[info] . Loading parameters from /gpfs/projects/ChenGroup/OSMOSE-HRENYB-GIT/calibration_0506/master/calibration_parameters.osm
osmose[info] . Loading parameters from /gpfs/projects/ChenGroup/OSMOSE-HRENYB-GIT/calibration_0506/master/output-configuration.osm
osmose[warn] . . Osmose will ignore parameter output.biomass.enabled = TRUE (from /gpfs/projects/ChenGroup/OSMOSE-HRENYB-GIT/calibration_0506/master/output-configuration.osm line 4)
osmose[warn] . . Parameter already defined output.biomass.enabled = TRUE (from /gpfs/projects/ChenGroup/OSMOSE-HRENYB-GIT/calibration_0506/master/calibration_parameters.osm line 143)
osmose[warn] . . Osmose will ignore parameter output.meansize.byage.enabled = TRUE (from /gpfs/projects/ChenGroup/OSMOSE-HRENYB-GIT/calibration_0506/master/output-configuration.osm line 7)
osmose[warn] . . Parameter already defined output.meansize.byage.enabled = TRUE (from /gpfs/projects/ChenGroup/OSMOSE-HRENYB-GIT/calibration_0506/master/calibration_parameters.osm line 145)
osmose[warn] . . Osmose will ignore parameter output.fishing.accessible.biomass = FALSE (from /gpfs/projects/ChenGroup/OSMOSE-HRENYB-GIT/calibration_0506/master/output-configuration.osm line 15)
osmose[warn] . . Parameter already defined output.fishing.accessible.biomass = FALSE (from /gpfs/projects/ChenGroup/OSMOSE-HRENYB-GIT/calibration_0506/master/output-configuration.osm line 13)
osmose[warn] . . Osmose will ignore parameter output.fishing.harvested.biomass = FALSE (from /gpfs/projects/ChenGroup/OSMOSE-HRENYB-GIT/calibration_0506/master/output-configuration.osm line 16)
osmose[warn] . . Parameter already defined output.fishing.harvested.biomass = FALSE (from /gpfs/projects/ChenGroup/OSMOSE-HRENYB-GIT/calibration_0506/master/output-configuration.osm line 14)
osmose[warn] . . Osmose will ignore parameter output.biomass.bysize.enabled = FALSE (from /gpfs/projects/ChenGroup/OSMOSE-HRENYB-GIT/calibration_0506/master/output-configuration.osm line 21)
osmose[warn] . . Parameter already defined output.biomass.bysize.enabled = TRUE (from /gpfs/projects/ChenGroup/OSMOSE-HRENYB-GIT/calibration_0506/master/calibration_parameters.osm line 144)
osmose[warn] . . Osmose will ignore parameter output.mortality.enabled = FALSE (from /gpfs/projects/ChenGroup/OSMOSE-HRENYB-GIT/calibration_0506/master/output-configuration.osm line 76)
osmose[warn] . . Parameter already defined output.mortality.enabled = TRUE (from /gpfs/projects/ChenGroup/OSMOSE-HRENYB-GIT/calibration_0506/master/calibration_parameters.osm line 141)
osmose[warn] . . Osmose will ignore parameter output.size.enabled = FALSE (from /gpfs/projects/ChenGroup/OSMOSE-HRENYB-GIT/calibration_0506/master/output-configuration.osm line 84)
osmose[warn] . . Parameter already defined output.size.enabled = TRUE (from /gpfs/projects/ChenGroup/OSMOSE-HRENYB-GIT/calibration_0506/master/calibration_parameters.osm line 146)
osmose[warn] . . Osmose will ignore parameter output.tl.enabled = FALSE (from /gpfs/projects/ChenGroup/OSMOSE-HRENYB-GIT/calibration_0506/master/output-configuration.osm line 86)
osmose[warn] . . Parameter already defined output.tl.enabled = TRUE (from /gpfs/projects/ChenGroup/OSMOSE-HRENYB-GIT/calibration_0506/master/calibration_parameters.osm line 142)
osmose[warn] . . Osmose will ignore parameter output.meansize.byage.enabled = FALSE (from /gpfs/projects/ChenGroup/OSMOSE-HRENYB-GIT/calibration_0506/master/output-configuration.osm line 93)
osmose[warn] . . Parameter already defined output.meansize.byage.enabled = TRUE (from /gpfs/projects/ChenGroup/OSMOSE-HRENYB-GIT/calibration_0506/master/calibration_parameters.osm line 145)
osmose[warn] . . Osmose will ignore parameter output.diet.composition.enabled = FALSE (from /gpfs/projects/ChenGroup/OSMOSE-HRENYB-GIT/calibration_0506/master/output-configuration.osm line 98)
osmose[warn] . . Parameter already defined output.diet.composition.enabled = TRUE (from /gpfs/projects/ChenGroup/OSMOSE-HRENYB-GIT/calibration_0506/master/calibration_parameters.osm line 138)
osmose[warn] . . Osmose will ignore parameter output.diet.composition.byage.enabled = FALSE (from /gpfs/projects/ChenGroup/OSMOSE-HRENYB-GIT/calibration_0506/master/output-configuration.osm line 99)
osmose[warn] . . Parameter already defined output.diet.composition.byage.enabled = TRUE (from /gpfs/projects/ChenGroup/OSMOSE-HRENYB-GIT/calibration_0506/master/calibration_parameters.osm line 139)
osmose[warn] . . Osmose will ignore parameter output.diet.composition.bysize.enabled = FALSE (from /gpfs/projects/ChenGroup/OSMOSE-HRENYB-GIT/calibration_0506/master/output-configuration.osm line 100)
osmose[warn] . . Parameter already defined output.diet.composition.bysize.enabled = TRUE (from /gpfs/projects/ChenGroup/OSMOSE-HRENYB-GIT/calibration_0506/master/calibration_parameters.osm line 140)
osmose[info] . Loading parameters from /gpfs/projects/ChenGroup/OSMOSE-HRENYB-GIT/osmose-hrenyb-v4.4.1-xiangyan/osmose-hrenyb_0428.R
osmose[info] . . Loading parameters from /gpfs/projects/ChenGroup/OSMOSE-HRENYB-GIT/osmose-hrenyb-v4.4.1-xiangyan/input/calibration-parameters_0502_30.csv
osmose[warn] . . . Osmose will ignore parameter species.accessibility2fish.sp17 = 0.000349382307937336 (from /gpfs/projects/ChenGroup/OSMOSE-HRENYB-GIT/osmose-hrenyb-v4.4.1-xiangyan/input/calibration-parameters_0502_30.csv line 1)
osmose[warn] . . . Parameter already defined species.accessibility2fish.sp17 = 0.000169548126222453 (from /gpfs/projects/ChenGroup/OSMOSE-HRENYB-GIT/calibration_0506/master/calibration_parameters.osm line 1)
osmose[warn] . . . Osmose will ignore parameter species.accessibility2fish.sp18 = 0.195930407856417 (from /gpfs/projects/ChenGroup/OSMOSE-HRENYB-GIT/osmose-hrenyb-v4.4.1-xiangyan/input/calibration-parameters_0502_30.csv line 2)
osmose[warn] . . . Parameter already defined species.accessibility2fish.sp18 = 0.352780694785552 (from /gpfs/projects/ChenGroup/OSMOSE-HRENYB-GIT/calibration_0506/master/calibration_parameters.osm line 2)
osmose[warn] . . . Osmose will ignore parameter species.accessibility2fish.sp19 = 0.968989543196632 (from /gpfs/projects/ChenGroup/OSMOSE-HRENYB-GIT/osmose-hrenyb-v4.4.1-xiangyan/input/calibration-parameters_0502_30.csv line 3)
osmose[warn] . . . Parameter already defined species.accessibility2fish.sp19 = 0.999899617773633 (from /gpfs/projects/ChenGroup/OSMOSE-HRENYB-GIT/calibration_0506/master/calibration_parameters.osm line 3)
osmose[warn] . . . Osmose will ignore parameter species.accessibility2fish.sp20 = 0.000240957880301237 (from /gpfs/projects/ChenGroup/OSMOSE-HRENYB-GIT/osmose-hrenyb-v4.4.1-xiangyan/input/calibration-parameters_0502_30.csv line 4)
osmose[warn] . . . Parameter already defined species.accessibility2fish.sp20 = 0.703050262764878 (from /gpfs/projects/ChenGroup/OSMOSE-HRENYB-GIT/calibration_0506/master/calibration_parameters.osm line 4)
osmose[warn] . . . Osmose will ignore parameter species.accessibility2fish.sp21 = 0.0390244531791818 (from /gpfs/projects/ChenGroup/OSMOSE-HRENYB-GIT/osmose-hrenyb-v4.4.1-xiangyan/input/calibration-parameters_0502_30.csv line 5)
osmose[warn] . . . Parameter already defined species.accessibility2fish.sp21 = 0.358779877808295 (from /gpfs/projects/ChenGroup/OSMOSE-HRENYB-GIT/calibration_0506/master/calibration_parameters.osm line 5)
osmose[warn] . . . Osmose will ignore parameter species.accessibility2fish.sp22 = 0.408295322604474 (from /gpfs/projects/ChenGroup/OSMOSE-HRENYB-GIT/osmose-hrenyb-v4.4.1-xiangyan/input/calibration-parameters_0502_30.csv line 6)
osmose[warn] . . . Parameter already defined species.accessibility2fish.sp22 = 0.179574657313532 (from /gpfs/projects/ChenGroup/OSMOSE-HRENYB-GIT/calibration_0506/master/calibration_parameters.osm line 6)
osmose[warn] . . . Osmose will ignore parameter species.accessibility2fish.sp23 = 0.387214338455937 (from /gpfs/projects/ChenGroup/OSMOSE-HRENYB-GIT/osmose-hrenyb-v4.4.1-xiangyan/input/calibration-parameters_0502_30.csv line 7)
osmose[warn] . . . Parameter already defined species.accessibility2fish.sp23 = 0.747362225413385 (from /gpfs/projects/ChenGroup/OSMOSE-HRENYB-GIT/calibration_0506/master/calibration_parameters.osm line 7)
osmose[warn] . . . Osmose will ignore parameter species.accessibility2fish.sp24 = 0.904280904124295 (from /gpfs/projects/ChenGroup/OSMOSE-HRENYB-GIT/osmose-hrenyb-v4.4.1-xiangyan/input/calibration-parameters_0502_30.csv line 8)
osmose[warn] . . . Parameter already defined species.accessibility2fish.sp24 = 0.277822621237559 (from /gpfs/projects/ChenGroup/OSMOSE-HRENYB-GIT/calibration_0506/master/calibration_parameters.osm line 8)
osmose[warn] . . . Osmose will ignore parameter population.initialization.biomass.sp0 = 62810.2999999998 (from /gpfs/projects/ChenGroup/OSMOSE-HRENYB-GIT/osmose-hrenyb-v4.4.1-xiangyan/input/calibration-parameters_0502_30.csv line 9)
osmose[warn] . . . Parameter already defined population.initialization.biomass.sp0 = 62810.2999999998 (from /gpfs/projects/ChenGroup/OSMOSE-HRENYB-GIT/calibration_0506/master/calibration_parameters.osm line 9)
osmose[warn] . . . Osmose will ignore parameter population.initialization.biomass.sp1 = 32391.9799999999 (from /gpfs/projects/ChenGroup/OSMOSE-HRENYB-GIT/osmose-hrenyb-v4.4.1-xiangyan/input/calibration-parameters_0502_30.csv line 10)
osmose[warn] . . . Parameter already defined population.initialization.biomass.sp1 = 32391.9799999999 (from /gpfs/projects/ChenGroup/OSMOSE-HRENYB-GIT/calibration_0506/master/calibration_parameters.osm line 10)
osmose[warn] . . . Osmose will ignore parameter population.initialization.biomass.sp2 = 140.230999999999 (from /gpfs/projects/ChenGroup/OSMOSE-HRENYB-GIT/osmose-hrenyb-v4.4.1-xiangyan/input/calibration-parameters_0502_30.csv line 11)
osmose[warn] . . . Parameter already defined population.initialization.biomass.sp2 = 140.230999999999 (from /gpfs/projects/ChenGroup/OSMOSE-HRENYB-GIT/calibration_0506/master/calibration_parameters.osm line 11)
osmose[warn] . . . Osmose will ignore parameter population.initialization.biomass.sp3 = 2374.51500000002 (from /gpfs/projects/ChenGroup/OSMOSE-HRENYB-GIT/osmose-hrenyb-v4.4.1-xiangyan/input/calibration-parameters_0502_30.csv line 12)
osmose[warn] . . . Parameter already defined population.initialization.biomass.sp3 = 2374.51500000002 (from /gpfs/projects/ChenGroup/OSMOSE-HRENYB-GIT/calibration_0506/master/calibration_parameters.osm line 12)
osmose[warn] . . . Osmose will ignore parameter population.initialization.biomass.sp4 = 23293.2939999999 (from /gpfs/projects/ChenGroup/OSMOSE-HRENYB-GIT/osmose-hrenyb-v4.4.1-xiangyan/input/calibration-parameters_0502_30.csv line 13)
osmose[warn] . . . Parameter already defined population.initialization.biomass.sp4 = 23293.2939999999 (from /gpfs/projects/ChenGroup/OSMOSE-HRENYB-GIT/calibration_0506/master/calibration_parameters.osm line 13)
osmose[warn] . . . Osmose will ignore parameter population.initialization.biomass.sp5 = 2559.03499999998 (from /gpfs/projects/ChenGroup/OSMOSE-HRENYB-GIT/osmose-hrenyb-v4.4.1-xiangyan/input/calibration-parameters_0502_30.csv line 14)
osmose[warn] . . . Parameter already defined population.initialization.biomass.sp5 = 2559.03499999998 (from /gpfs/projects/ChenGroup/OSMOSE-HRENYB-GIT/calibration_0506/master/calibration_parameters.osm line 14)
osmose[warn] . . . Osmose will ignore parameter population.initialization.biomass.sp6 = 695.020000000005 (from /gpfs/projects/ChenGroup/OSMOSE-HRENYB-GIT/osmose-hrenyb-v4.4.1-xiangyan/input/calibration-parameters_0502_30.csv line 15)
osmose[warn] . . . Parameter already defined population.initialization.biomass.sp6 = 695.020000000005 (from /gpfs/projects/ChenGroup/OSMOSE-HRENYB-GIT/calibration_0506/master/calibration_parameters.osm line 15)
osmose[warn] . . . Osmose will ignore parameter population.initialization.biomass.sp7 = 1951.09499999999 (from /gpfs/projects/ChenGroup/OSMOSE-HRENYB-GIT/osmose-hrenyb-v4.4.1-xiangyan/input/calibration-parameters_0502_30.csv line 16)
osmose[warn] . . . Parameter already defined population.initialization.biomass.sp7 = 1951.09499999999 (from /gpfs/projects/ChenGroup/OSMOSE-HRENYB-GIT/calibration_0506/master/calibration_parameters.osm line 16)
osmose[warn] . . . Osmose will ignore parameter population.initialization.biomass.sp8 = 71398.7800000005 (from /gpfs/projects/ChenGroup/OSMOSE-HRENYB-GIT/osmose-hrenyb-v4.4.1-xiangyan/input/calibration-parameters_0502_30.csv line 17)
osmose[warn] . . . Parameter already defined population.initialization.biomass.sp8 = 71398.7800000005 (from /gpfs/projects/ChenGroup/OSMOSE-HRENYB-GIT/calibration_0506/master/calibration_parameters.osm line 17)
osmose[warn] . . . Osmose will ignore parameter population.initialization.biomass.sp9 = 6058.33499999997 (from /gpfs/projects/ChenGroup/OSMOSE-HRENYB-GIT/osmose-hrenyb-v4.4.1-xiangyan/input/calibration-parameters_0502_30.csv line 18)
osmose[warn] . . . Parameter already defined population.initialization.biomass.sp9 = 6058.33499999997 (from /gpfs/projects/ChenGroup/OSMOSE-HRENYB-GIT/calibration_0506/master/calibration_parameters.osm line 18)
osmose[warn] . . . Osmose will ignore parameter population.initialization.biomass.sp10 = 17717.523 (from /gpfs/projects/ChenGroup/OSMOSE-HRENYB-GIT/osmose-hrenyb-v4.4.1-xiangyan/input/calibration-parameters_0502_30.csv line 19)
osmose[warn] . . . Parameter already defined population.initialization.biomass.sp10 = 17717.523 (from /gpfs/projects/ChenGroup/OSMOSE-HRENYB-GIT/calibration_0506/master/calibration_parameters.osm line 19)
osmose[warn] . . . Osmose will ignore parameter population.initialization.biomass.sp11 = 3156.91799999998 (from /gpfs/projects/ChenGroup/OSMOSE-HRENYB-GIT/osmose-hrenyb-v4.4.1-xiangyan/input/calibration-parameters_0502_30.csv line 20)
osmose[warn] . . . Parameter already defined population.initialization.biomass.sp11 = 3156.91799999998 (from /gpfs/projects/ChenGroup/OSMOSE-HRENYB-GIT/calibration_0506/master/calibration_parameters.osm line 20)
osmose[warn] . . . Osmose will ignore parameter population.initialization.biomass.sp12 = 335331.813000001 (from /gpfs/projects/ChenGroup/OSMOSE-HRENYB-GIT/osmose-hrenyb-v4.4.1-xiangyan/input/calibration-parameters_0502_30.csv line 21)
osmose[warn] . . . Parameter already defined population.initialization.biomass.sp12 = 335331.813000001 (from /gpfs/projects/ChenGroup/OSMOSE-HRENYB-GIT/calibration_0506/master/calibration_parameters.osm line 21)
osmose[warn] . . . Osmose will ignore parameter population.initialization.biomass.sp13 = 48804.3190000005 (from /gpfs/projects/ChenGroup/OSMOSE-HRENYB-GIT/osmose-hrenyb-v4.4.1-xiangyan/input/calibration-parameters_0502_30.csv line 22)
osmose[warn] . . . Parameter already defined population.initialization.biomass.sp13 = 48804.3190000005 (from /gpfs/projects/ChenGroup/OSMOSE-HRENYB-GIT/calibration_0506/master/calibration_parameters.osm line 22)
osmose[warn] . . . Osmose will ignore parameter population.initialization.biomass.sp14 = 14246.9760000001 (from /gpfs/projects/ChenGroup/OSMOSE-HRENYB-GIT/osmose-hrenyb-v4.4.1-xiangyan/input/calibration-parameters_0502_30.csv line 23)
osmose[warn] . . . Parameter already defined population.initialization.biomass.sp14 = 14246.9760000001 (from /gpfs/projects/ChenGroup/OSMOSE-HRENYB-GIT/calibration_0506/master/calibration_parameters.osm line 23)
osmose[warn] . . . Osmose will ignore parameter population.initialization.biomass.sp15 = 5.31500000000001 (from /gpfs/projects/ChenGroup/OSMOSE-HRENYB-GIT/osmose-hrenyb-v4.4.1-xiangyan/input/calibration-parameters_0502_30.csv line 24)
osmose[warn] . . . Parameter already defined population.initialization.biomass.sp15 = 5.31500000000001 (from /gpfs/projects/ChenGroup/OSMOSE-HRENYB-GIT/calibration_0506/master/calibration_parameters.osm line 24)
osmose[warn] . . . Osmose will ignore parameter population.initialization.biomass.sp16 = 1.881 (from /gpfs/projects/ChenGroup/OSMOSE-HRENYB-GIT/osmose-hrenyb-v4.4.1-xiangyan/input/calibration-parameters_0502_30.csv line 25)
osmose[warn] . . . Parameter already defined population.initialization.biomass.sp16 = 1.881 (from /gpfs/projects/ChenGroup/OSMOSE-HRENYB-GIT/calibration_0506/master/calibration_parameters.osm line 25)
osmose[warn] . . . Osmose will ignore parameter mortality.additional.rate.sp0 = 0.00209114621224523 (from /gpfs/projects/ChenGroup/OSMOSE-HRENYB-GIT/osmose-hrenyb-v4.4.1-xiangyan/input/calibration-parameters_0502_30.csv line 26)
osmose[warn] . . . Parameter already defined mortality.additional.rate.sp0 = 0.00858511431545713 (from /gpfs/projects/ChenGroup/OSMOSE-HRENYB-GIT/calibration_0506/master/calibration_parameters.osm line 26)
osmose[warn] . . . Osmose will ignore parameter mortality.additional.rate.sp1 = 3.00400417070681 (from /gpfs/projects/ChenGroup/OSMOSE-HRENYB-GIT/osmose-hrenyb-v4.4.1-xiangyan/input/calibration-parameters_0502_30.csv line 27)
osmose[warn] . . . Parameter already defined mortality.additional.rate.sp1 = 3.36691506473395 (from /gpfs/projects/ChenGroup/OSMOSE-HRENYB-GIT/calibration_0506/master/calibration_parameters.osm line 27)
osmose[warn] . . . Osmose will ignore parameter mortality.additional.rate.sp2 = 0.58598579954616 (from /gpfs/projects/ChenGroup/OSMOSE-HRENYB-GIT/osmose-hrenyb-v4.4.1-xiangyan/input/calibration-parameters_0502_30.csv line 28)
osmose[warn] . . . Parameter already defined mortality.additional.rate.sp2 = 0.0035086886269554 (from /gpfs/projects/ChenGroup/OSMOSE-HRENYB-GIT/calibration_0506/master/calibration_parameters.osm line 28)
osmose[warn] . . . Osmose will ignore parameter mortality.additional.rate.sp3 = 0.000421279061681243 (from /gpfs/projects/ChenGroup/OSMOSE-HRENYB-GIT/osmose-hrenyb-v4.4.1-xiangyan/input/calibration-parameters_0502_30.csv line 29)
osmose[warn] . . . Parameter already defined mortality.additional.rate.sp3 = 0.327272152715893 (from /gpfs/projects/ChenGroup/OSMOSE-HRENYB-GIT/calibration_0506/master/calibration_parameters.osm line 29)
osmose[warn] . . . Osmose will ignore parameter mortality.additional.rate.sp4 = 0.0733284675926806 (from /gpfs/projects/ChenGroup/OSMOSE-HRENYB-GIT/osmose-hrenyb-v4.4.1-xiangyan/input/calibration-parameters_0502_30.csv line 30)
osmose[warn] . . . Parameter already defined mortality.additional.rate.sp4 = 0.0685247893004062 (from /gpfs/projects/ChenGroup/OSMOSE-HRENYB-GIT/calibration_0506/master/calibration_parameters.osm line 30)
osmose[warn] . . . Osmose will ignore parameter mortality.additional.rate.sp5 = 0.0140048927977679 (from /gpfs/projects/ChenGroup/OSMOSE-HRENYB-GIT/osmose-hrenyb-v4.4.1-xiangyan/input/calibration-parameters_0502_30.csv line 31)
osmose[warn] . . . Parameter already defined mortality.additional.rate.sp5 = 0.000672117239879624 (from /gpfs/projects/ChenGroup/OSMOSE-HRENYB-GIT/calibration_0506/master/calibration_parameters.osm line 31)
osmose[warn] . . . Osmose will ignore parameter mortality.additional.rate.sp6 = 0.115935530395841 (from /gpfs/projects/ChenGroup/OSMOSE-HRENYB-GIT/osmose-hrenyb-v4.4.1-xiangyan/input/calibration-parameters_0502_30.csv line 32)
osmose[warn] . . . Parameter already defined mortality.additional.rate.sp6 = 0.000396036887888678 (from /gpfs/projects/ChenGroup/OSMOSE-HRENYB-GIT/calibration_0506/master/calibration_parameters.osm line 32)
osmose[warn] . . . Osmose will ignore parameter mortality.additional.rate.sp7 = 0.0148578098707884 (from /gpfs/projects/ChenGroup/OSMOSE-HRENYB-GIT/osmose-hrenyb-v4.4.1-xiangyan/input/calibration-parameters_0502_30.csv line 33)
osmose[warn] . . . Parameter already defined mortality.additional.rate.sp7 = 1.39914855407006 (from /gpfs/projects/ChenGroup/OSMOSE-HRENYB-GIT/calibration_0506/master/calibration_parameters.osm line 33)
osmose[warn] . . . Osmose will ignore parameter mortality.additional.rate.sp8 = 0.0512962156599734 (from /gpfs/projects/ChenGroup/OSMOSE-HRENYB-GIT/osmose-hrenyb-v4.4.1-xiangyan/input/calibration-parameters_0502_30.csv line 34)
osmose[warn] . . . Parameter already defined mortality.additional.rate.sp8 = 0.00157178730690134 (from /gpfs/projects/ChenGroup/OSMOSE-HRENYB-GIT/calibration_0506/master/calibration_parameters.osm line 34)
osmose[warn] . . . Osmose will ignore parameter mortality.additional.rate.sp9 = 1.41077103256314 (from /gpfs/projects/ChenGroup/OSMOSE-HRENYB-GIT/osmose-hrenyb-v4.4.1-xiangyan/input/calibration-parameters_0502_30.csv line 35)
osmose[warn] . . . Parameter already defined mortality.additional.rate.sp9 = 1.51347685335451 (from /gpfs/projects/ChenGroup/OSMOSE-HRENYB-GIT/calibration_0506/master/calibration_parameters.osm line 35)
osmose[warn] . . . Osmose will ignore parameter mortality.additional.rate.sp10 = 0.0156841131820483 (from /gpfs/projects/ChenGroup/OSMOSE-HRENYB-GIT/osmose-hrenyb-v4.4.1-xiangyan/input/calibration-parameters_0502_30.csv line 36)
osmose[warn] . . . Parameter already defined mortality.additional.rate.sp10 = 0.0186867962958128 (from /gpfs/projects/ChenGroup/OSMOSE-HRENYB-GIT/calibration_0506/master/calibration_parameters.osm line 36)
osmose[warn] . . . Osmose will ignore parameter mortality.additional.rate.sp11 = 0.0160307745424634 (from /gpfs/projects/ChenGroup/OSMOSE-HRENYB-GIT/osmose-hrenyb-v4.4.1-xiangyan/input/calibration-parameters_0502_30.csv line 37)
osmose[warn] . . . Parameter already defined mortality.additional.rate.sp11 = 0.0914889616225085 (from /gpfs/projects/ChenGroup/OSMOSE-HRENYB-GIT/calibration_0506/master/calibration_parameters.osm line 37)
osmose[warn] . . . Osmose will ignore parameter mortality.additional.rate.sp12 = 0.521450514833282 (from /gpfs/projects/ChenGroup/OSMOSE-HRENYB-GIT/osmose-hrenyb-v4.4.1-xiangyan/input/calibration-parameters_0502_30.csv line 38)
osmose[warn] . . . Parameter already defined mortality.additional.rate.sp12 = 3.62957172979026 (from /gpfs/projects/ChenGroup/OSMOSE-HRENYB-GIT/calibration_0506/master/calibration_parameters.osm line 38)
osmose[warn] . . . Osmose will ignore parameter mortality.additional.rate.sp13 = 0.189406899547745 (from /gpfs/projects/ChenGroup/OSMOSE-HRENYB-GIT/osmose-hrenyb-v4.4.1-xiangyan/input/calibration-parameters_0502_30.csv line 39)
osmose[warn] . . . Parameter already defined mortality.additional.rate.sp13 = 0.000164697874535017 (from /gpfs/projects/ChenGroup/OSMOSE-HRENYB-GIT/calibration_0506/master/calibration_parameters.osm line 39)
osmose[warn] . . . Osmose will ignore parameter mortality.additional.rate.sp14 = 0.000472749349739963 (from /gpfs/projects/ChenGroup/OSMOSE-HRENYB-GIT/osmose-hrenyb-v4.4.1-xiangyan/input/calibration-parameters_0502_30.csv line 40)
osmose[warn] . . . Parameter already defined mortality.additional.rate.sp14 = 0.0129399237227218 (from /gpfs/projects/ChenGroup/OSMOSE-HRENYB-GIT/calibration_0506/master/calibration_parameters.osm line 40)
osmose[warn] . . . Osmose will ignore parameter mortality.additional.rate.sp15 = 0.00262177441394813 (from /gpfs/projects/ChenGroup/OSMOSE-HRENYB-GIT/osmose-hrenyb-v4.4.1-xiangyan/input/calibration-parameters_0502_30.csv line 41)
osmose[warn] . . . Parameter already defined mortality.additional.rate.sp15 = 0.0809255181492011 (from /gpfs/projects/ChenGroup/OSMOSE-HRENYB-GIT/calibration_0506/master/calibration_parameters.osm line 41)
osmose[warn] . . . Osmose will ignore parameter mortality.additional.rate.sp16 = 0.000935046728406296 (from /gpfs/projects/ChenGroup/OSMOSE-HRENYB-GIT/osmose-hrenyb-v4.4.1-xiangyan/input/calibration-parameters_0502_30.csv line 42)
osmose[warn] . . . Parameter already defined mortality.additional.rate.sp16 = 0.372826838122646 (from /gpfs/projects/ChenGroup/OSMOSE-HRENYB-GIT/calibration_0506/master/calibration_parameters.osm line 42)
osmose[warn] . . . Osmose will ignore parameter mortality.additional.larva.rate.sp0 = 11.7022081759971 (from /gpfs/projects/ChenGroup/OSMOSE-HRENYB-GIT/osmose-hrenyb-v4.4.1-xiangyan/input/calibration-parameters_0502_30.csv line 43)
osmose[warn] . . . Parameter already defined mortality.additional.larva.rate.sp0 = 6.78887732905523 (from /gpfs/projects/ChenGroup/OSMOSE-HRENYB-GIT/calibration_0506/master/calibration_parameters.osm line 43)
osmose[warn] . . . Osmose will ignore parameter mortality.additional.larva.rate.sp1 = 1.63430190446999 (from /gpfs/projects/ChenGroup/OSMOSE-HRENYB-GIT/osmose-hrenyb-v4.4.1-xiangyan/input/calibration-parameters_0502_30.csv line 44)
osmose[warn] . . . Parameter already defined mortality.additional.larva.rate.sp1 = 1.74721450373906 (from /gpfs/projects/ChenGroup/OSMOSE-HRENYB-GIT/calibration_0506/master/calibration_parameters.osm line 44)
osmose[warn] . . . Osmose will ignore parameter mortality.additional.larva.rate.sp2 = 15.9256754353045 (from /gpfs/projects/ChenGroup/OSMOSE-HRENYB-GIT/osmose-hrenyb-v4.4.1-xiangyan/input/calibration-parameters_0502_30.csv line 45)
osmose[warn] . . . Parameter already defined mortality.additional.larva.rate.sp2 = 2.84684309265264 (from /gpfs/projects/ChenGroup/OSMOSE-HRENYB-GIT/calibration_0506/master/calibration_parameters.osm line 45)
osmose[warn] . . . Osmose will ignore parameter mortality.additional.larva.rate.sp3 = 0.756256788486992 (from /gpfs/projects/ChenGroup/OSMOSE-HRENYB-GIT/osmose-hrenyb-v4.4.1-xiangyan/input/calibration-parameters_0502_30.csv line 46)
osmose[warn] . . . Parameter already defined mortality.additional.larva.rate.sp3 = 1.92138900652248 (from /gpfs/projects/ChenGroup/OSMOSE-HRENYB-GIT/calibration_0506/master/calibration_parameters.osm line 46)
osmose[warn] . . . Osmose will ignore parameter mortality.additional.larva.rate.sp5 = 802.070100406356 (from /gpfs/projects/ChenGroup/OSMOSE-HRENYB-GIT/osmose-hrenyb-v4.4.1-xiangyan/input/calibration-parameters_0502_30.csv line 47)
osmose[warn] . . . Parameter already defined mortality.additional.larva.rate.sp5 = 540.043189748232 (from /gpfs/projects/ChenGroup/OSMOSE-HRENYB-GIT/calibration_0506/master/calibration_parameters.osm line 47)
osmose[warn] . . . Osmose will ignore parameter mortality.additional.larva.rate.sp6 = 588.192406602473 (from /gpfs/projects/ChenGroup/OSMOSE-HRENYB-GIT/osmose-hrenyb-v4.4.1-xiangyan/input/calibration-parameters_0502_30.csv line 48)
osmose[warn] . . . Parameter already defined mortality.additional.larva.rate.sp6 = 149.25116323654 (from /gpfs/projects/ChenGroup/OSMOSE-HRENYB-GIT/calibration_0506/master/calibration_parameters.osm line 48)
osmose[warn] . . . Osmose will ignore parameter mortality.additional.larva.rate.sp7 = 30.4976937855321 (from /gpfs/projects/ChenGroup/OSMOSE-HRENYB-GIT/osmose-hrenyb-v4.4.1-xiangyan/input/calibration-parameters_0502_30.csv line 49)
osmose[warn] . . . Parameter already defined mortality.additional.larva.rate.sp7 = 2.53486505649188 (from /gpfs/projects/ChenGroup/OSMOSE-HRENYB-GIT/calibration_0506/master/calibration_parameters.osm line 49)
osmose[warn] . . . Osmose will ignore parameter mortality.additional.larva.rate.sp8 = 0.117732438713921 (from /gpfs/projects/ChenGroup/OSMOSE-HRENYB-GIT/osmose-hrenyb-v4.4.1-xiangyan/input/calibration-parameters_0502_30.csv line 50)
osmose[warn] . . . Parameter already defined mortality.additional.larva.rate.sp8 = 0.629014020333346 (from /gpfs/projects/ChenGroup/OSMOSE-HRENYB-GIT/calibration_0506/master/calibration_parameters.osm line 50)
osmose[warn] . . . Osmose will ignore parameter mortality.additional.larva.rate.sp9 = 1.8268276061169 (from /gpfs/projects/ChenGroup/OSMOSE-HRENYB-GIT/osmose-hrenyb-v4.4.1-xiangyan/input/calibration-parameters_0502_30.csv line 51)
osmose[warn] . . . Parameter already defined mortality.additional.larva.rate.sp9 = 4.18462097538124 (from /gpfs/projects/ChenGroup/OSMOSE-HRENYB-GIT/calibration_0506/master/calibration_parameters.osm line 51)
osmose[warn] . . . Osmose will ignore parameter mortality.additional.larva.rate.sp10 = 121.591002294005 (from /gpfs/projects/ChenGroup/OSMOSE-HRENYB-GIT/osmose-hrenyb-v4.4.1-xiangyan/input/calibration-parameters_0502_30.csv line 52)
osmose[warn] . . . Parameter already defined mortality.additional.larva.rate.sp10 = 103.481011385913 (from /gpfs/projects/ChenGroup/OSMOSE-HRENYB-GIT/calibration_0506/master/calibration_parameters.osm line 52)
osmose[warn] . . . Osmose will ignore parameter mortality.additional.larva.rate.sp11 = 2.50881848459796 (from /gpfs/projects/ChenGroup/OSMOSE-HRENYB-GIT/osmose-hrenyb-v4.4.1-xiangyan/input/calibration-parameters_0502_30.csv line 53)
osmose[warn] . . . Parameter already defined mortality.additional.larva.rate.sp11 = 3.43878543881332 (from /gpfs/projects/ChenGroup/OSMOSE-HRENYB-GIT/calibration_0506/master/calibration_parameters.osm line 53)
osmose[warn] . . . Osmose will ignore parameter mortality.additional.larva.rate.sp12 = 0.387101026595615 (from /gpfs/projects/ChenGroup/OSMOSE-HRENYB-GIT/osmose-hrenyb-v4.4.1-xiangyan/input/calibration-parameters_0502_30.csv line 54)
osmose[warn] . . . Parameter already defined mortality.additional.larva.rate.sp12 = 0.174842807717656 (from /gpfs/projects/ChenGroup/OSMOSE-HRENYB-GIT/calibration_0506/master/calibration_parameters.osm line 54)
osmose[warn] . . . Osmose will ignore parameter mortality.additional.larva.rate.sp13 = 25.5955702978599 (from /gpfs/projects/ChenGroup/OSMOSE-HRENYB-GIT/osmose-hrenyb-v4.4.1-xiangyan/input/calibration-parameters_0502_30.csv line 55)
osmose[warn] . . . Parameter already defined mortality.additional.larva.rate.sp13 = 2.66249449846656 (from /gpfs/projects/ChenGroup/OSMOSE-HRENYB-GIT/calibration_0506/master/calibration_parameters.osm line 55)
osmose[warn] . . . Osmose will ignore parameter mortality.additional.larva.rate.sp14 = 0.604628584653788 (from /gpfs/projects/ChenGroup/OSMOSE-HRENYB-GIT/osmose-hrenyb-v4.4.1-xiangyan/input/calibration-parameters_0502_30.csv line 56)
osmose[warn] . . . Parameter already defined mortality.additional.larva.rate.sp14 = 3.31410193115907 (from /gpfs/projects/ChenGroup/OSMOSE-HRENYB-GIT/calibration_0506/master/calibration_parameters.osm line 56)
osmose[warn] . . . Osmose will ignore parameter mortality.additional.larva.rate.sp15 = 61.5121168980473 (from /gpfs/projects/ChenGroup/OSMOSE-HRENYB-GIT/osmose-hrenyb-v4.4.1-xiangyan/input/calibration-parameters_0502_30.csv line 57)
osmose[warn] . . . Parameter already defined mortality.additional.larva.rate.sp15 = 13.6308148608924 (from /gpfs/projects/ChenGroup/OSMOSE-HRENYB-GIT/calibration_0506/master/calibration_parameters.osm line 57)
osmose[warn] . . . Osmose will ignore parameter mortality.additional.larva.rate.sp16 = 30.5331448791496 (from /gpfs/projects/ChenGroup/OSMOSE-HRENYB-GIT/osmose-hrenyb-v4.4.1-xiangyan/input/calibration-parameters_0502_30.csv line 58)
osmose[warn] . . . Parameter already defined mortality.additional.larva.rate.sp16 = 67.7315603351168 (from /gpfs/projects/ChenGroup/OSMOSE-HRENYB-GIT/calibration_0506/master/calibration_parameters.osm line 58)
osmose[warn] . . . Osmose will ignore parameter predation.ingestion.rate.max.sp0 = 13.0544214851327 (from /gpfs/projects/ChenGroup/OSMOSE-HRENYB-GIT/osmose-hrenyb-v4.4.1-xiangyan/input/calibration-parameters_0502_30.csv line 59)
osmose[warn] . . . Parameter already defined predation.ingestion.rate.max.sp0 = 13.0544214851327 (from /gpfs/projects/ChenGroup/OSMOSE-HRENYB-GIT/calibration_0506/master/calibration_parameters.osm line 59)
osmose[warn] . . . Osmose will ignore parameter predation.ingestion.rate.max.sp1 = 17.499106054404 (from /gpfs/projects/ChenGroup/OSMOSE-HRENYB-GIT/osmose-hrenyb-v4.4.1-xiangyan/input/calibration-parameters_0502_30.csv line 60)
osmose[warn] . . . Parameter already defined predation.ingestion.rate.max.sp1 = 17.499106054404 (from /gpfs/projects/ChenGroup/OSMOSE-HRENYB-GIT/calibration_0506/master/calibration_parameters.osm line 60)
osmose[warn] . . . Osmose will ignore parameter predation.ingestion.rate.max.sp2 = 22.2420307181588 (from /gpfs/projects/ChenGroup/OSMOSE-HRENYB-GIT/osmose-hrenyb-v4.4.1-xiangyan/input/calibration-parameters_0502_30.csv line 61)
osmose[warn] . . . Parameter already defined predation.ingestion.rate.max.sp2 = 22.2420307181588 (from /gpfs/projects/ChenGroup/OSMOSE-HRENYB-GIT/calibration_0506/master/calibration_parameters.osm line 61)
osmose[warn] . . . Osmose will ignore parameter predation.ingestion.rate.max.sp3 = 20.2859341399713 (from /gpfs/projects/ChenGroup/OSMOSE-HRENYB-GIT/osmose-hrenyb-v4.4.1-xiangyan/input/calibration-parameters_0502_30.csv line 62)
osmose[warn] . . . Parameter already defined predation.ingestion.rate.max.sp3 = 20.2859341399713 (from /gpfs/projects/ChenGroup/OSMOSE-HRENYB-GIT/calibration_0506/master/calibration_parameters.osm line 62)
osmose[warn] . . . Osmose will ignore parameter predation.ingestion.rate.max.sp4 = 30.2452945208137 (from /gpfs/projects/ChenGroup/OSMOSE-HRENYB-GIT/osmose-hrenyb-v4.4.1-xiangyan/input/calibration-parameters_0502_30.csv line 63)
osmose[warn] . . . Parameter already defined predation.ingestion.rate.max.sp4 = 30.2452945208137 (from /gpfs/projects/ChenGroup/OSMOSE-HRENYB-GIT/calibration_0506/master/calibration_parameters.osm line 63)
osmose[warn] . . . Osmose will ignore parameter predation.ingestion.rate.max.sp5 = 36.3224232421672 (from /gpfs/projects/ChenGroup/OSMOSE-HRENYB-GIT/osmose-hrenyb-v4.4.1-xiangyan/input/calibration-parameters_0502_30.csv line 64)
osmose[warn] . . . Parameter already defined predation.ingestion.rate.max.sp5 = 36.3224232421672 (from /gpfs/projects/ChenGroup/OSMOSE-HRENYB-GIT/calibration_0506/master/calibration_parameters.osm line 64)
osmose[warn] . . . Osmose will ignore parameter predation.ingestion.rate.max.sp6 = 49.5866509091333 (from /gpfs/projects/ChenGroup/OSMOSE-HRENYB-GIT/osmose-hrenyb-v4.4.1-xiangyan/input/calibration-parameters_0502_30.csv line 65)
osmose[warn] . . . Parameter already defined predation.ingestion.rate.max.sp6 = 49.5866509091333 (from /gpfs/projects/ChenGroup/OSMOSE-HRENYB-GIT/calibration_0506/master/calibration_parameters.osm line 65)
osmose[warn] . . . Osmose will ignore parameter predation.ingestion.rate.max.sp7 = 3.37758830757062 (from /gpfs/projects/ChenGroup/OSMOSE-HRENYB-GIT/osmose-hrenyb-v4.4.1-xiangyan/input/calibration-parameters_0502_30.csv line 66)
osmose[warn] . . . Parameter already defined predation.ingestion.rate.max.sp7 = 3.37758830757062 (from /gpfs/projects/ChenGroup/OSMOSE-HRENYB-GIT/calibration_0506/master/calibration_parameters.osm line 66)
osmose[warn] . . . Osmose will ignore parameter predation.ingestion.rate.max.sp8 = 7.20565374073096 (from /gpfs/projects/ChenGroup/OSMOSE-HRENYB-GIT/osmose-hrenyb-v4.4.1-xiangyan/input/calibration-parameters_0502_30.csv line 67)
osmose[warn] . . . Parameter already defined predation.ingestion.rate.max.sp8 = 7.20565374073096 (from /gpfs/projects/ChenGroup/OSMOSE-HRENYB-GIT/calibration_0506/master/calibration_parameters.osm line 67)
osmose[warn] . . . Osmose will ignore parameter predation.ingestion.rate.max.sp9 = 3.88886103394367 (from /gpfs/projects/ChenGroup/OSMOSE-HRENYB-GIT/osmose-hrenyb-v4.4.1-xiangyan/input/calibration-parameters_0502_30.csv line 68)
osmose[warn] . . . Parameter already defined predation.ingestion.rate.max.sp9 = 3.88886103394367 (from /gpfs/projects/ChenGroup/OSMOSE-HRENYB-GIT/calibration_0506/master/calibration_parameters.osm line 68)
osmose[warn] . . . Osmose will ignore parameter predation.ingestion.rate.max.sp10 = 18.5111460151249 (from /gpfs/projects/ChenGroup/OSMOSE-HRENYB-GIT/osmose-hrenyb-v4.4.1-xiangyan/input/calibration-parameters_0502_30.csv line 69)
osmose[warn] . . . Parameter already defined predation.ingestion.rate.max.sp10 = 18.5111460151249 (from /gpfs/projects/ChenGroup/OSMOSE-HRENYB-GIT/calibration_0506/master/calibration_parameters.osm line 69)
osmose[warn] . . . Osmose will ignore parameter predation.ingestion.rate.max.sp11 = 17.2883673390967 (from /gpfs/projects/ChenGroup/OSMOSE-HRENYB-GIT/osmose-hrenyb-v4.4.1-xiangyan/input/calibration-parameters_0502_30.csv line 70)
osmose[warn] . . . Parameter already defined predation.ingestion.rate.max.sp11 = 17.2883673390967 (from /gpfs/projects/ChenGroup/OSMOSE-HRENYB-GIT/calibration_0506/master/calibration_parameters.osm line 70)
osmose[warn] . . . Osmose will ignore parameter predation.ingestion.rate.max.sp12 = 5.10513824731129 (from /gpfs/projects/ChenGroup/OSMOSE-HRENYB-GIT/osmose-hrenyb-v4.4.1-xiangyan/input/calibration-parameters_0502_30.csv line 71)
osmose[warn] . . . Parameter already defined predation.ingestion.rate.max.sp12 = 5.10513824731129 (from /gpfs/projects/ChenGroup/OSMOSE-HRENYB-GIT/calibration_0506/master/calibration_parameters.osm line 71)
osmose[warn] . . . Osmose will ignore parameter predation.ingestion.rate.max.sp13 = 18.4475355878404 (from /gpfs/projects/ChenGroup/OSMOSE-HRENYB-GIT/osmose-hrenyb-v4.4.1-xiangyan/input/calibration-parameters_0502_30.csv line 72)
osmose[warn] . . . Parameter already defined predation.ingestion.rate.max.sp13 = 18.4475355878404 (from /gpfs/projects/ChenGroup/OSMOSE-HRENYB-GIT/calibration_0506/master/calibration_parameters.osm line 72)
osmose[warn] . . . Osmose will ignore parameter predation.ingestion.rate.max.sp14 = 15.4896355511773 (from /gpfs/projects/ChenGroup/OSMOSE-HRENYB-GIT/osmose-hrenyb-v4.4.1-xiangyan/input/calibration-parameters_0502_30.csv line 73)
osmose[warn] . . . Parameter already defined predation.ingestion.rate.max.sp14 = 15.4896355511773 (from /gpfs/projects/ChenGroup/OSMOSE-HRENYB-GIT/calibration_0506/master/calibration_parameters.osm line 73)
osmose[warn] . . . Osmose will ignore parameter predation.ingestion.rate.max.sp15 = 13.4664660620286 (from /gpfs/projects/ChenGroup/OSMOSE-HRENYB-GIT/osmose-hrenyb-v4.4.1-xiangyan/input/calibration-parameters_0502_30.csv line 74)
osmose[warn] . . . Parameter already defined predation.ingestion.rate.max.sp15 = 13.4664660620286 (from /gpfs/projects/ChenGroup/OSMOSE-HRENYB-GIT/calibration_0506/master/calibration_parameters.osm line 74)
osmose[warn] . . . Osmose will ignore parameter predation.ingestion.rate.max.sp16 = 10.1902295549493 (from /gpfs/projects/ChenGroup/OSMOSE-HRENYB-GIT/osmose-hrenyb-v4.4.1-xiangyan/input/calibration-parameters_0502_30.csv line 75)
osmose[warn] . . . Parameter already defined predation.ingestion.rate.max.sp16 = 10.1902295549493 (from /gpfs/projects/ChenGroup/OSMOSE-HRENYB-GIT/calibration_0506/master/calibration_parameters.osm line 75)
osmose[warn] . . . Osmose will ignore parameter species.delta.lmax.factor.sp0 = 1.31512366270543 (from /gpfs/projects/ChenGroup/OSMOSE-HRENYB-GIT/osmose-hrenyb-v4.4.1-xiangyan/input/calibration-parameters_0502_30.csv line 76)
osmose[warn] . . . Parameter already defined species.delta.lmax.factor.sp0 = 1.42659997672452 (from /gpfs/projects/ChenGroup/OSMOSE-HRENYB-GIT/calibration_0506/master/calibration_parameters.osm line 76)
osmose[warn] . . . Osmose will ignore parameter species.delta.lmax.factor.sp1 = 1.16587791737176 (from /gpfs/projects/ChenGroup/OSMOSE-HRENYB-GIT/osmose-hrenyb-v4.4.1-xiangyan/input/calibration-parameters_0502_30.csv line 77)
osmose[warn] . . . Parameter already defined species.delta.lmax.factor.sp1 = 1.30472697709073 (from /gpfs/projects/ChenGroup/OSMOSE-HRENYB-GIT/calibration_0506/master/calibration_parameters.osm line 77)
osmose[warn] . . . Osmose will ignore parameter species.delta.lmax.factor.sp2 = 1.3723948080997 (from /gpfs/projects/ChenGroup/OSMOSE-HRENYB-GIT/osmose-hrenyb-v4.4.1-xiangyan/input/calibration-parameters_0502_30.csv line 78)
osmose[warn] . . . Parameter already defined species.delta.lmax.factor.sp2 = 1.09586327699776 (from /gpfs/projects/ChenGroup/OSMOSE-HRENYB-GIT/calibration_0506/master/calibration_parameters.osm line 78)
osmose[warn] . . . Osmose will ignore parameter species.delta.lmax.factor.sp3 = 1.31304196930663 (from /gpfs/projects/ChenGroup/OSMOSE-HRENYB-GIT/osmose-hrenyb-v4.4.1-xiangyan/input/calibration-parameters_0502_30.csv line 79)
osmose[warn] . . . Parameter already defined species.delta.lmax.factor.sp3 = 1.65587880938988 (from /gpfs/projects/ChenGroup/OSMOSE-HRENYB-GIT/calibration_0506/master/calibration_parameters.osm line 79)
osmose[warn] . . . Osmose will ignore parameter species.delta.lmax.factor.sp4 = 0.762221305004314 (from /gpfs/projects/ChenGroup/OSMOSE-HRENYB-GIT/osmose-hrenyb-v4.4.1-xiangyan/input/calibration-parameters_0502_30.csv line 80)
osmose[warn] . . . Parameter already defined species.delta.lmax.factor.sp4 = 0.802260943575912 (from /gpfs/projects/ChenGroup/OSMOSE-HRENYB-GIT/calibration_0506/master/calibration_parameters.osm line 80)
osmose[warn] . . . Osmose will ignore parameter species.delta.lmax.factor.sp5 = 1.67649240061222 (from /gpfs/projects/ChenGroup/OSMOSE-HRENYB-GIT/osmose-hrenyb-v4.4.1-xiangyan/input/calibration-parameters_0502_30.csv line 81)
osmose[warn] . . . Parameter already defined species.delta.lmax.factor.sp5 = 1.77294877017791 (from /gpfs/projects/ChenGroup/OSMOSE-HRENYB-GIT/calibration_0506/master/calibration_parameters.osm line 81)
osmose[warn] . . . Osmose will ignore parameter species.delta.lmax.factor.sp6 = 1.10273179377216 (from /gpfs/projects/ChenGroup/OSMOSE-HRENYB-GIT/osmose-hrenyb-v4.4.1-xiangyan/input/calibration-parameters_0502_30.csv line 82)
osmose[warn] . . . Parameter already defined species.delta.lmax.factor.sp6 = 0.900391416842742 (from /gpfs/projects/ChenGroup/OSMOSE-HRENYB-GIT/calibration_0506/master/calibration_parameters.osm line 82)
osmose[warn] . . . Osmose will ignore parameter species.delta.lmax.factor.sp7 = 0.970937704852346 (from /gpfs/projects/ChenGroup/OSMOSE-HRENYB-GIT/osmose-hrenyb-v4.4.1-xiangyan/input/calibration-parameters_0502_30.csv line 83)
osmose[warn] . . . Parameter already defined species.delta.lmax.factor.sp7 = 1.05206432659434 (from /gpfs/projects/ChenGroup/OSMOSE-HRENYB-GIT/calibration_0506/master/calibration_parameters.osm line 83)
osmose[warn] . . . Osmose will ignore parameter species.delta.lmax.factor.sp8 = 1.72001766932768 (from /gpfs/projects/ChenGroup/OSMOSE-HRENYB-GIT/osmose-hrenyb-v4.4.1-xiangyan/input/calibration-parameters_0502_30.csv line 84)
osmose[warn] . . . Parameter already defined species.delta.lmax.factor.sp8 = 1.84323258623592 (from /gpfs/projects/ChenGroup/OSMOSE-HRENYB-GIT/calibration_0506/master/calibration_parameters.osm line 84)
osmose[warn] . . . Osmose will ignore parameter species.delta.lmax.factor.sp9 = 1.36212907581016 (from /gpfs/projects/ChenGroup/OSMOSE-HRENYB-GIT/osmose-hrenyb-v4.4.1-xiangyan/input/calibration-parameters_0502_30.csv line 85)
osmose[warn] . . . Parameter already defined species.delta.lmax.factor.sp9 = 1.72973826311544 (from /gpfs/projects/ChenGroup/OSMOSE-HRENYB-GIT/calibration_0506/master/calibration_parameters.osm line 85)
osmose[warn] . . . Osmose will ignore parameter species.delta.lmax.factor.sp10 = 1.13486077089026 (from /gpfs/projects/ChenGroup/OSMOSE-HRENYB-GIT/osmose-hrenyb-v4.4.1-xiangyan/input/calibration-parameters_0502_30.csv line 86)
osmose[warn] . . . Parameter already defined species.delta.lmax.factor.sp10 = 1.32327632602196 (from /gpfs/projects/ChenGroup/OSMOSE-HRENYB-GIT/calibration_0506/master/calibration_parameters.osm line 86)
osmose[warn] . . . Osmose will ignore parameter species.delta.lmax.factor.sp11 = 1.37628894305 (from /gpfs/projects/ChenGroup/OSMOSE-HRENYB-GIT/osmose-hrenyb-v4.4.1-xiangyan/input/calibration-parameters_0502_30.csv line 87)
osmose[warn] . . . Parameter already defined species.delta.lmax.factor.sp11 = 1.88104345962454 (from /gpfs/projects/ChenGroup/OSMOSE-HRENYB-GIT/calibration_0506/master/calibration_parameters.osm line 87)
osmose[warn] . . . Osmose will ignore parameter species.delta.lmax.factor.sp12 = 1.94756565601653 (from /gpfs/projects/ChenGroup/OSMOSE-HRENYB-GIT/osmose-hrenyb-v4.4.1-xiangyan/input/calibration-parameters_0502_30.csv line 88)
osmose[warn] . . . Parameter already defined species.delta.lmax.factor.sp12 = 1.92525409779276 (from /gpfs/projects/ChenGroup/OSMOSE-HRENYB-GIT/calibration_0506/master/calibration_parameters.osm line 88)
osmose[warn] . . . Osmose will ignore parameter species.delta.lmax.factor.sp13 = 0.897217348855066 (from /gpfs/projects/ChenGroup/OSMOSE-HRENYB-GIT/osmose-hrenyb-v4.4.1-xiangyan/input/calibration-parameters_0502_30.csv line 89)
osmose[warn] . . . Parameter already defined species.delta.lmax.factor.sp13 = 0.730110705596481 (from /gpfs/projects/ChenGroup/OSMOSE-HRENYB-GIT/calibration_0506/master/calibration_parameters.osm line 89)
osmose[warn] . . . Osmose will ignore parameter species.delta.lmax.factor.sp14 = 1.7840331110122 (from /gpfs/projects/ChenGroup/OSMOSE-HRENYB-GIT/osmose-hrenyb-v4.4.1-xiangyan/input/calibration-parameters_0502_30.csv line 90)
osmose[warn] . . . Parameter already defined species.delta.lmax.factor.sp14 = 1.57460849223085 (from /gpfs/projects/ChenGroup/OSMOSE-HRENYB-GIT/calibration_0506/master/calibration_parameters.osm line 90)
osmose[warn] . . . Osmose will ignore parameter species.delta.lmax.factor.sp15 = 1.17875096683024 (from /gpfs/projects/ChenGroup/OSMOSE-HRENYB-GIT/osmose-hrenyb-v4.4.1-xiangyan/input/calibration-parameters_0502_30.csv line 91)
osmose[warn] . . . Parameter already defined species.delta.lmax.factor.sp15 = 0.828216663258692 (from /gpfs/projects/ChenGroup/OSMOSE-HRENYB-GIT/calibration_0506/master/calibration_parameters.osm line 91)
osmose[warn] . . . Osmose will ignore parameter species.delta.lmax.factor.sp16 = 0.972189722439779 (from /gpfs/projects/ChenGroup/OSMOSE-HRENYB-GIT/osmose-hrenyb-v4.4.1-xiangyan/input/calibration-parameters_0502_30.csv line 92)
osmose[warn] . . . Parameter already defined species.delta.lmax.factor.sp16 = 1.42022044030153 (from /gpfs/projects/ChenGroup/OSMOSE-HRENYB-GIT/calibration_0506/master/calibration_parameters.osm line 92)
osmose[warn] . . . Osmose will ignore parameter fisheries.rate.base.fsh0 = 0.497797556418868 (from /gpfs/projects/ChenGroup/OSMOSE-HRENYB-GIT/osmose-hrenyb-v4.4.1-xiangyan/input/calibration-parameters_0502_30.csv line 93)
osmose[warn] . . . Parameter already defined fisheries.rate.base.fsh0 = 0.219985021223085 (from /gpfs/projects/ChenGroup/OSMOSE-HRENYB-GIT/calibration_0506/master/calibration_parameters.osm line 93)
osmose[warn] . . . Osmose will ignore parameter fisheries.rate.byperiod.fsh0 = 0.360000000000001,0.41,0.38,0.47,0.47,0.47,0.58,0.56,0.59,0.95,0.73,0.61,0.61,0.66,0.51,0.48,0.48,0.47,0.57,0.25 (from /gpfs/projects/ChenGroup/OSMOSE-HRENYB-GIT/osmose-hrenyb-v4.4.1-xiangyan/input/calibration-parameters_0502_30.csv line 94)
osmose[warn] . . . Parameter already defined fisheries.rate.byperiod.fsh0 = 0.360000000000001,0.41,0.38,0.47,0.47,0.47,0.58,0.56,0.59,0.95,0.73,0.61,0.61,0.66,0.51,0.48,0.48,0.47,0.57,0.25 (from /gpfs/projects/ChenGroup/OSMOSE-HRENYB-GIT/calibration_0506/master/calibration_parameters.osm line 94)
osmose[warn] . . . Osmose will ignore parameter fisheries.selectivity.l50.fsh0 = 20 (from /gpfs/projects/ChenGroup/OSMOSE-HRENYB-GIT/osmose-hrenyb-v4.4.1-xiangyan/input/calibration-parameters_0502_30.csv line 95)
osmose[warn] . . . Parameter already defined fisheries.selectivity.l50.fsh0 = 20 (from /gpfs/projects/ChenGroup/OSMOSE-HRENYB-GIT/calibration_0506/master/calibration_parameters.osm line 95)
osmose[warn] . . . Osmose will ignore parameter fisheries.rate.base.fsh1 = 8.17206064798701 (from /gpfs/projects/ChenGroup/OSMOSE-HRENYB-GIT/osmose-hrenyb-v4.4.1-xiangyan/input/calibration-parameters_0502_30.csv line 96)
osmose[warn] . . . Parameter already defined fisheries.rate.base.fsh1 = 3.44746748854094 (from /gpfs/projects/ChenGroup/OSMOSE-HRENYB-GIT/calibration_0506/master/calibration_parameters.osm line 96)
osmose[warn] . . . Osmose will ignore parameter fisheries.rate.byperiod.fsh1 = 0.666843794137576,0.407568895,0.683218379,0.926136894,0.963979584,0.474757091,0.810183333,0.694083773,0.616278709,0.940817079,0.404740695,0.490459194,0.201217805,0.229032415,0.61781242,0.282906222,0.498191511,0.774836319,0.624497079,0.29314491 (from /gpfs/projects/ChenGroup/OSMOSE-HRENYB-GIT/osmose-hrenyb-v4.4.1-xiangyan/input/calibration-parameters_0502_30.csv line 97)
osmose[warn] . . . Parameter already defined fisheries.rate.byperiod.fsh1 = 0.815807129166484,0.574834337483026,0.679739978538784,0.773972492504772,0.483149257213978,0.783060929930215,0.831723818955667,0.332368422897588,0.588636247600327,0.424004504781997,0.194671633462844,0.23017185263195,0.468579739226627,0.572660863179537,0.856319794779203,0.21914780820296,0.415614626375953,0.768325078867454,0.777929259990943,0.313234695674386 (from /gpfs/projects/ChenGroup/OSMOSE-HRENYB-GIT/calibration_0506/master/calibration_parameters.osm line 97)
osmose[warn] . . . Osmose will ignore parameter fisheries.selectivity.l50.fsh1 = 34.44 (from /gpfs/projects/ChenGroup/OSMOSE-HRENYB-GIT/osmose-hrenyb-v4.4.1-xiangyan/input/calibration-parameters_0502_30.csv line 98)
osmose[warn] . . . Parameter already defined fisheries.selectivity.l50.fsh1 = 34.44 (from /gpfs/projects/ChenGroup/OSMOSE-HRENYB-GIT/calibration_0506/master/calibration_parameters.osm line 98)
osmose[warn] . . . Osmose will ignore parameter fisheries.rate.base.fsh2 = 10.564748497549 (from /gpfs/projects/ChenGroup/OSMOSE-HRENYB-GIT/osmose-hrenyb-v4.4.1-xiangyan/input/calibration-parameters_0502_30.csv line 99)
osmose[warn] . . . Parameter already defined fisheries.rate.base.fsh2 = 14.2598320042874 (from /gpfs/projects/ChenGroup/OSMOSE-HRENYB-GIT/calibration_0506/master/calibration_parameters.osm line 99)
osmose[warn] . . . Osmose will ignore parameter fisheries.rate.byperiod.fsh2 = 0.54,0.63,0.65,0.57,0.57,0.51,0.54,0.55,0.48,0.65,0.73,0.4,0.58,0.54,0.4,0.3,0.33,0.51,0.36,0.39 (from /gpfs/projects/ChenGroup/OSMOSE-HRENYB-GIT/osmose-hrenyb-v4.4.1-xiangyan/input/calibration-parameters_0502_30.csv line 100)
osmose[warn] . . . Parameter already defined fisheries.rate.byperiod.fsh2 = 0.54,0.63,0.65,0.57,0.57,0.51,0.54,0.55,0.48,0.65,0.73,0.4,0.58,0.54,0.4,0.299999999999999,0.33,0.51,0.360000000000001,0.39 (from /gpfs/projects/ChenGroup/OSMOSE-HRENYB-GIT/calibration_0506/master/calibration_parameters.osm line 100)
osmose[warn] . . . Osmose will ignore parameter fisheries.selectivity.l50.fsh2 = 41.91 (from /gpfs/projects/ChenGroup/OSMOSE-HRENYB-GIT/osmose-hrenyb-v4.4.1-xiangyan/input/calibration-parameters_0502_30.csv line 101)
osmose[warn] . . . Parameter already defined fisheries.selectivity.l50.fsh2 = 41.91 (from /gpfs/projects/ChenGroup/OSMOSE-HRENYB-GIT/calibration_0506/master/calibration_parameters.osm line 101)
osmose[warn] . . . Osmose will ignore parameter fisheries.rate.base.fsh3 = 0.582284990481953 (from /gpfs/projects/ChenGroup/OSMOSE-HRENYB-GIT/osmose-hrenyb-v4.4.1-xiangyan/input/calibration-parameters_0502_30.csv line 102)
osmose[warn] . . . Parameter already defined fisheries.rate.base.fsh3 = 0.092550379060429 (from /gpfs/projects/ChenGroup/OSMOSE-HRENYB-GIT/calibration_0506/master/calibration_parameters.osm line 102)
osmose[warn] . . . Osmose will ignore parameter fisheries.rate.byperiod.fsh3 = 0.270000000000001,0.14,0.1,0.14,0.12,0.07,0.09,0.09,0.05,0.06,0.08,0.08,0.08,0.11,0.09,0.12,0.09,0.1,0.08,0.09 (from /gpfs/projects/ChenGroup/OSMOSE-HRENYB-GIT/osmose-hrenyb-v4.4.1-xiangyan/input/calibration-parameters_0502_30.csv line 103)
osmose[warn] . . . Parameter already defined fisheries.rate.byperiod.fsh3 = 0.270000000000001,0.14,0.0999999999999996,0.14,0.12,0.0699999999999999,0.0900000000000002,0.0900000000000002,0.0500000000000001,0.0599999999999998,0.0799999999999996,0.0799999999999996,0.0799999999999996,0.11,0.0900000000000002,0.12,0.0900000000000002,0.0999999999999996,0.0799999999999996,0.0900000000000002 (from /gpfs/projects/ChenGroup/OSMOSE-HRENYB-GIT/calibration_0506/master/calibration_parameters.osm line 103)
osmose[warn] . . . Osmose will ignore parameter fisheries.selectivity.l50.fsh3 = 25.4 (from /gpfs/projects/ChenGroup/OSMOSE-HRENYB-GIT/osmose-hrenyb-v4.4.1-xiangyan/input/calibration-parameters_0502_30.csv line 104)
osmose[warn] . . . Parameter already defined fisheries.selectivity.l50.fsh3 = 25.4 (from /gpfs/projects/ChenGroup/OSMOSE-HRENYB-GIT/calibration_0506/master/calibration_parameters.osm line 104)
osmose[warn] . . . Osmose will ignore parameter fisheries.rate.base.fsh4 = 0.402815443296603 (from /gpfs/projects/ChenGroup/OSMOSE-HRENYB-GIT/osmose-hrenyb-v4.4.1-xiangyan/input/calibration-parameters_0502_30.csv line 105)
osmose[warn] . . . Parameter already defined fisheries.rate.base.fsh4 = 0.177904112892747 (from /gpfs/projects/ChenGroup/OSMOSE-HRENYB-GIT/calibration_0506/master/calibration_parameters.osm line 105)
osmose[warn] . . . Osmose will ignore parameter fisheries.rate.byperiod.fsh4 = 0.0479999999999998,0.04,0.035,0.019,0.023,0.018,0.021,0.026,0.021,0.026,0.019,0.03,0.032,0.03,0.046,0.033,0.044,0.038,0.031,0.042 (from /gpfs/projects/ChenGroup/OSMOSE-HRENYB-GIT/osmose-hrenyb-v4.4.1-xiangyan/input/calibration-parameters_0502_30.csv line 106)
osmose[warn] . . . Parameter already defined fisheries.rate.byperiod.fsh4 = 0.0479999999999998,0.04,0.0350000000000001,0.0189999999999999,0.0229999999999999,0.0180000000000001,0.0210000000000001,0.0259999999999999,0.0210000000000001,0.0259999999999999,0.0189999999999999,0.0300000000000001,0.032,0.0300000000000001,0.0460000000000001,0.0329999999999999,0.0439999999999998,0.0380000000000001,0.031,0.0419999999999999 (from /gpfs/projects/ChenGroup/OSMOSE-HRENYB-GIT/calibration_0506/master/calibration_parameters.osm line 106)
osmose[warn] . . . Osmose will ignore parameter fisheries.selectivity.l50.fsh4 = 105 (from /gpfs/projects/ChenGroup/OSMOSE-HRENYB-GIT/osmose-hrenyb-v4.4.1-xiangyan/input/calibration-parameters_0502_30.csv line 107)
osmose[warn] . . . Parameter already defined fisheries.selectivity.l50.fsh4 = 105 (from /gpfs/projects/ChenGroup/OSMOSE-HRENYB-GIT/calibration_0506/master/calibration_parameters.osm line 107)
osmose[warn] . . . Osmose will ignore parameter fisheries.rate.base.fsh5 = 1.52516308320913 (from /gpfs/projects/ChenGroup/OSMOSE-HRENYB-GIT/osmose-hrenyb-v4.4.1-xiangyan/input/calibration-parameters_0502_30.csv line 108)
osmose[warn] . . . Parameter already defined fisheries.rate.base.fsh5 = 0.936220127615984 (from /gpfs/projects/ChenGroup/OSMOSE-HRENYB-GIT/calibration_0506/master/calibration_parameters.osm line 108)
osmose[warn] . . . Osmose will ignore parameter fisheries.rate.byperiod.fsh5 = 0.177,0.174,0.174,0.191,0.233,0.226,0.257,0.19,0.22,0.204,0.24,0.243,0.232,0.334,0.252,0.215,0.262,0.305,0.284,0.284 (from /gpfs/projects/ChenGroup/OSMOSE-HRENYB-GIT/osmose-hrenyb-v4.4.1-xiangyan/input/calibration-parameters_0502_30.csv line 109)
osmose[warn] . . . Parameter already defined fisheries.rate.byperiod.fsh5 = 0.177,0.174,0.174,0.190999999999999,0.232999999999999,0.226,0.256999999999999,0.19,0.219999999999999,0.204,0.239999999999999,0.243,0.231999999999999,0.333999999999999,0.252000000000001,0.215000000000001,0.262,0.304999999999999,0.284,0.284 (from /gpfs/projects/ChenGroup/OSMOSE-HRENYB-GIT/calibration_0506/master/calibration_parameters.osm line 109)
osmose[warn] . . . Osmose will ignore parameter fisheries.selectivity.l50.fsh5 = 71.1 (from /gpfs/projects/ChenGroup/OSMOSE-HRENYB-GIT/osmose-hrenyb-v4.4.1-xiangyan/input/calibration-parameters_0502_30.csv line 110)
osmose[warn] . . . Parameter already defined fisheries.selectivity.l50.fsh5 = 71.1 (from /gpfs/projects/ChenGroup/OSMOSE-HRENYB-GIT/calibration_0506/master/calibration_parameters.osm line 110)
osmose[warn] . . . Osmose will ignore parameter fisheries.rate.base.fsh6 = 0.38242124867546 (from /gpfs/projects/ChenGroup/OSMOSE-HRENYB-GIT/osmose-hrenyb-v4.4.1-xiangyan/input/calibration-parameters_0502_30.csv line 111)
osmose[warn] . . . Parameter already defined fisheries.rate.base.fsh6 = 0.627154362694722 (from /gpfs/projects/ChenGroup/OSMOSE-HRENYB-GIT/calibration_0506/master/calibration_parameters.osm line 111)
osmose[warn] . . . Osmose will ignore parameter fisheries.rate.byperiod.fsh6 = 0.0901214942858891,0.101083796,0.124887655,0.098759174,0.118507638,0.107502573,0.100621319,0.136757669,0.099760892,0.146653082,0.124967591,0.086803259,0.186324655,0.100694762,0.1320821,0.100971942,0.126023388,0.130066659,0.189045312,0.15130399 (from /gpfs/projects/ChenGroup/OSMOSE-HRENYB-GIT/osmose-hrenyb-v4.4.1-xiangyan/input/calibration-parameters_0502_30.csv line 112)
osmose[warn] . . . Parameter already defined fisheries.rate.byperiod.fsh6 = 0.100344895697545,0.0985303106663764,0.179131978802465,0.103769671744038,0.153049046297994,0.121007092586369,0.102695140558088,0.102564894998465,0.104715118145982,0.114079711595074,0.144587148096929,0.0992202813704112,0.177365319588357,0.0830732906773298,0.129788511036701,0.0920478666845374,0.161855193794614,0.101934780496981,0.0987782018279875,0.0985425131790114 (from /gpfs/projects/ChenGroup/OSMOSE-HRENYB-GIT/calibration_0506/master/calibration_parameters.osm line 112)
osmose[warn] . . . Osmose will ignore parameter fisheries.selectivity.l50.fsh6 = 43.2 (from /gpfs/projects/ChenGroup/OSMOSE-HRENYB-GIT/osmose-hrenyb-v4.4.1-xiangyan/input/calibration-parameters_0502_30.csv line 113)
osmose[warn] . . . Parameter already defined fisheries.selectivity.l50.fsh6 = 43.2 (from /gpfs/projects/ChenGroup/OSMOSE-HRENYB-GIT/calibration_0506/master/calibration_parameters.osm line 113)
osmose[warn] . . . Osmose will ignore parameter fisheries.rate.base.fsh7 = 5.62404169183403 (from /gpfs/projects/ChenGroup/OSMOSE-HRENYB-GIT/osmose-hrenyb-v4.4.1-xiangyan/input/calibration-parameters_0502_30.csv line 114)
osmose[warn] . . . Parameter already defined fisheries.rate.base.fsh7 = 5.57369356184749 (from /gpfs/projects/ChenGroup/OSMOSE-HRENYB-GIT/calibration_0506/master/calibration_parameters.osm line 114)
osmose[warn] . . . Osmose will ignore parameter fisheries.rate.byperiod.fsh7 = 0.55,0.66,0.58,0.55,0.45,0.37,0.48,0.38,0.28,0.126,0.076,0.097,0.121,0.178,0.173,0.175,0.187,0.167,0.125,0.092 (from /gpfs/projects/ChenGroup/OSMOSE-HRENYB-GIT/osmose-hrenyb-v4.4.1-xiangyan/input/calibration-parameters_0502_30.csv line 115)
osmose[warn] . . . Parameter already defined fisheries.rate.byperiod.fsh7 = 0.55,0.66,0.58,0.55,0.45,0.37,0.48,0.38,0.279999999999999,0.126,0.0759999999999997,0.0970000000000004,0.121,0.178,0.173,0.175000000000001,0.187,0.167,0.124999999999999,0.0919999999999997 (from /gpfs/projects/ChenGroup/OSMOSE-HRENYB-GIT/calibration_0506/master/calibration_parameters.osm line 115)
osmose[warn] . . . Osmose will ignore parameter fisheries.selectivity.l50.fsh7 = 30.5 (from /gpfs/projects/ChenGroup/OSMOSE-HRENYB-GIT/osmose-hrenyb-v4.4.1-xiangyan/input/calibration-parameters_0502_30.csv line 116)
osmose[warn] . . . Parameter already defined fisheries.selectivity.l50.fsh7 = 30.5 (from /gpfs/projects/ChenGroup/OSMOSE-HRENYB-GIT/calibration_0506/master/calibration_parameters.osm line 116)
osmose[warn] . . . Osmose will ignore parameter fisheries.rate.base.fsh8 = 0.734916067778058 (from /gpfs/projects/ChenGroup/OSMOSE-HRENYB-GIT/osmose-hrenyb-v4.4.1-xiangyan/input/calibration-parameters_0502_30.csv line 117)
osmose[warn] . . . Parameter already defined fisheries.rate.base.fsh8 = 0.15664019953179 (from /gpfs/projects/ChenGroup/OSMOSE-HRENYB-GIT/calibration_0506/master/calibration_parameters.osm line 117)
osmose[warn] . . . Osmose will ignore parameter fisheries.rate.byperiod.fsh8 = 0.124999999999999,0.125,0.16,0.103,0.242,0.3,0.16,0.115,0.16,0.16,0.104,0.156,0.14,0.103,0.178,0.178,0.253,0.224,0.224,0.195 (from /gpfs/projects/ChenGroup/OSMOSE-HRENYB-GIT/osmose-hrenyb-v4.4.1-xiangyan/input/calibration-parameters_0502_30.csv line 118)
osmose[warn] . . . Parameter already defined fisheries.rate.byperiod.fsh8 = 0.124999999999999,0.124999999999999,0.16,0.103,0.242,0.299999999999999,0.16,0.115,0.16,0.16,0.104,0.156,0.14,0.103,0.178,0.178,0.252999999999999,0.223999999999999,0.223999999999999,0.195 (from /gpfs/projects/ChenGroup/OSMOSE-HRENYB-GIT/calibration_0506/master/calibration_parameters.osm line 118)
osmose[warn] . . . Osmose will ignore parameter fisheries.selectivity.l50.fsh8 = 16.5 (from /gpfs/projects/ChenGroup/OSMOSE-HRENYB-GIT/osmose-hrenyb-v4.4.1-xiangyan/input/calibration-parameters_0502_30.csv line 119)
osmose[warn] . . . Parameter already defined fisheries.selectivity.l50.fsh8 = 16.5 (from /gpfs/projects/ChenGroup/OSMOSE-HRENYB-GIT/calibration_0506/master/calibration_parameters.osm line 119)
osmose[warn] . . . Osmose will ignore parameter fisheries.rate.base.fsh9 = 0.673353996761027 (from /gpfs/projects/ChenGroup/OSMOSE-HRENYB-GIT/osmose-hrenyb-v4.4.1-xiangyan/input/calibration-parameters_0502_30.csv line 120)
osmose[warn] . . . Parameter already defined fisheries.rate.base.fsh9 = 1.01589066636146 (from /gpfs/projects/ChenGroup/OSMOSE-HRENYB-GIT/calibration_0506/master/calibration_parameters.osm line 120)
osmose[warn] . . . Osmose will ignore parameter fisheries.rate.byperiod.fsh9 = 0.695,0.464,0.424,0.407,0.436,0.457,0.337,0.257,0.329,0.349,0.389,0.46,0.43,0.473,0.439,0.427,0.428,0.345,0.304,0.37 (from /gpfs/projects/ChenGroup/OSMOSE-HRENYB-GIT/osmose-hrenyb-v4.4.1-xiangyan/input/calibration-parameters_0502_30.csv line 121)
osmose[warn] . . . Parameter already defined fisheries.rate.byperiod.fsh9 = 0.695,0.464,0.424,0.407,0.436,0.457,0.336999999999998,0.256999999999999,0.328999999999998,0.349,0.389,0.46,0.43,0.473,0.439,0.427,0.428,0.344999999999999,0.303999999999999,0.37 (from /gpfs/projects/ChenGroup/OSMOSE-HRENYB-GIT/calibration_0506/master/calibration_parameters.osm line 121)
osmose[warn] . . . Osmose will ignore parameter fisheries.selectivity.l50.fsh9 = 49.53 (from /gpfs/projects/ChenGroup/OSMOSE-HRENYB-GIT/osmose-hrenyb-v4.4.1-xiangyan/input/calibration-parameters_0502_30.csv line 122)
osmose[warn] . . . Parameter already defined fisheries.selectivity.l50.fsh9 = 49.53 (from /gpfs/projects/ChenGroup/OSMOSE-HRENYB-GIT/calibration_0506/master/calibration_parameters.osm line 122)
osmose[warn] . . . Osmose will ignore parameter fisheries.rate.base.fsh10 = 1.1261359375087 (from /gpfs/projects/ChenGroup/OSMOSE-HRENYB-GIT/osmose-hrenyb-v4.4.1-xiangyan/input/calibration-parameters_0502_30.csv line 123)
osmose[warn] . . . Parameter already defined fisheries.rate.base.fsh10 = 0.883334520169386 (from /gpfs/projects/ChenGroup/OSMOSE-HRENYB-GIT/calibration_0506/master/calibration_parameters.osm line 123)
osmose[warn] . . . Osmose will ignore parameter fisheries.rate.byperiod.fsh10 = 0.120058805682946,0.111608581,0.096562331,0.085726795,0.09702004,0.149642734,0.114866944,0.083480123,0.12257088,0.194823922,0.138515213,0.117414872,0.120536995,0.119325192,0.104871295,0.111147116,0.101415021,0.164719133,0.083719106,0.107205816 (from /gpfs/projects/ChenGroup/OSMOSE-HRENYB-GIT/osmose-hrenyb-v4.4.1-xiangyan/input/calibration-parameters_0502_30.csv line 124)
osmose[warn] . . . Parameter already defined fisheries.rate.byperiod.fsh10 = 0.130880736148597,0.144948402339637,0.0995982047518332,0.155519715683823,0.16661382683146,0.118804490614088,0.121806694490436,0.108941154547776,0.189216757502236,0.152658176398726,0.171485900705579,0.104121403444122,0.157479246733093,0.117641487725416,0.124924358211465,0.103698925139953,0.176419298905308,0.124706408884014,0.0921290830028075,0.109954872589651 (from /gpfs/projects/ChenGroup/OSMOSE-HRENYB-GIT/calibration_0506/master/calibration_parameters.osm line 124)
osmose[warn] . . . Osmose will ignore parameter fisheries.selectivity.l50.fsh10 = 45 (from /gpfs/projects/ChenGroup/OSMOSE-HRENYB-GIT/osmose-hrenyb-v4.4.1-xiangyan/input/calibration-parameters_0502_30.csv line 125)
osmose[warn] . . . Parameter already defined fisheries.selectivity.l50.fsh10 = 45 (from /gpfs/projects/ChenGroup/OSMOSE-HRENYB-GIT/calibration_0506/master/calibration_parameters.osm line 125)
osmose[warn] . . . Osmose will ignore parameter fisheries.rate.base.fsh11 = 0.410001779842759 (from /gpfs/projects/ChenGroup/OSMOSE-HRENYB-GIT/osmose-hrenyb-v4.4.1-xiangyan/input/calibration-parameters_0502_30.csv line 126)
osmose[warn] . . . Parameter already defined fisheries.rate.base.fsh11 = 0.721522172788069 (from /gpfs/projects/ChenGroup/OSMOSE-HRENYB-GIT/calibration_0506/master/calibration_parameters.osm line 126)
osmose[warn] . . . Osmose will ignore parameter fisheries.rate.byperiod.fsh11 = 0.396640869046646,0.621878436,0.613613621,0.352919231,0.579044393,0.58564371,0.590816901,1.220678508,0.608937086,1.815874902,1.217487952,0.695619683,1.049220923,0.842585525,0.620108803,1.607503943,0.494880439,0.525979641,0.779684657,1.312480289 (from /gpfs/projects/ChenGroup/OSMOSE-HRENYB-GIT/osmose-hrenyb-v4.4.1-xiangyan/input/calibration-parameters_0502_30.csv line 127)
osmose[warn] . . . Parameter already defined fisheries.rate.byperiod.fsh11 = 0.458017032317408,0.820481096241913,0.584762422785227,0.59625039851514,0.465070706590623,1.17823814658932,1.8088784166893,1.08758061882284,0.988881218922536,0.845400511529444,0.940267443025534,0.495184088481967,0.917012394614166,0.638102572230997,0.566913156605048,1.68482776676843,0.484688243546805,0.888296887157098,0.904560236481588,1.08507588430751 (from /gpfs/projects/ChenGroup/OSMOSE-HRENYB-GIT/calibration_0506/master/calibration_parameters.osm line 127)
osmose[warn] . . . Osmose will ignore parameter fisheries.selectivity.l50.fsh11 = 27.84 (from /gpfs/projects/ChenGroup/OSMOSE-HRENYB-GIT/osmose-hrenyb-v4.4.1-xiangyan/input/calibration-parameters_0502_30.csv line 128)
osmose[warn] . . . Parameter already defined fisheries.selectivity.l50.fsh11 = 27.84 (from /gpfs/projects/ChenGroup/OSMOSE-HRENYB-GIT/calibration_0506/master/calibration_parameters.osm line 128)
osmose[warn] . . . Osmose will ignore parameter fisheries.rate.base.fsh12 = 0.0386759017037954 (from /gpfs/projects/ChenGroup/OSMOSE-HRENYB-GIT/osmose-hrenyb-v4.4.1-xiangyan/input/calibration-parameters_0502_30.csv line 129)
osmose[warn] . . . Parameter already defined fisheries.rate.base.fsh12 = 0.198744803663546 (from /gpfs/projects/ChenGroup/OSMOSE-HRENYB-GIT/calibration_0506/master/calibration_parameters.osm line 129)
osmose[warn] . . . Osmose will ignore parameter fisheries.rate.byperiod.fsh12 = 0.101,0.177,0.106,0.101,0.058,0.035,0.05,0.026,0.05,0.038,0.031,0.066,0.051,0.059,0.224,0.142,0.117,0.218,0.121,0.195 (from /gpfs/projects/ChenGroup/OSMOSE-HRENYB-GIT/osmose-hrenyb-v4.4.1-xiangyan/input/calibration-parameters_0502_30.csv line 130)
osmose[warn] . . . Parameter already defined fisheries.rate.byperiod.fsh12 = 0.101,0.177,0.106,0.101,0.0579999999999999,0.0350000000000001,0.0500000000000001,0.0259999999999999,0.0500000000000001,0.0380000000000001,0.031,0.0660000000000001,0.0510000000000001,0.0589999999999998,0.223999999999999,0.141999999999999,0.117,0.218,0.121,0.195 (from /gpfs/projects/ChenGroup/OSMOSE-HRENYB-GIT/calibration_0506/master/calibration_parameters.osm line 130)
osmose[warn] . . . Osmose will ignore parameter fisheries.selectivity.l50.fsh12 = 5 (from /gpfs/projects/ChenGroup/OSMOSE-HRENYB-GIT/osmose-hrenyb-v4.4.1-xiangyan/input/calibration-parameters_0502_30.csv line 131)
osmose[warn] . . . Parameter already defined fisheries.selectivity.l50.fsh12 = 5 (from /gpfs/projects/ChenGroup/OSMOSE-HRENYB-GIT/calibration_0506/master/calibration_parameters.osm line 131)
osmose[warn] . . . Osmose will ignore parameter fisheries.rate.base.fsh13 = 0.52112874458469 (from /gpfs/projects/ChenGroup/OSMOSE-HRENYB-GIT/osmose-hrenyb-v4.4.1-xiangyan/input/calibration-parameters_0502_30.csv line 132)
osmose[warn] . . . Parameter already defined fisheries.rate.base.fsh13 = 0.150550889752569 (from /gpfs/projects/ChenGroup/OSMOSE-HRENYB-GIT/calibration_0506/master/calibration_parameters.osm line 132)
osmose[warn] . . . Osmose will ignore parameter fisheries.rate.byperiod.fsh13 = 0.138,0.202,0.227,0.247,0.224,0.378,0.362,0.352,0.242,0.344,0.276,0.215,0.296,0.185,0.248,0.197,0.222,0.183,0.224,0.455 (from /gpfs/projects/ChenGroup/OSMOSE-HRENYB-GIT/osmose-hrenyb-v4.4.1-xiangyan/input/calibration-parameters_0502_30.csv line 133)
osmose[warn] . . . Parameter already defined fisheries.rate.byperiod.fsh13 = 0.138,0.202,0.227000000000001,0.247,0.223999999999999,0.378,0.361999999999999,0.352,0.242,0.344,0.275999999999999,0.215000000000001,0.295999999999999,0.185,0.248000000000001,0.197,0.221999999999999,0.182999999999999,0.223999999999999,0.455 (from /gpfs/projects/ChenGroup/OSMOSE-HRENYB-GIT/calibration_0506/master/calibration_parameters.osm line 133)
osmose[warn] . . . Osmose will ignore parameter fisheries.selectivity.l50.fsh13 = 21 (from /gpfs/projects/ChenGroup/OSMOSE-HRENYB-GIT/osmose-hrenyb-v4.4.1-xiangyan/input/calibration-parameters_0502_30.csv line 134)
osmose[warn] . . . Parameter already defined fisheries.selectivity.l50.fsh13 = 21 (from /gpfs/projects/ChenGroup/OSMOSE-HRENYB-GIT/calibration_0506/master/calibration_parameters.osm line 134)
osmose[warn] . . . Osmose will ignore parameter fisheries.rate.base.fsh14 = 5.9829724590599 (from /gpfs/projects/ChenGroup/OSMOSE-HRENYB-GIT/osmose-hrenyb-v4.4.1-xiangyan/input/calibration-parameters_0502_30.csv line 135)
osmose[warn] . . . Parameter already defined fisheries.rate.base.fsh14 = 2.84394758299303 (from /gpfs/projects/ChenGroup/OSMOSE-HRENYB-GIT/calibration_0506/master/calibration_parameters.osm line 135)
osmose[warn] . . . Osmose will ignore parameter fisheries.rate.byperiod.fsh14 = 0.175910000000001,0.1878,0.16361,0.15123,0.1758,0.18097,0.21972,0.19134,0.16115,0.16043,0.22015,0.21097,0.16686,0.12222,0.16163,0.20792,0.21792,0.19764,0.2396,0.31001 (from /gpfs/projects/ChenGroup/OSMOSE-HRENYB-GIT/osmose-hrenyb-v4.4.1-xiangyan/input/calibration-parameters_0502_30.csv line 136)
osmose[warn] . . . Parameter already defined fisheries.rate.byperiod.fsh14 = 0.175910000000001,0.187800000000001,0.16361,0.15123,0.1758,0.18097,0.219719999999999,0.191339999999999,0.16115,0.16043,0.220150000000001,0.210969999999999,0.16686,0.12222,0.16163,0.20792,0.21792,0.19764,0.239600000000001,0.31001 (from /gpfs/projects/ChenGroup/OSMOSE-HRENYB-GIT/calibration_0506/master/calibration_parameters.osm line 136)
osmose[warn] . . . Osmose will ignore parameter fisheries.selectivity.l50.fsh14 = 26.5 (from /gpfs/projects/ChenGroup/OSMOSE-HRENYB-GIT/osmose-hrenyb-v4.4.1-xiangyan/input/calibration-parameters_0502_30.csv line 137)
osmose[warn] . . . Parameter already defined fisheries.selectivity.l50.fsh14 = 26.5 (from /gpfs/projects/ChenGroup/OSMOSE-HRENYB-GIT/calibration_0506/master/calibration_parameters.osm line 137)
osmose[warn] . . Osmose will ignore parameter species.accessibility2fish.sp17 = 0.03505406859764 (from /gpfs/projects/ChenGroup/OSMOSE-HRENYB-GIT/osmose-hrenyb-v4.4.1-xiangyan/osmose-hrenyb_0428.R line 226)
osmose[warn] . . Parameter already defined species.accessibility2fish.sp17 = 0.000169548126222453 (from /gpfs/projects/ChenGroup/OSMOSE-HRENYB-GIT/calibration_0506/master/calibration_parameters.osm line 1)
osmose[warn] . . Osmose will ignore parameter species.accessibility2fish.sp18 = 0.0316690568898034 (from /gpfs/projects/ChenGroup/OSMOSE-HRENYB-GIT/osmose-hrenyb-v4.4.1-xiangyan/osmose-hrenyb_0428.R line 227)
osmose[warn] . . Parameter already defined species.accessibility2fish.sp18 = 0.352780694785552 (from /gpfs/projects/ChenGroup/OSMOSE-HRENYB-GIT/calibration_0506/master/calibration_parameters.osm line 2)
osmose[warn] . . Osmose will ignore parameter species.accessibility2fish.sp19 = 0.5 (from /gpfs/projects/ChenGroup/OSMOSE-HRENYB-GIT/osmose-hrenyb-v4.4.1-xiangyan/osmose-hrenyb_0428.R line 229)
osmose[warn] . . Parameter already defined species.accessibility2fish.sp19 = 0.999899617773633 (from /gpfs/projects/ChenGroup/OSMOSE-HRENYB-GIT/calibration_0506/master/calibration_parameters.osm line 3)
osmose[warn] . . Osmose will ignore parameter species.accessibility2fish.sp20 = 0.0563422613350325 (from /gpfs/projects/ChenGroup/OSMOSE-HRENYB-GIT/osmose-hrenyb-v4.4.1-xiangyan/osmose-hrenyb_0428.R line 230)
osmose[warn] . . Parameter already defined species.accessibility2fish.sp20 = 0.703050262764878 (from /gpfs/projects/ChenGroup/OSMOSE-HRENYB-GIT/calibration_0506/master/calibration_parameters.osm line 4)
osmose[warn] . . Osmose will ignore parameter species.accessibility2fish.sp21 = 0.339110018009877 (from /gpfs/projects/ChenGroup/OSMOSE-HRENYB-GIT/osmose-hrenyb-v4.4.1-xiangyan/osmose-hrenyb_0428.R line 231)
osmose[warn] . . Parameter already defined species.accessibility2fish.sp21 = 0.358779877808295 (from /gpfs/projects/ChenGroup/OSMOSE-HRENYB-GIT/calibration_0506/master/calibration_parameters.osm line 5)
osmose[warn] . . Osmose will ignore parameter species.accessibility2fish.sp22 = 0.0464219829591125 (from /gpfs/projects/ChenGroup/OSMOSE-HRENYB-GIT/osmose-hrenyb-v4.4.1-xiangyan/osmose-hrenyb_0428.R line 232)
osmose[warn] . . Parameter already defined species.accessibility2fish.sp22 = 0.179574657313532 (from /gpfs/projects/ChenGroup/OSMOSE-HRENYB-GIT/calibration_0506/master/calibration_parameters.osm line 6)
osmose[warn] . . Osmose will ignore parameter species.accessibility2fish.sp23 = 0.5 (from /gpfs/projects/ChenGroup/OSMOSE-HRENYB-GIT/osmose-hrenyb-v4.4.1-xiangyan/osmose-hrenyb_0428.R line 234)
osmose[warn] . . Parameter already defined species.accessibility2fish.sp23 = 0.747362225413385 (from /gpfs/projects/ChenGroup/OSMOSE-HRENYB-GIT/calibration_0506/master/calibration_parameters.osm line 7)
osmose[warn] . . Osmose will ignore parameter species.accessibility2fish.sp24 = 0.8 (from /gpfs/projects/ChenGroup/OSMOSE-HRENYB-GIT/osmose-hrenyb-v4.4.1-xiangyan/osmose-hrenyb_0428.R line 235)
osmose[warn] . . Parameter already defined species.accessibility2fish.sp24 = 0.277822621237559 (from /gpfs/projects/ChenGroup/OSMOSE-HRENYB-GIT/calibration_0506/master/calibration_parameters.osm line 8)
osmose[warn] . . Osmose will ignore parameter species.delta.lmax.factor.sp0 = 1 (from /gpfs/projects/ChenGroup/OSMOSE-HRENYB-GIT/osmose-hrenyb-v4.4.1-xiangyan/osmose-hrenyb_0428.R line 359)
osmose[warn] . . Parameter already defined species.delta.lmax.factor.sp0 = 1.42659997672452 (from /gpfs/projects/ChenGroup/OSMOSE-HRENYB-GIT/calibration_0506/master/calibration_parameters.osm line 76)
osmose[warn] . . Osmose will ignore parameter species.delta.lmax.factor.sp1 = 1 (from /gpfs/projects/ChenGroup/OSMOSE-HRENYB-GIT/osmose-hrenyb-v4.4.1-xiangyan/osmose-hrenyb_0428.R line 360)
osmose[warn] . . Parameter already defined species.delta.lmax.factor.sp1 = 1.30472697709073 (from /gpfs/projects/ChenGroup/OSMOSE-HRENYB-GIT/calibration_0506/master/calibration_parameters.osm line 77)
osmose[warn] . . Osmose will ignore parameter species.delta.lmax.factor.sp2 = 1 (from /gpfs/projects/ChenGroup/OSMOSE-HRENYB-GIT/osmose-hrenyb-v4.4.1-xiangyan/osmose-hrenyb_0428.R line 361)
osmose[warn] . . Parameter already defined species.delta.lmax.factor.sp2 = 1.09586327699776 (from /gpfs/projects/ChenGroup/OSMOSE-HRENYB-GIT/calibration_0506/master/calibration_parameters.osm line 78)
osmose[warn] . . Osmose will ignore parameter species.delta.lmax.factor.sp3 = 1 (from /gpfs/projects/ChenGroup/OSMOSE-HRENYB-GIT/osmose-hrenyb-v4.4.1-xiangyan/osmose-hrenyb_0428.R line 362)
osmose[warn] . . Parameter already defined species.delta.lmax.factor.sp3 = 1.65587880938988 (from /gpfs/projects/ChenGroup/OSMOSE-HRENYB-GIT/calibration_0506/master/calibration_parameters.osm line 79)
osmose[warn] . . Osmose will ignore parameter species.delta.lmax.factor.sp4 = 1 (from /gpfs/projects/ChenGroup/OSMOSE-HRENYB-GIT/osmose-hrenyb-v4.4.1-xiangyan/osmose-hrenyb_0428.R line 363)
osmose[warn] . . Parameter already defined species.delta.lmax.factor.sp4 = 0.802260943575912 (from /gpfs/projects/ChenGroup/OSMOSE-HRENYB-GIT/calibration_0506/master/calibration_parameters.osm line 80)
osmose[warn] . . Osmose will ignore parameter species.delta.lmax.factor.sp5 = 1 (from /gpfs/projects/ChenGroup/OSMOSE-HRENYB-GIT/osmose-hrenyb-v4.4.1-xiangyan/osmose-hrenyb_0428.R line 364)
osmose[warn] . . Parameter already defined species.delta.lmax.factor.sp5 = 1.77294877017791 (from /gpfs/projects/ChenGroup/OSMOSE-HRENYB-GIT/calibration_0506/master/calibration_parameters.osm line 81)
osmose[warn] . . Osmose will ignore parameter species.delta.lmax.factor.sp6 = 1 (from /gpfs/projects/ChenGroup/OSMOSE-HRENYB-GIT/osmose-hrenyb-v4.4.1-xiangyan/osmose-hrenyb_0428.R line 365)
osmose[warn] . . Parameter already defined species.delta.lmax.factor.sp6 = 0.900391416842742 (from /gpfs/projects/ChenGroup/OSMOSE-HRENYB-GIT/calibration_0506/master/calibration_parameters.osm line 82)
osmose[warn] . . Osmose will ignore parameter species.delta.lmax.factor.sp7 = 1 (from /gpfs/projects/ChenGroup/OSMOSE-HRENYB-GIT/osmose-hrenyb-v4.4.1-xiangyan/osmose-hrenyb_0428.R line 366)
osmose[warn] . . Parameter already defined species.delta.lmax.factor.sp7 = 1.05206432659434 (from /gpfs/projects/ChenGroup/OSMOSE-HRENYB-GIT/calibration_0506/master/calibration_parameters.osm line 83)
osmose[warn] . . Osmose will ignore parameter species.delta.lmax.factor.sp8 = 1 (from /gpfs/projects/ChenGroup/OSMOSE-HRENYB-GIT/osmose-hrenyb-v4.4.1-xiangyan/osmose-hrenyb_0428.R line 367)
osmose[warn] . . Parameter already defined species.delta.lmax.factor.sp8 = 1.84323258623592 (from /gpfs/projects/ChenGroup/OSMOSE-HRENYB-GIT/calibration_0506/master/calibration_parameters.osm line 84)
osmose[warn] . . Osmose will ignore parameter species.delta.lmax.factor.sp9 = 1 (from /gpfs/projects/ChenGroup/OSMOSE-HRENYB-GIT/osmose-hrenyb-v4.4.1-xiangyan/osmose-hrenyb_0428.R line 368)
osmose[warn] . . Parameter already defined species.delta.lmax.factor.sp9 = 1.72973826311544 (from /gpfs/projects/ChenGroup/OSMOSE-HRENYB-GIT/calibration_0506/master/calibration_parameters.osm line 85)
osmose[warn] . . Osmose will ignore parameter species.delta.lmax.factor.sp10 = 1 (from /gpfs/projects/ChenGroup/OSMOSE-HRENYB-GIT/osmose-hrenyb-v4.4.1-xiangyan/osmose-hrenyb_0428.R line 369)
osmose[warn] . . Parameter already defined species.delta.lmax.factor.sp10 = 1.32327632602196 (from /gpfs/projects/ChenGroup/OSMOSE-HRENYB-GIT/calibration_0506/master/calibration_parameters.osm line 86)
osmose[warn] . . Osmose will ignore parameter species.delta.lmax.factor.sp11 = 1 (from /gpfs/projects/ChenGroup/OSMOSE-HRENYB-GIT/osmose-hrenyb-v4.4.1-xiangyan/osmose-hrenyb_0428.R line 370)
osmose[warn] . . Parameter already defined species.delta.lmax.factor.sp11 = 1.88104345962454 (from /gpfs/projects/ChenGroup/OSMOSE-HRENYB-GIT/calibration_0506/master/calibration_parameters.osm line 87)
osmose[warn] . . Osmose will ignore parameter species.delta.lmax.factor.sp12 = 1 (from /gpfs/projects/ChenGroup/OSMOSE-HRENYB-GIT/osmose-hrenyb-v4.4.1-xiangyan/osmose-hrenyb_0428.R line 371)
osmose[warn] . . Parameter already defined species.delta.lmax.factor.sp12 = 1.92525409779276 (from /gpfs/projects/ChenGroup/OSMOSE-HRENYB-GIT/calibration_0506/master/calibration_parameters.osm line 88)
osmose[warn] . . Osmose will ignore parameter species.delta.lmax.factor.sp13 = 1 (from /gpfs/projects/ChenGroup/OSMOSE-HRENYB-GIT/osmose-hrenyb-v4.4.1-xiangyan/osmose-hrenyb_0428.R line 372)
osmose[warn] . . Parameter already defined species.delta.lmax.factor.sp13 = 0.730110705596481 (from /gpfs/projects/ChenGroup/OSMOSE-HRENYB-GIT/calibration_0506/master/calibration_parameters.osm line 89)
osmose[warn] . . Osmose will ignore parameter species.delta.lmax.factor.sp14 = 1 (from /gpfs/projects/ChenGroup/OSMOSE-HRENYB-GIT/osmose-hrenyb-v4.4.1-xiangyan/osmose-hrenyb_0428.R line 373)
osmose[warn] . . Parameter already defined species.delta.lmax.factor.sp14 = 1.57460849223085 (from /gpfs/projects/ChenGroup/OSMOSE-HRENYB-GIT/calibration_0506/master/calibration_parameters.osm line 90)
osmose[warn] . . Osmose will ignore parameter species.delta.lmax.factor.sp15 = 1 (from /gpfs/projects/ChenGroup/OSMOSE-HRENYB-GIT/osmose-hrenyb-v4.4.1-xiangyan/osmose-hrenyb_0428.R line 374)
osmose[warn] . . Parameter already defined species.delta.lmax.factor.sp15 = 0.828216663258692 (from /gpfs/projects/ChenGroup/OSMOSE-HRENYB-GIT/calibration_0506/master/calibration_parameters.osm line 91)
osmose[warn] . . Osmose will ignore parameter species.delta.lmax.factor.sp16 = 1 (from /gpfs/projects/ChenGroup/OSMOSE-HRENYB-GIT/osmose-hrenyb-v4.4.1-xiangyan/osmose-hrenyb_0428.R line 375)
osmose[warn] . . Parameter already defined species.delta.lmax.factor.sp16 = 1.42022044030153 (from /gpfs/projects/ChenGroup/OSMOSE-HRENYB-GIT/calibration_0506/master/calibration_parameters.osm line 92)
osmose[warn] . . Osmose will ignore parameter mortality.additional.rate.sp0 = 0.2 (from /gpfs/projects/ChenGroup/OSMOSE-HRENYB-GIT/osmose-hrenyb-v4.4.1-xiangyan/osmose-hrenyb_0428.R line 568)
osmose[warn] . . Parameter already defined mortality.additional.rate.sp0 = 0.00858511431545713 (from /gpfs/projects/ChenGroup/OSMOSE-HRENYB-GIT/calibration_0506/master/calibration_parameters.osm line 26)
osmose[warn] . . Osmose will ignore parameter mortality.additional.rate.sp1 = 0.2 (from /gpfs/projects/ChenGroup/OSMOSE-HRENYB-GIT/osmose-hrenyb-v4.4.1-xiangyan/osmose-hrenyb_0428.R line 569)
osmose[warn] . . Parameter already defined mortality.additional.rate.sp1 = 3.36691506473395 (from /gpfs/projects/ChenGroup/OSMOSE-HRENYB-GIT/calibration_0506/master/calibration_parameters.osm line 27)
osmose[warn] . . Osmose will ignore parameter mortality.additional.rate.sp2 = 0.2 (from /gpfs/projects/ChenGroup/OSMOSE-HRENYB-GIT/osmose-hrenyb-v4.4.1-xiangyan/osmose-hrenyb_0428.R line 570)
osmose[warn] . . Parameter already defined mortality.additional.rate.sp2 = 0.0035086886269554 (from /gpfs/projects/ChenGroup/OSMOSE-HRENYB-GIT/calibration_0506/master/calibration_parameters.osm line 28)
osmose[warn] . . Osmose will ignore parameter mortality.additional.rate.sp3 = 0.2 (from /gpfs/projects/ChenGroup/OSMOSE-HRENYB-GIT/osmose-hrenyb-v4.4.1-xiangyan/osmose-hrenyb_0428.R line 571)
osmose[warn] . . Parameter already defined mortality.additional.rate.sp3 = 0.327272152715893 (from /gpfs/projects/ChenGroup/OSMOSE-HRENYB-GIT/calibration_0506/master/calibration_parameters.osm line 29)
osmose[warn] . . Osmose will ignore parameter mortality.additional.rate.sp4 = 0.2 (from /gpfs/projects/ChenGroup/OSMOSE-HRENYB-GIT/osmose-hrenyb-v4.4.1-xiangyan/osmose-hrenyb_0428.R line 572)
osmose[warn] . . Parameter already defined mortality.additional.rate.sp4 = 0.0685247893004062 (from /gpfs/projects/ChenGroup/OSMOSE-HRENYB-GIT/calibration_0506/master/calibration_parameters.osm line 30)
osmose[warn] . . Osmose will ignore parameter mortality.additional.rate.sp5 = 0.2 (from /gpfs/projects/ChenGroup/OSMOSE-HRENYB-GIT/osmose-hrenyb-v4.4.1-xiangyan/osmose-hrenyb_0428.R line 573)
osmose[warn] . . Parameter already defined mortality.additional.rate.sp5 = 0.000672117239879624 (from /gpfs/projects/ChenGroup/OSMOSE-HRENYB-GIT/calibration_0506/master/calibration_parameters.osm line 31)
osmose[warn] . . Osmose will ignore parameter mortality.additional.rate.sp6 = 0.2 (from /gpfs/projects/ChenGroup/OSMOSE-HRENYB-GIT/osmose-hrenyb-v4.4.1-xiangyan/osmose-hrenyb_0428.R line 574)
osmose[warn] . . Parameter already defined mortality.additional.rate.sp6 = 0.000396036887888678 (from /gpfs/projects/ChenGroup/OSMOSE-HRENYB-GIT/calibration_0506/master/calibration_parameters.osm line 32)
osmose[warn] . . Osmose will ignore parameter mortality.additional.rate.sp7 = 0.2 (from /gpfs/projects/ChenGroup/OSMOSE-HRENYB-GIT/osmose-hrenyb-v4.4.1-xiangyan/osmose-hrenyb_0428.R line 575)
osmose[warn] . . Parameter already defined mortality.additional.rate.sp7 = 1.39914855407006 (from /gpfs/projects/ChenGroup/OSMOSE-HRENYB-GIT/calibration_0506/master/calibration_parameters.osm line 33)
osmose[warn] . . Osmose will ignore parameter mortality.additional.rate.sp8 = 0.2 (from /gpfs/projects/ChenGroup/OSMOSE-HRENYB-GIT/osmose-hrenyb-v4.4.1-xiangyan/osmose-hrenyb_0428.R line 576)
osmose[warn] . . Parameter already defined mortality.additional.rate.sp8 = 0.00157178730690134 (from /gpfs/projects/ChenGroup/OSMOSE-HRENYB-GIT/calibration_0506/master/calibration_parameters.osm line 34)
osmose[warn] . . Osmose will ignore parameter mortality.additional.rate.sp9 = 0.2 (from /gpfs/projects/ChenGroup/OSMOSE-HRENYB-GIT/osmose-hrenyb-v4.4.1-xiangyan/osmose-hrenyb_0428.R line 577)
osmose[warn] . . Parameter already defined mortality.additional.rate.sp9 = 1.51347685335451 (from /gpfs/projects/ChenGroup/OSMOSE-HRENYB-GIT/calibration_0506/master/calibration_parameters.osm line 35)
osmose[warn] . . Osmose will ignore parameter mortality.additional.rate.sp10 = 0.2 (from /gpfs/projects/ChenGroup/OSMOSE-HRENYB-GIT/osmose-hrenyb-v4.4.1-xiangyan/osmose-hrenyb_0428.R line 578)
osmose[warn] . . Parameter already defined mortality.additional.rate.sp10 = 0.0186867962958128 (from /gpfs/projects/ChenGroup/OSMOSE-HRENYB-GIT/calibration_0506/master/calibration_parameters.osm line 36)
osmose[warn] . . Osmose will ignore parameter mortality.additional.rate.sp11 = 0.2 (from /gpfs/projects/ChenGroup/OSMOSE-HRENYB-GIT/osmose-hrenyb-v4.4.1-xiangyan/osmose-hrenyb_0428.R line 579)
osmose[warn] . . Parameter already defined mortality.additional.rate.sp11 = 0.0914889616225085 (from /gpfs/projects/ChenGroup/OSMOSE-HRENYB-GIT/calibration_0506/master/calibration_parameters.osm line 37)
osmose[warn] . . Osmose will ignore parameter mortality.additional.rate.sp12 = 0.2 (from /gpfs/projects/ChenGroup/OSMOSE-HRENYB-GIT/osmose-hrenyb-v4.4.1-xiangyan/osmose-hrenyb_0428.R line 580)
osmose[warn] . . Parameter already defined mortality.additional.rate.sp12 = 3.62957172979026 (from /gpfs/projects/ChenGroup/OSMOSE-HRENYB-GIT/calibration_0506/master/calibration_parameters.osm line 38)
osmose[warn] . . Osmose will ignore parameter mortality.additional.rate.sp13 = 0.2 (from /gpfs/projects/ChenGroup/OSMOSE-HRENYB-GIT/osmose-hrenyb-v4.4.1-xiangyan/osmose-hrenyb_0428.R line 581)
osmose[warn] . . Parameter already defined mortality.additional.rate.sp13 = 0.000164697874535017 (from /gpfs/projects/ChenGroup/OSMOSE-HRENYB-GIT/calibration_0506/master/calibration_parameters.osm line 39)
osmose[warn] . . Osmose will ignore parameter mortality.additional.rate.sp14 = 0.2 (from /gpfs/projects/ChenGroup/OSMOSE-HRENYB-GIT/osmose-hrenyb-v4.4.1-xiangyan/osmose-hrenyb_0428.R line 582)
osmose[warn] . . Parameter already defined mortality.additional.rate.sp14 = 0.0129399237227218 (from /gpfs/projects/ChenGroup/OSMOSE-HRENYB-GIT/calibration_0506/master/calibration_parameters.osm line 40)
osmose[warn] . . Osmose will ignore parameter mortality.additional.rate.sp15 = 0.2 (from /gpfs/projects/ChenGroup/OSMOSE-HRENYB-GIT/osmose-hrenyb-v4.4.1-xiangyan/osmose-hrenyb_0428.R line 583)
osmose[warn] . . Parameter already defined mortality.additional.rate.sp15 = 0.0809255181492011 (from /gpfs/projects/ChenGroup/OSMOSE-HRENYB-GIT/calibration_0506/master/calibration_parameters.osm line 41)
osmose[warn] . . Osmose will ignore parameter mortality.additional.rate.sp16 = 0.2 (from /gpfs/projects/ChenGroup/OSMOSE-HRENYB-GIT/osmose-hrenyb-v4.4.1-xiangyan/osmose-hrenyb_0428.R line 584)
osmose[warn] . . Parameter already defined mortality.additional.rate.sp16 = 0.372826838122646 (from /gpfs/projects/ChenGroup/OSMOSE-HRENYB-GIT/calibration_0506/master/calibration_parameters.osm line 42)
osmose[warn] . . Osmose will ignore parameter mortality.additional.larva.rate.sp0 = 1 (from /gpfs/projects/ChenGroup/OSMOSE-HRENYB-GIT/osmose-hrenyb-v4.4.1-xiangyan/osmose-hrenyb_0428.R line 586)
osmose[warn] . . Parameter already defined mortality.additional.larva.rate.sp0 = 6.78887732905523 (from /gpfs/projects/ChenGroup/OSMOSE-HRENYB-GIT/calibration_0506/master/calibration_parameters.osm line 43)
osmose[warn] . . Osmose will ignore parameter mortality.additional.larva.rate.sp1 = 1 (from /gpfs/projects/ChenGroup/OSMOSE-HRENYB-GIT/osmose-hrenyb-v4.4.1-xiangyan/osmose-hrenyb_0428.R line 587)
osmose[warn] . . Parameter already defined mortality.additional.larva.rate.sp1 = 1.74721450373906 (from /gpfs/projects/ChenGroup/OSMOSE-HRENYB-GIT/calibration_0506/master/calibration_parameters.osm line 44)
osmose[warn] . . Osmose will ignore parameter mortality.additional.larva.rate.sp2 = 1 (from /gpfs/projects/ChenGroup/OSMOSE-HRENYB-GIT/osmose-hrenyb-v4.4.1-xiangyan/osmose-hrenyb_0428.R line 588)
osmose[warn] . . Parameter already defined mortality.additional.larva.rate.sp2 = 2.84684309265264 (from /gpfs/projects/ChenGroup/OSMOSE-HRENYB-GIT/calibration_0506/master/calibration_parameters.osm line 45)
osmose[warn] . . Osmose will ignore parameter mortality.additional.larva.rate.sp3 = 1 (from /gpfs/projects/ChenGroup/OSMOSE-HRENYB-GIT/osmose-hrenyb-v4.4.1-xiangyan/osmose-hrenyb_0428.R line 589)
osmose[warn] . . Parameter already defined mortality.additional.larva.rate.sp3 = 1.92138900652248 (from /gpfs/projects/ChenGroup/OSMOSE-HRENYB-GIT/calibration_0506/master/calibration_parameters.osm line 46)
osmose[warn] . . Osmose will ignore parameter mortality.additional.larva.rate.sp5 = 1 (from /gpfs/projects/ChenGroup/OSMOSE-HRENYB-GIT/osmose-hrenyb-v4.4.1-xiangyan/osmose-hrenyb_0428.R line 591)
osmose[warn] . . Parameter already defined mortality.additional.larva.rate.sp5 = 540.043189748232 (from /gpfs/projects/ChenGroup/OSMOSE-HRENYB-GIT/calibration_0506/master/calibration_parameters.osm line 47)
osmose[warn] . . Osmose will ignore parameter mortality.additional.larva.rate.sp6 = 1 (from /gpfs/projects/ChenGroup/OSMOSE-HRENYB-GIT/osmose-hrenyb-v4.4.1-xiangyan/osmose-hrenyb_0428.R line 592)
osmose[warn] . . Parameter already defined mortality.additional.larva.rate.sp6 = 149.25116323654 (from /gpfs/projects/ChenGroup/OSMOSE-HRENYB-GIT/calibration_0506/master/calibration_parameters.osm line 48)
osmose[warn] . . Osmose will ignore parameter mortality.additional.larva.rate.sp7 = 1 (from /gpfs/projects/ChenGroup/OSMOSE-HRENYB-GIT/osmose-hrenyb-v4.4.1-xiangyan/osmose-hrenyb_0428.R line 593)
osmose[warn] . . Parameter already defined mortality.additional.larva.rate.sp7 = 2.53486505649188 (from /gpfs/projects/ChenGroup/OSMOSE-HRENYB-GIT/calibration_0506/master/calibration_parameters.osm line 49)
osmose[warn] . . Osmose will ignore parameter mortality.additional.larva.rate.sp8 = 1 (from /gpfs/projects/ChenGroup/OSMOSE-HRENYB-GIT/osmose-hrenyb-v4.4.1-xiangyan/osmose-hrenyb_0428.R line 594)
osmose[warn] . . Parameter already defined mortality.additional.larva.rate.sp8 = 0.629014020333346 (from /gpfs/projects/ChenGroup/OSMOSE-HRENYB-GIT/calibration_0506/master/calibration_parameters.osm line 50)
osmose[warn] . . Osmose will ignore parameter mortality.additional.larva.rate.sp9 = 1 (from /gpfs/projects/ChenGroup/OSMOSE-HRENYB-GIT/osmose-hrenyb-v4.4.1-xiangyan/osmose-hrenyb_0428.R line 595)
osmose[warn] . . Parameter already defined mortality.additional.larva.rate.sp9 = 4.18462097538124 (from /gpfs/projects/ChenGroup/OSMOSE-HRENYB-GIT/calibration_0506/master/calibration_parameters.osm line 51)
osmose[warn] . . Osmose will ignore parameter mortality.additional.larva.rate.sp10 = 1 (from /gpfs/projects/ChenGroup/OSMOSE-HRENYB-GIT/osmose-hrenyb-v4.4.1-xiangyan/osmose-hrenyb_0428.R line 596)
osmose[warn] . . Parameter already defined mortality.additional.larva.rate.sp10 = 103.481011385913 (from /gpfs/projects/ChenGroup/OSMOSE-HRENYB-GIT/calibration_0506/master/calibration_parameters.osm line 52)
osmose[warn] . . Osmose will ignore parameter mortality.additional.larva.rate.sp11 = 1 (from /gpfs/projects/ChenGroup/OSMOSE-HRENYB-GIT/osmose-hrenyb-v4.4.1-xiangyan/osmose-hrenyb_0428.R line 597)
osmose[warn] . . Parameter already defined mortality.additional.larva.rate.sp11 = 3.43878543881332 (from /gpfs/projects/ChenGroup/OSMOSE-HRENYB-GIT/calibration_0506/master/calibration_parameters.osm line 53)
osmose[warn] . . Osmose will ignore parameter mortality.additional.larva.rate.sp12 = 1 (from /gpfs/projects/ChenGroup/OSMOSE-HRENYB-GIT/osmose-hrenyb-v4.4.1-xiangyan/osmose-hrenyb_0428.R line 598)
osmose[warn] . . Parameter already defined mortality.additional.larva.rate.sp12 = 0.174842807717656 (from /gpfs/projects/ChenGroup/OSMOSE-HRENYB-GIT/calibration_0506/master/calibration_parameters.osm line 54)
osmose[warn] . . Osmose will ignore parameter mortality.additional.larva.rate.sp13 = 1 (from /gpfs/projects/ChenGroup/OSMOSE-HRENYB-GIT/osmose-hrenyb-v4.4.1-xiangyan/osmose-hrenyb_0428.R line 599)
osmose[warn] . . Parameter already defined mortality.additional.larva.rate.sp13 = 2.66249449846656 (from /gpfs/projects/ChenGroup/OSMOSE-HRENYB-GIT/calibration_0506/master/calibration_parameters.osm line 55)
osmose[warn] . . Osmose will ignore parameter mortality.additional.larva.rate.sp14 = 1 (from /gpfs/projects/ChenGroup/OSMOSE-HRENYB-GIT/osmose-hrenyb-v4.4.1-xiangyan/osmose-hrenyb_0428.R line 600)
osmose[warn] . . Parameter already defined mortality.additional.larva.rate.sp14 = 3.31410193115907 (from /gpfs/projects/ChenGroup/OSMOSE-HRENYB-GIT/calibration_0506/master/calibration_parameters.osm line 56)
osmose[warn] . . Osmose will ignore parameter mortality.additional.larva.rate.sp15 = 1 (from /gpfs/projects/ChenGroup/OSMOSE-HRENYB-GIT/osmose-hrenyb-v4.4.1-xiangyan/osmose-hrenyb_0428.R line 601)
osmose[warn] . . Parameter already defined mortality.additional.larva.rate.sp15 = 13.6308148608924 (from /gpfs/projects/ChenGroup/OSMOSE-HRENYB-GIT/calibration_0506/master/calibration_parameters.osm line 57)
osmose[warn] . . Osmose will ignore parameter mortality.additional.larva.rate.sp16 = 1 (from /gpfs/projects/ChenGroup/OSMOSE-HRENYB-GIT/osmose-hrenyb-v4.4.1-xiangyan/osmose-hrenyb_0428.R line 602)
osmose[warn] . . Parameter already defined mortality.additional.larva.rate.sp16 = 67.7315603351168 (from /gpfs/projects/ChenGroup/OSMOSE-HRENYB-GIT/calibration_0506/master/calibration_parameters.osm line 58)
osmose[warn] . . Osmose will ignore parameter predation.ingestion.rate.max.sp0 = 13.0544214851327 (from /gpfs/projects/ChenGroup/OSMOSE-HRENYB-GIT/osmose-hrenyb-v4.4.1-xiangyan/osmose-hrenyb_0428.R line 685)
osmose[warn] . . Parameter already defined predation.ingestion.rate.max.sp0 = 13.0544214851327 (from /gpfs/projects/ChenGroup/OSMOSE-HRENYB-GIT/calibration_0506/master/calibration_parameters.osm line 59)
osmose[warn] . . Osmose will ignore parameter predation.ingestion.rate.max.sp1 = 17.4991060544038 (from /gpfs/projects/ChenGroup/OSMOSE-HRENYB-GIT/osmose-hrenyb-v4.4.1-xiangyan/osmose-hrenyb_0428.R line 686)
osmose[warn] . . Parameter already defined predation.ingestion.rate.max.sp1 = 17.499106054404 (from /gpfs/projects/ChenGroup/OSMOSE-HRENYB-GIT/calibration_0506/master/calibration_parameters.osm line 60)
osmose[warn] . . Osmose will ignore parameter predation.ingestion.rate.max.sp2 = 22.2420307181586 (from /gpfs/projects/ChenGroup/OSMOSE-HRENYB-GIT/osmose-hrenyb-v4.4.1-xiangyan/osmose-hrenyb_0428.R line 687)
osmose[warn] . . Parameter already defined predation.ingestion.rate.max.sp2 = 22.2420307181588 (from /gpfs/projects/ChenGroup/OSMOSE-HRENYB-GIT/calibration_0506/master/calibration_parameters.osm line 61)
osmose[warn] . . Osmose will ignore parameter predation.ingestion.rate.max.sp3 = 20.2859341399712 (from /gpfs/projects/ChenGroup/OSMOSE-HRENYB-GIT/osmose-hrenyb-v4.4.1-xiangyan/osmose-hrenyb_0428.R line 688)
osmose[warn] . . Parameter already defined predation.ingestion.rate.max.sp3 = 20.2859341399713 (from /gpfs/projects/ChenGroup/OSMOSE-HRENYB-GIT/calibration_0506/master/calibration_parameters.osm line 62)
osmose[warn] . . Osmose will ignore parameter predation.ingestion.rate.max.sp4 = 30.2452945208134 (from /gpfs/projects/ChenGroup/OSMOSE-HRENYB-GIT/osmose-hrenyb-v4.4.1-xiangyan/osmose-hrenyb_0428.R line 689)
osmose[warn] . . Parameter already defined predation.ingestion.rate.max.sp4 = 30.2452945208137 (from /gpfs/projects/ChenGroup/OSMOSE-HRENYB-GIT/calibration_0506/master/calibration_parameters.osm line 63)
osmose[warn] . . Osmose will ignore parameter predation.ingestion.rate.max.sp5 = 36.3224232421668 (from /gpfs/projects/ChenGroup/OSMOSE-HRENYB-GIT/osmose-hrenyb-v4.4.1-xiangyan/osmose-hrenyb_0428.R line 690)
osmose[warn] . . Parameter already defined predation.ingestion.rate.max.sp5 = 36.3224232421672 (from /gpfs/projects/ChenGroup/OSMOSE-HRENYB-GIT/calibration_0506/master/calibration_parameters.osm line 64)
osmose[warn] . . Osmose will ignore parameter predation.ingestion.rate.max.sp6 = 49.5866509091337 (from /gpfs/projects/ChenGroup/OSMOSE-HRENYB-GIT/osmose-hrenyb-v4.4.1-xiangyan/osmose-hrenyb_0428.R line 691)
osmose[warn] . . Parameter already defined predation.ingestion.rate.max.sp6 = 49.5866509091333 (from /gpfs/projects/ChenGroup/OSMOSE-HRENYB-GIT/calibration_0506/master/calibration_parameters.osm line 65)
osmose[warn] . . Osmose will ignore parameter predation.ingestion.rate.max.sp7 = 21.5470681545784 (from /gpfs/projects/ChenGroup/OSMOSE-HRENYB-GIT/osmose-hrenyb-v4.4.1-xiangyan/osmose-hrenyb_0428.R line 692)
osmose[warn] . . Parameter already defined predation.ingestion.rate.max.sp7 = 3.37758830757062 (from /gpfs/projects/ChenGroup/OSMOSE-HRENYB-GIT/calibration_0506/master/calibration_parameters.osm line 66)
osmose[warn] . . Osmose will ignore parameter predation.ingestion.rate.max.sp8 = 7.20565374073095 (from /gpfs/projects/ChenGroup/OSMOSE-HRENYB-GIT/osmose-hrenyb-v4.4.1-xiangyan/osmose-hrenyb_0428.R line 693)
osmose[warn] . . Parameter already defined predation.ingestion.rate.max.sp8 = 7.20565374073096 (from /gpfs/projects/ChenGroup/OSMOSE-HRENYB-GIT/calibration_0506/master/calibration_parameters.osm line 67)
osmose[warn] . . Osmose will ignore parameter predation.ingestion.rate.max.sp9 = 28.1982290484333 (from /gpfs/projects/ChenGroup/OSMOSE-HRENYB-GIT/osmose-hrenyb-v4.4.1-xiangyan/osmose-hrenyb_0428.R line 694)
osmose[warn] . . Parameter already defined predation.ingestion.rate.max.sp9 = 3.88886103394367 (from /gpfs/projects/ChenGroup/OSMOSE-HRENYB-GIT/calibration_0506/master/calibration_parameters.osm line 68)
osmose[warn] . . Osmose will ignore parameter predation.ingestion.rate.max.sp10 = 18.5111460151248 (from /gpfs/projects/ChenGroup/OSMOSE-HRENYB-GIT/osmose-hrenyb-v4.4.1-xiangyan/osmose-hrenyb_0428.R line 695)
osmose[warn] . . Parameter already defined predation.ingestion.rate.max.sp10 = 18.5111460151249 (from /gpfs/projects/ChenGroup/OSMOSE-HRENYB-GIT/calibration_0506/master/calibration_parameters.osm line 69)
osmose[warn] . . Osmose will ignore parameter predation.ingestion.rate.max.sp11 = 17.2883673390966 (from /gpfs/projects/ChenGroup/OSMOSE-HRENYB-GIT/osmose-hrenyb-v4.4.1-xiangyan/osmose-hrenyb_0428.R line 696)
osmose[warn] . . Parameter already defined predation.ingestion.rate.max.sp11 = 17.2883673390967 (from /gpfs/projects/ChenGroup/OSMOSE-HRENYB-GIT/calibration_0506/master/calibration_parameters.osm line 70)
osmose[warn] . . Osmose will ignore parameter predation.ingestion.rate.max.sp12 = 5.10513824731129 (from /gpfs/projects/ChenGroup/OSMOSE-HRENYB-GIT/osmose-hrenyb-v4.4.1-xiangyan/osmose-hrenyb_0428.R line 697)
osmose[warn] . . Parameter already defined predation.ingestion.rate.max.sp12 = 5.10513824731129 (from /gpfs/projects/ChenGroup/OSMOSE-HRENYB-GIT/calibration_0506/master/calibration_parameters.osm line 71)
osmose[warn] . . Osmose will ignore parameter predation.ingestion.rate.max.sp13 = 18.4475355878403 (from /gpfs/projects/ChenGroup/OSMOSE-HRENYB-GIT/osmose-hrenyb-v4.4.1-xiangyan/osmose-hrenyb_0428.R line 698)
osmose[warn] . . Parameter already defined predation.ingestion.rate.max.sp13 = 18.4475355878404 (from /gpfs/projects/ChenGroup/OSMOSE-HRENYB-GIT/calibration_0506/master/calibration_parameters.osm line 72)
osmose[warn] . . Osmose will ignore parameter predation.ingestion.rate.max.sp14 = 15.4896355511775 (from /gpfs/projects/ChenGroup/OSMOSE-HRENYB-GIT/osmose-hrenyb-v4.4.1-xiangyan/osmose-hrenyb_0428.R line 699)
osmose[warn] . . Parameter already defined predation.ingestion.rate.max.sp14 = 15.4896355511773 (from /gpfs/projects/ChenGroup/OSMOSE-HRENYB-GIT/calibration_0506/master/calibration_parameters.osm line 73)
osmose[warn] . . Osmose will ignore parameter predation.ingestion.rate.max.sp15 = 13.4664660620286 (from /gpfs/projects/ChenGroup/OSMOSE-HRENYB-GIT/osmose-hrenyb-v4.4.1-xiangyan/osmose-hrenyb_0428.R line 700)
osmose[warn] . . Parameter already defined predation.ingestion.rate.max.sp15 = 13.4664660620286 (from /gpfs/projects/ChenGroup/OSMOSE-HRENYB-GIT/calibration_0506/master/calibration_parameters.osm line 74)
osmose[warn] . . Osmose will ignore parameter predation.ingestion.rate.max.sp16 = 10.1902295549492 (from /gpfs/projects/ChenGroup/OSMOSE-HRENYB-GIT/osmose-hrenyb-v4.4.1-xiangyan/osmose-hrenyb_0428.R line 701)
osmose[warn] . . Parameter already defined predation.ingestion.rate.max.sp16 = 10.1902295549493 (from /gpfs/projects/ChenGroup/OSMOSE-HRENYB-GIT/calibration_0506/master/calibration_parameters.osm line 75)
osmose[warn] . . Osmose will ignore parameter fisheries.selectivity.l50.fsh0 = 20 (from /gpfs/projects/ChenGroup/OSMOSE-HRENYB-GIT/osmose-hrenyb-v4.4.1-xiangyan/osmose-hrenyb_0428.R line 771)
osmose[warn] . . Parameter already defined fisheries.selectivity.l50.fsh0 = 20 (from /gpfs/projects/ChenGroup/OSMOSE-HRENYB-GIT/calibration_0506/master/calibration_parameters.osm line 95)
osmose[warn] . . Osmose will ignore parameter fisheries.rate.base.fsh0 = 1 (from /gpfs/projects/ChenGroup/OSMOSE-HRENYB-GIT/osmose-hrenyb-v4.4.1-xiangyan/osmose-hrenyb_0428.R line 777)
osmose[warn] . . Parameter already defined fisheries.rate.base.fsh0 = 0.219985021223085 (from /gpfs/projects/ChenGroup/OSMOSE-HRENYB-GIT/calibration_0506/master/calibration_parameters.osm line 93)
osmose[warn] . . Osmose will ignore parameter fisheries.rate.byperiod.fsh0 = 0.36, 0.41, 0.38, 0.47, 0.47, 0.47, 0.58, 0.56, 0.59, 0.95, 0.73, 0.61, 0.61, 0.66, 0.51, 0.48, 0.48, 0.47, 0.57, 0.25 (from /gpfs/projects/ChenGroup/OSMOSE-HRENYB-GIT/osmose-hrenyb-v4.4.1-xiangyan/osmose-hrenyb_0428.R line 779)
osmose[warn] . . Parameter already defined fisheries.rate.byperiod.fsh0 = 0.360000000000001,0.41,0.38,0.47,0.47,0.47,0.58,0.56,0.59,0.95,0.73,0.61,0.61,0.66,0.51,0.48,0.48,0.47,0.57,0.25 (from /gpfs/projects/ChenGroup/OSMOSE-HRENYB-GIT/calibration_0506/master/calibration_parameters.osm line 94)
osmose[warn] . . Osmose will ignore parameter fisheries.selectivity.l50.fsh1 = 34.44 (from /gpfs/projects/ChenGroup/OSMOSE-HRENYB-GIT/osmose-hrenyb-v4.4.1-xiangyan/osmose-hrenyb_0428.R line 791)
osmose[warn] . . Parameter already defined fisheries.selectivity.l50.fsh1 = 34.44 (from /gpfs/projects/ChenGroup/OSMOSE-HRENYB-GIT/calibration_0506/master/calibration_parameters.osm line 98)
osmose[warn] . . Osmose will ignore parameter fisheries.rate.base.fsh1 = 1 (from /gpfs/projects/ChenGroup/OSMOSE-HRENYB-GIT/osmose-hrenyb-v4.4.1-xiangyan/osmose-hrenyb_0428.R line 796)
osmose[warn] . . Parameter already defined fisheries.rate.base.fsh1 = 3.44746748854094 (from /gpfs/projects/ChenGroup/OSMOSE-HRENYB-GIT/calibration_0506/master/calibration_parameters.osm line 96)
osmose[warn] . . Osmose will ignore parameter fisheries.rate.byperiod.fsh1 = 0.63791663214942,0.233584159,0.34699362,0.356353734,0.595365222,0.441618336,0.980275266,0.426339901,0.841626175,0.784320504,0.350457488,0.270049418,0.348104502,1.007648248,0.512002015,0.909595467,0.587247215,0.718723413,0.265596079,0.204854151 (from /gpfs/projects/ChenGroup/OSMOSE-HRENYB-GIT/osmose-hrenyb-v4.4.1-xiangyan/osmose-hrenyb_0428.R line 798)
osmose[warn] . . Parameter already defined fisheries.rate.byperiod.fsh1 = 0.815807129166484,0.574834337483026,0.679739978538784,0.773972492504772,0.483149257213978,0.783060929930215,0.831723818955667,0.332368422897588,0.588636247600327,0.424004504781997,0.194671633462844,0.23017185263195,0.468579739226627,0.572660863179537,0.856319794779203,0.21914780820296,0.415614626375953,0.768325078867454,0.777929259990943,0.313234695674386 (from /gpfs/projects/ChenGroup/OSMOSE-HRENYB-GIT/calibration_0506/master/calibration_parameters.osm line 97)
osmose[warn] . . Osmose will ignore parameter fisheries.selectivity.l50.fsh2 = 41.91 (from /gpfs/projects/ChenGroup/OSMOSE-HRENYB-GIT/osmose-hrenyb-v4.4.1-xiangyan/osmose-hrenyb_0428.R line 810)
osmose[warn] . . Parameter already defined fisheries.selectivity.l50.fsh2 = 41.91 (from /gpfs/projects/ChenGroup/OSMOSE-HRENYB-GIT/calibration_0506/master/calibration_parameters.osm line 101)
osmose[warn] . . Osmose will ignore parameter fisheries.rate.base.fsh2 = 1 (from /gpfs/projects/ChenGroup/OSMOSE-HRENYB-GIT/osmose-hrenyb-v4.4.1-xiangyan/osmose-hrenyb_0428.R line 815)
osmose[warn] . . Parameter already defined fisheries.rate.base.fsh2 = 14.2598320042874 (from /gpfs/projects/ChenGroup/OSMOSE-HRENYB-GIT/calibration_0506/master/calibration_parameters.osm line 99)
osmose[warn] . . Osmose will ignore parameter fisheries.rate.byperiod.fsh2 = 0.54, 0.63, 0.65, 0.57, 0.57, 0.51, 0.54, 0.55, 0.48, 0.65, 0.73, 0.4, 0.58, 0.54, 0.4, 0.3, 0.33, 0.51, 0.36, 0.39 (from /gpfs/projects/ChenGroup/OSMOSE-HRENYB-GIT/osmose-hrenyb-v4.4.1-xiangyan/osmose-hrenyb_0428.R line 817)
osmose[warn] . . Parameter already defined fisheries.rate.byperiod.fsh2 = 0.54,0.63,0.65,0.57,0.57,0.51,0.54,0.55,0.48,0.65,0.73,0.4,0.58,0.54,0.4,0.299999999999999,0.33,0.51,0.360000000000001,0.39 (from /gpfs/projects/ChenGroup/OSMOSE-HRENYB-GIT/calibration_0506/master/calibration_parameters.osm line 100)
osmose[warn] . . Osmose will ignore parameter fisheries.selectivity.l50.fsh3 = 25.4 (from /gpfs/projects/ChenGroup/OSMOSE-HRENYB-GIT/osmose-hrenyb-v4.4.1-xiangyan/osmose-hrenyb_0428.R line 829)
osmose[warn] . . Parameter already defined fisheries.selectivity.l50.fsh3 = 25.4 (from /gpfs/projects/ChenGroup/OSMOSE-HRENYB-GIT/calibration_0506/master/calibration_parameters.osm line 104)
osmose[warn] . . Osmose will ignore parameter fisheries.rate.base.fsh3 = 1 (from /gpfs/projects/ChenGroup/OSMOSE-HRENYB-GIT/osmose-hrenyb-v4.4.1-xiangyan/osmose-hrenyb_0428.R line 834)
osmose[warn] . . Parameter already defined fisheries.rate.base.fsh3 = 0.092550379060429 (from /gpfs/projects/ChenGroup/OSMOSE-HRENYB-GIT/calibration_0506/master/calibration_parameters.osm line 102)
osmose[warn] . . Osmose will ignore parameter fisheries.rate.byperiod.fsh3 = 0.27, 0.14, 0.1, 0.14, 0.12, 0.07, 0.09, 0.09, 0.05, 0.06, 0.08, 0.08, 0.08, 0.11, 0.09, 0.12, 0.09, 0.1, 0.08, 0.09 (from /gpfs/projects/ChenGroup/OSMOSE-HRENYB-GIT/osmose-hrenyb-v4.4.1-xiangyan/osmose-hrenyb_0428.R line 836)
osmose[warn] . . Parameter already defined fisheries.rate.byperiod.fsh3 = 0.270000000000001,0.14,0.0999999999999996,0.14,0.12,0.0699999999999999,0.0900000000000002,0.0900000000000002,0.0500000000000001,0.0599999999999998,0.0799999999999996,0.0799999999999996,0.0799999999999996,0.11,0.0900000000000002,0.12,0.0900000000000002,0.0999999999999996,0.0799999999999996,0.0900000000000002 (from /gpfs/projects/ChenGroup/OSMOSE-HRENYB-GIT/calibration_0506/master/calibration_parameters.osm line 103)
osmose[warn] . . Osmose will ignore parameter fisheries.selectivity.l50.fsh4 = 105 (from /gpfs/projects/ChenGroup/OSMOSE-HRENYB-GIT/osmose-hrenyb-v4.4.1-xiangyan/osmose-hrenyb_0428.R line 848)
osmose[warn] . . Parameter already defined fisheries.selectivity.l50.fsh4 = 105 (from /gpfs/projects/ChenGroup/OSMOSE-HRENYB-GIT/calibration_0506/master/calibration_parameters.osm line 107)
osmose[warn] . . Osmose will ignore parameter fisheries.rate.base.fsh4 = 1 (from /gpfs/projects/ChenGroup/OSMOSE-HRENYB-GIT/osmose-hrenyb-v4.4.1-xiangyan/osmose-hrenyb_0428.R line 853)
osmose[warn] . . Parameter already defined fisheries.rate.base.fsh4 = 0.177904112892747 (from /gpfs/projects/ChenGroup/OSMOSE-HRENYB-GIT/calibration_0506/master/calibration_parameters.osm line 105)
osmose[warn] . . Osmose will ignore parameter fisheries.rate.byperiod.fsh4 = 0.048, 0.04, 0.035, 0.019, 0.023, 0.018, 0.021, 0.026, 0.021, 0.026, 0.019, 0.03, 0.032, 0.03, 0.046, 0.033, 0.044, 0.038, 0.031, 0.042 (from /gpfs/projects/ChenGroup/OSMOSE-HRENYB-GIT/osmose-hrenyb-v4.4.1-xiangyan/osmose-hrenyb_0428.R line 855)
osmose[warn] . . Parameter already defined fisheries.rate.byperiod.fsh4 = 0.0479999999999998,0.04,0.0350000000000001,0.0189999999999999,0.0229999999999999,0.0180000000000001,0.0210000000000001,0.0259999999999999,0.0210000000000001,0.0259999999999999,0.0189999999999999,0.0300000000000001,0.032,0.0300000000000001,0.0460000000000001,0.0329999999999999,0.0439999999999998,0.0380000000000001,0.031,0.0419999999999999 (from /gpfs/projects/ChenGroup/OSMOSE-HRENYB-GIT/calibration_0506/master/calibration_parameters.osm line 106)
osmose[warn] . . Osmose will ignore parameter fisheries.selectivity.l50.fsh5 = 71.1 (from /gpfs/projects/ChenGroup/OSMOSE-HRENYB-GIT/osmose-hrenyb-v4.4.1-xiangyan/osmose-hrenyb_0428.R line 867)
osmose[warn] . . Parameter already defined fisheries.selectivity.l50.fsh5 = 71.1 (from /gpfs/projects/ChenGroup/OSMOSE-HRENYB-GIT/calibration_0506/master/calibration_parameters.osm line 110)
osmose[warn] . . Osmose will ignore parameter fisheries.rate.base.fsh5 = 1 (from /gpfs/projects/ChenGroup/OSMOSE-HRENYB-GIT/osmose-hrenyb-v4.4.1-xiangyan/osmose-hrenyb_0428.R line 872)
osmose[warn] . . Parameter already defined fisheries.rate.base.fsh5 = 0.936220127615984 (from /gpfs/projects/ChenGroup/OSMOSE-HRENYB-GIT/calibration_0506/master/calibration_parameters.osm line 108)
osmose[warn] . . Osmose will ignore parameter fisheries.rate.byperiod.fsh5 = 0.177, 0.174, 0.174, 0.191, 0.233, 0.226, 0.257, 0.190, 0.22, 0.204, 0.24, 0.243, 0.232, 0.334, 0.252, 0.215, 0.262, 0.305, 0.284, 0.284 (from /gpfs/projects/ChenGroup/OSMOSE-HRENYB-GIT/osmose-hrenyb-v4.4.1-xiangyan/osmose-hrenyb_0428.R line 874)
osmose[warn] . . Parameter already defined fisheries.rate.byperiod.fsh5 = 0.177,0.174,0.174,0.190999999999999,0.232999999999999,0.226,0.256999999999999,0.19,0.219999999999999,0.204,0.239999999999999,0.243,0.231999999999999,0.333999999999999,0.252000000000001,0.215000000000001,0.262,0.304999999999999,0.284,0.284 (from /gpfs/projects/ChenGroup/OSMOSE-HRENYB-GIT/calibration_0506/master/calibration_parameters.osm line 109)
osmose[warn] . . Osmose will ignore parameter fisheries.selectivity.l50.fsh6 = 43.2 (from /gpfs/projects/ChenGroup/OSMOSE-HRENYB-GIT/osmose-hrenyb-v4.4.1-xiangyan/osmose-hrenyb_0428.R line 886)
osmose[warn] . . Parameter already defined fisheries.selectivity.l50.fsh6 = 43.2 (from /gpfs/projects/ChenGroup/OSMOSE-HRENYB-GIT/calibration_0506/master/calibration_parameters.osm line 113)
osmose[warn] . . Osmose will ignore parameter fisheries.rate.base.fsh6 = 1 (from /gpfs/projects/ChenGroup/OSMOSE-HRENYB-GIT/osmose-hrenyb-v4.4.1-xiangyan/osmose-hrenyb_0428.R line 891)
osmose[warn] . . Parameter already defined fisheries.rate.base.fsh6 = 0.627154362694722 (from /gpfs/projects/ChenGroup/OSMOSE-HRENYB-GIT/calibration_0506/master/calibration_parameters.osm line 111)
osmose[warn] . . Osmose will ignore parameter fisheries.rate.byperiod.fsh6 = 0.105781404596442,0.137677872,0.153292366,0.16422761,0.082981628,0.192774651,0.115405005,0.166757833,0.115454673,0.169479655,0.148299329,0.09628986,0.09009179,0.154018976,0.160370582,0.133029267,0.090351545,0.135347579,0.105970837,0.12691669 (from /gpfs/projects/ChenGroup/OSMOSE-HRENYB-GIT/osmose-hrenyb-v4.4.1-xiangyan/osmose-hrenyb_0428.R line 893)
osmose[warn] . . Parameter already defined fisheries.rate.byperiod.fsh6 = 0.100344895697545,0.0985303106663764,0.179131978802465,0.103769671744038,0.153049046297994,0.121007092586369,0.102695140558088,0.102564894998465,0.104715118145982,0.114079711595074,0.144587148096929,0.0992202813704112,0.177365319588357,0.0830732906773298,0.129788511036701,0.0920478666845374,0.161855193794614,0.101934780496981,0.0987782018279875,0.0985425131790114 (from /gpfs/projects/ChenGroup/OSMOSE-HRENYB-GIT/calibration_0506/master/calibration_parameters.osm line 112)
osmose[warn] . . Osmose will ignore parameter fisheries.selectivity.l50.fsh7 = 30.5 (from /gpfs/projects/ChenGroup/OSMOSE-HRENYB-GIT/osmose-hrenyb-v4.4.1-xiangyan/osmose-hrenyb_0428.R line 905)
osmose[warn] . . Parameter already defined fisheries.selectivity.l50.fsh7 = 30.5 (from /gpfs/projects/ChenGroup/OSMOSE-HRENYB-GIT/calibration_0506/master/calibration_parameters.osm line 116)
osmose[warn] . . Osmose will ignore parameter fisheries.rate.base.fsh7 = 1 (from /gpfs/projects/ChenGroup/OSMOSE-HRENYB-GIT/osmose-hrenyb-v4.4.1-xiangyan/osmose-hrenyb_0428.R line 910)
osmose[warn] . . Parameter already defined fisheries.rate.base.fsh7 = 5.57369356184749 (from /gpfs/projects/ChenGroup/OSMOSE-HRENYB-GIT/calibration_0506/master/calibration_parameters.osm line 114)
osmose[warn] . . Osmose will ignore parameter fisheries.rate.byperiod.fsh7 = 0.55, 0.66, 0.58, 0.55, 0.45, 0.37, 0.48, 0.38, 0.28, 0.126, 0.076, 0.097, 0.121, 0.178, 0.173, 0.175, 0.187, 0.167, 0.125, 0.092 (from /gpfs/projects/ChenGroup/OSMOSE-HRENYB-GIT/osmose-hrenyb-v4.4.1-xiangyan/osmose-hrenyb_0428.R line 912)
osmose[warn] . . Parameter already defined fisheries.rate.byperiod.fsh7 = 0.55,0.66,0.58,0.55,0.45,0.37,0.48,0.38,0.279999999999999,0.126,0.0759999999999997,0.0970000000000004,0.121,0.178,0.173,0.175000000000001,0.187,0.167,0.124999999999999,0.0919999999999997 (from /gpfs/projects/ChenGroup/OSMOSE-HRENYB-GIT/calibration_0506/master/calibration_parameters.osm line 115)
osmose[warn] . . Osmose will ignore parameter fisheries.selectivity.l50.fsh8 = 16.5 (from /gpfs/projects/ChenGroup/OSMOSE-HRENYB-GIT/osmose-hrenyb-v4.4.1-xiangyan/osmose-hrenyb_0428.R line 924)
osmose[warn] . . Parameter already defined fisheries.selectivity.l50.fsh8 = 16.5 (from /gpfs/projects/ChenGroup/OSMOSE-HRENYB-GIT/calibration_0506/master/calibration_parameters.osm line 119)
osmose[warn] . . Osmose will ignore parameter fisheries.rate.base.fsh8 = 1 (from /gpfs/projects/ChenGroup/OSMOSE-HRENYB-GIT/osmose-hrenyb-v4.4.1-xiangyan/osmose-hrenyb_0428.R line 929)
osmose[warn] . . Parameter already defined fisheries.rate.base.fsh8 = 0.15664019953179 (from /gpfs/projects/ChenGroup/OSMOSE-HRENYB-GIT/calibration_0506/master/calibration_parameters.osm line 117)
osmose[warn] . . Osmose will ignore parameter fisheries.rate.byperiod.fsh8 = 0.125, 0.125, 0.16, 0.103, 0.242, 0.3, 0.16, 0.115, 0.16, 0.16, 0.104, 0.156, 0.14, 0.103,0.178, 0.178, 0.253,0.224,0.224,0.195 (from /gpfs/projects/ChenGroup/OSMOSE-HRENYB-GIT/osmose-hrenyb-v4.4.1-xiangyan/osmose-hrenyb_0428.R line 931)
osmose[warn] . . Parameter already defined fisheries.rate.byperiod.fsh8 = 0.124999999999999,0.124999999999999,0.16,0.103,0.242,0.299999999999999,0.16,0.115,0.16,0.16,0.104,0.156,0.14,0.103,0.178,0.178,0.252999999999999,0.223999999999999,0.223999999999999,0.195 (from /gpfs/projects/ChenGroup/OSMOSE-HRENYB-GIT/calibration_0506/master/calibration_parameters.osm line 118)
osmose[warn] . . Osmose will ignore parameter fisheries.selectivity.l50.fsh9 = 49.53 (from /gpfs/projects/ChenGroup/OSMOSE-HRENYB-GIT/osmose-hrenyb-v4.4.1-xiangyan/osmose-hrenyb_0428.R line 943)
osmose[warn] . . Parameter already defined fisheries.selectivity.l50.fsh9 = 49.53 (from /gpfs/projects/ChenGroup/OSMOSE-HRENYB-GIT/calibration_0506/master/calibration_parameters.osm line 122)
osmose[warn] . . Osmose will ignore parameter fisheries.rate.base.fsh9 = 1 (from /gpfs/projects/ChenGroup/OSMOSE-HRENYB-GIT/osmose-hrenyb-v4.4.1-xiangyan/osmose-hrenyb_0428.R line 948)
osmose[warn] . . Parameter already defined fisheries.rate.base.fsh9 = 1.01589066636146 (from /gpfs/projects/ChenGroup/OSMOSE-HRENYB-GIT/calibration_0506/master/calibration_parameters.osm line 120)
osmose[warn] . . Osmose will ignore parameter fisheries.rate.byperiod.fsh9 = 0.695, 0.464, 0.424, 0.407, 0.436, 0.457, 0.337, 0.257, 0.329, 0.349, 0.389, 0.46, 0.43, 0.473, 0.439, 0.427, 0.428, 0.345, 0.304, 0.37 (from /gpfs/projects/ChenGroup/OSMOSE-HRENYB-GIT/osmose-hrenyb-v4.4.1-xiangyan/osmose-hrenyb_0428.R line 950)
osmose[warn] . . Parameter already defined fisheries.rate.byperiod.fsh9 = 0.695,0.464,0.424,0.407,0.436,0.457,0.336999999999998,0.256999999999999,0.328999999999998,0.349,0.389,0.46,0.43,0.473,0.439,0.427,0.428,0.344999999999999,0.303999999999999,0.37 (from /gpfs/projects/ChenGroup/OSMOSE-HRENYB-GIT/calibration_0506/master/calibration_parameters.osm line 121)
osmose[warn] . . Osmose will ignore parameter fisheries.selectivity.l50.fsh10 = 45 (from /gpfs/projects/ChenGroup/OSMOSE-HRENYB-GIT/osmose-hrenyb-v4.4.1-xiangyan/osmose-hrenyb_0428.R line 962)
osmose[warn] . . Parameter already defined fisheries.selectivity.l50.fsh10 = 45 (from /gpfs/projects/ChenGroup/OSMOSE-HRENYB-GIT/calibration_0506/master/calibration_parameters.osm line 125)
osmose[warn] . . Osmose will ignore parameter fisheries.rate.base.fsh10 = 1 (from /gpfs/projects/ChenGroup/OSMOSE-HRENYB-GIT/osmose-hrenyb-v4.4.1-xiangyan/osmose-hrenyb_0428.R line 967)
osmose[warn] . . Parameter already defined fisheries.rate.base.fsh10 = 0.883334520169386 (from /gpfs/projects/ChenGroup/OSMOSE-HRENYB-GIT/calibration_0506/master/calibration_parameters.osm line 123)
osmose[warn] . . Osmose will ignore parameter fisheries.rate.byperiod.fsh10 = 0.0834544255848906,0.107247883,0.100990532,0.114483959,0.117645716,0.102780623,0.193631501,0.096347345,0.189653711,0.096576563,0.16984856,0.099422893,0.116515679,0.081856209,0.097675278,0.082542537,0.129258709,0.144311772,0.1110704,0.117952325 (from /gpfs/projects/ChenGroup/OSMOSE-HRENYB-GIT/osmose-hrenyb-v4.4.1-xiangyan/osmose-hrenyb_0428.R line 969)
osmose[warn] . . Parameter already defined fisheries.rate.byperiod.fsh10 = 0.130880736148597,0.144948402339637,0.0995982047518332,0.155519715683823,0.16661382683146,0.118804490614088,0.121806694490436,0.108941154547776,0.189216757502236,0.152658176398726,0.171485900705579,0.104121403444122,0.157479246733093,0.117641487725416,0.124924358211465,0.103698925139953,0.176419298905308,0.124706408884014,0.0921290830028075,0.109954872589651 (from /gpfs/projects/ChenGroup/OSMOSE-HRENYB-GIT/calibration_0506/master/calibration_parameters.osm line 124)
osmose[warn] . . Osmose will ignore parameter fisheries.selectivity.l50.fsh11 = 27.84 (from /gpfs/projects/ChenGroup/OSMOSE-HRENYB-GIT/osmose-hrenyb-v4.4.1-xiangyan/osmose-hrenyb_0428.R line 982)
osmose[warn] . . Parameter already defined fisheries.selectivity.l50.fsh11 = 27.84 (from /gpfs/projects/ChenGroup/OSMOSE-HRENYB-GIT/calibration_0506/master/calibration_parameters.osm line 128)
osmose[warn] . . Osmose will ignore parameter fisheries.rate.base.fsh11 = 1 (from /gpfs/projects/ChenGroup/OSMOSE-HRENYB-GIT/osmose-hrenyb-v4.4.1-xiangyan/osmose-hrenyb_0428.R line 987)
osmose[warn] . . Parameter already defined fisheries.rate.base.fsh11 = 0.721522172788069 (from /gpfs/projects/ChenGroup/OSMOSE-HRENYB-GIT/calibration_0506/master/calibration_parameters.osm line 126)
osmose[warn] . . Osmose will ignore parameter fisheries.rate.byperiod.fsh11 = 0.649197502404809,1.377920561,0.84640383,0.736447149,0.637730635,1.81526628,1.628460758,1.136054218,0.699506654,0.926130579,0.892899838,0.67690526,1.805651568,0.974971397,0.543387457,0.971169346,0.726537543,0.375731541,0.665828555,0.998695173 (from /gpfs/projects/ChenGroup/OSMOSE-HRENYB-GIT/osmose-hrenyb-v4.4.1-xiangyan/osmose-hrenyb_0428.R line 989)
osmose[warn] . . Parameter already defined fisheries.rate.byperiod.fsh11 = 0.458017032317408,0.820481096241913,0.584762422785227,0.59625039851514,0.465070706590623,1.17823814658932,1.8088784166893,1.08758061882284,0.988881218922536,0.845400511529444,0.940267443025534,0.495184088481967,0.917012394614166,0.638102572230997,0.566913156605048,1.68482776676843,0.484688243546805,0.888296887157098,0.904560236481588,1.08507588430751 (from /gpfs/projects/ChenGroup/OSMOSE-HRENYB-GIT/calibration_0506/master/calibration_parameters.osm line 127)
osmose[warn] . . Osmose will ignore parameter fisheries.selectivity.l50.fsh12 = 5 (from /gpfs/projects/ChenGroup/OSMOSE-HRENYB-GIT/osmose-hrenyb-v4.4.1-xiangyan/osmose-hrenyb_0428.R line 1003)
osmose[warn] . . Parameter already defined fisheries.selectivity.l50.fsh12 = 5 (from /gpfs/projects/ChenGroup/OSMOSE-HRENYB-GIT/calibration_0506/master/calibration_parameters.osm line 131)
osmose[warn] . . Osmose will ignore parameter fisheries.rate.base.fsh12 = 0.5 (from /gpfs/projects/ChenGroup/OSMOSE-HRENYB-GIT/osmose-hrenyb-v4.4.1-xiangyan/osmose-hrenyb_0428.R line 1008)
osmose[warn] . . Parameter already defined fisheries.rate.base.fsh12 = 0.198744803663546 (from /gpfs/projects/ChenGroup/OSMOSE-HRENYB-GIT/calibration_0506/master/calibration_parameters.osm line 129)
osmose[warn] . . Osmose will ignore parameter fisheries.rate.byperiod.fsh12 = 0.101, 0.177, 0.106, 0.101, 0.058, 0.035, 0.05,0.026, 0.05, 0.038, 0.031, 0.066, 0.051, 0.059, 0.224, 0.142, 0.117, 0.218, 0.121, 0.195 (from /gpfs/projects/ChenGroup/OSMOSE-HRENYB-GIT/osmose-hrenyb-v4.4.1-xiangyan/osmose-hrenyb_0428.R line 1010)
osmose[warn] . . Parameter already defined fisheries.rate.byperiod.fsh12 = 0.101,0.177,0.106,0.101,0.0579999999999999,0.0350000000000001,0.0500000000000001,0.0259999999999999,0.0500000000000001,0.0380000000000001,0.031,0.0660000000000001,0.0510000000000001,0.0589999999999998,0.223999999999999,0.141999999999999,0.117,0.218,0.121,0.195 (from /gpfs/projects/ChenGroup/OSMOSE-HRENYB-GIT/calibration_0506/master/calibration_parameters.osm line 130)
osmose[warn] . . Osmose will ignore parameter fisheries.selectivity.l50.fsh13 = 21 (from /gpfs/projects/ChenGroup/OSMOSE-HRENYB-GIT/osmose-hrenyb-v4.4.1-xiangyan/osmose-hrenyb_0428.R line 1024)
osmose[warn] . . Parameter already defined fisheries.selectivity.l50.fsh13 = 21 (from /gpfs/projects/ChenGroup/OSMOSE-HRENYB-GIT/calibration_0506/master/calibration_parameters.osm line 134)
osmose[warn] . . Osmose will ignore parameter fisheries.rate.base.fsh13 = 1 (from /gpfs/projects/ChenGroup/OSMOSE-HRENYB-GIT/osmose-hrenyb-v4.4.1-xiangyan/osmose-hrenyb_0428.R line 1029)
osmose[warn] . . Parameter already defined fisheries.rate.base.fsh13 = 0.150550889752569 (from /gpfs/projects/ChenGroup/OSMOSE-HRENYB-GIT/calibration_0506/master/calibration_parameters.osm line 132)
osmose[warn] . . Osmose will ignore parameter fisheries.rate.byperiod.fsh13 = 0.138, 0.202, 0.227, 0.247, 0.224, 0.378, 0.362, 0.352, 0.242, 0.344, 0.276, 0.215, 0.296, 0.185, 0.248, 0.197, 0.222, 0.183, 0.224, 0.455 (from /gpfs/projects/ChenGroup/OSMOSE-HRENYB-GIT/osmose-hrenyb-v4.4.1-xiangyan/osmose-hrenyb_0428.R line 1031)
osmose[warn] . . Parameter already defined fisheries.rate.byperiod.fsh13 = 0.138,0.202,0.227000000000001,0.247,0.223999999999999,0.378,0.361999999999999,0.352,0.242,0.344,0.275999999999999,0.215000000000001,0.295999999999999,0.185,0.248000000000001,0.197,0.221999999999999,0.182999999999999,0.223999999999999,0.455 (from /gpfs/projects/ChenGroup/OSMOSE-HRENYB-GIT/calibration_0506/master/calibration_parameters.osm line 133)
osmose[warn] . . Osmose will ignore parameter fisheries.selectivity.l50.fsh14 = 26.5 (from /gpfs/projects/ChenGroup/OSMOSE-HRENYB-GIT/osmose-hrenyb-v4.4.1-xiangyan/osmose-hrenyb_0428.R line 1043)
osmose[warn] . . Parameter already defined fisheries.selectivity.l50.fsh14 = 26.5 (from /gpfs/projects/ChenGroup/OSMOSE-HRENYB-GIT/calibration_0506/master/calibration_parameters.osm line 137)
osmose[warn] . . Osmose will ignore parameter fisheries.rate.base.fsh14 = 1 (from /gpfs/projects/ChenGroup/OSMOSE-HRENYB-GIT/osmose-hrenyb-v4.4.1-xiangyan/osmose-hrenyb_0428.R line 1048)
osmose[warn] . . Parameter already defined fisheries.rate.base.fsh14 = 2.84394758299303 (from /gpfs/projects/ChenGroup/OSMOSE-HRENYB-GIT/calibration_0506/master/calibration_parameters.osm line 135)
osmose[warn] . . Osmose will ignore parameter fisheries.rate.byperiod.fsh14 = 0.17591, 0.1878, 0.16361, 0.15123, 0.1758, 0.18097, 0.21972, 0.19134, 0.16115, 0.16043, 0.22015, 0.21097, 0.16686, 0.12222, 0.16163, 0.20792,0.21792,0.19764,0.2396, 0.31001 (from /gpfs/projects/ChenGroup/OSMOSE-HRENYB-GIT/osmose-hrenyb-v4.4.1-xiangyan/osmose-hrenyb_0428.R line 1050)
osmose[warn] . . Parameter already defined fisheries.rate.byperiod.fsh14 = 0.175910000000001,0.187800000000001,0.16361,0.15123,0.1758,0.18097,0.219719999999999,0.191339999999999,0.16115,0.16043,0.220150000000001,0.210969999999999,0.16686,0.12222,0.16163,0.20792,0.21792,0.19764,0.239600000000001,0.31001 (from /gpfs/projects/ChenGroup/OSMOSE-HRENYB-GIT/calibration_0506/master/calibration_parameters.osm line 136)
osmose[warn] . . Osmose will ignore parameter fisheries.movement.netcdf.enabled = TRUE (from /gpfs/projects/ChenGroup/OSMOSE-HRENYB-GIT/osmose-hrenyb-v4.4.1-xiangyan/osmose-hrenyb_0428.R line 1088)
osmose[warn] . . Parameter already defined fisheries.movement.netcdf.enabled = TRUE (from /gpfs/projects/ChenGroup/OSMOSE-HRENYB-GIT/osmose-hrenyb-v4.4.1-xiangyan/osmose-hrenyb_0428.R line 763)
osmose[warn] . . Osmose will ignore parameter surveys.movement.netcdf.enabled = TRUE (from /gpfs/projects/ChenGroup/OSMOSE-HRENYB-GIT/osmose-hrenyb-v4.4.1-xiangyan/osmose-hrenyb_0428.R line 1089)
osmose[warn] . . Parameter already defined surveys.movement.netcdf.enabled = TRUE (from /gpfs/projects/ChenGroup/OSMOSE-HRENYB-GIT/osmose-hrenyb-v4.4.1-xiangyan/osmose-hrenyb_0428.R line 1070)
osmose[warn] . . Osmose will ignore parameter movement.netcdf.enabled = FALSE (from /gpfs/projects/ChenGroup/OSMOSE-HRENYB-GIT/osmose-hrenyb-v4.4.1-xiangyan/osmose-hrenyb_0428.R line 1320)
osmose[warn] . . Parameter already defined movement.netcdf.enabled = FALSE (from /gpfs/projects/ChenGroup/OSMOSE-HRENYB-GIT/osmose-hrenyb-v4.4.1-xiangyan/osmose-hrenyb_0428.R line 1090)
osmose[warn] . . Osmose will ignore parameter output.restart.enabled = FALSE (from /gpfs/projects/ChenGroup/OSMOSE-HRENYB-GIT/osmose-hrenyb-v4.4.1-xiangyan/osmose-hrenyb_0428.R line 1338)
osmose[warn] . . Parameter already defined output.restart.enabled = FALSE (from /gpfs/projects/ChenGroup/OSMOSE-HRENYB-GIT/calibration_0506/master/output-configuration.osm line 12)
osmose[warn] . . Osmose will ignore parameter output.yield.biomass.enabled = TRUE (from /gpfs/projects/ChenGroup/OSMOSE-HRENYB-GIT/osmose-hrenyb-v4.4.1-xiangyan/osmose-hrenyb_0428.R line 1345)
osmose[warn] . . Parameter already defined output.yield.biomass.enabled = TRUE (from /gpfs/projects/ChenGroup/OSMOSE-HRENYB-GIT/calibration_0506/master/output-configuration.osm line 5)
osmose[warn] . . Osmose will ignore parameter output.yield.abundance.enabled = FALSE (from /gpfs/projects/ChenGroup/OSMOSE-HRENYB-GIT/osmose-hrenyb-v4.4.1-xiangyan/osmose-hrenyb_0428.R line 1346)
osmose[warn] . . Parameter already defined output.yield.abundance.enabled = FALSE (from /gpfs/projects/ChenGroup/OSMOSE-HRENYB-GIT/calibration_0506/master/output-configuration.osm line 34)
osmose[warn] . . Osmose will ignore parameter output.biomass.enabled = TRUE (from /gpfs/projects/ChenGroup/OSMOSE-HRENYB-GIT/osmose-hrenyb-v4.4.1-xiangyan/osmose-hrenyb_0428.R line 1352)
osmose[warn] . . Parameter already defined output.biomass.enabled = TRUE (from /gpfs/projects/ChenGroup/OSMOSE-HRENYB-GIT/calibration_0506/master/calibration_parameters.osm line 143)
osmose[warn] . . Osmose will ignore parameter output.biomass.bysize.enabled = TRUE (from /gpfs/projects/ChenGroup/OSMOSE-HRENYB-GIT/osmose-hrenyb-v4.4.1-xiangyan/osmose-hrenyb_0428.R line 1353)
osmose[warn] . . Parameter already defined output.biomass.bysize.enabled = TRUE (from /gpfs/projects/ChenGroup/OSMOSE-HRENYB-GIT/calibration_0506/master/calibration_parameters.osm line 144)
osmose[warn] . . Osmose will ignore parameter output.biomass.byage.enabled = TRUE (from /gpfs/projects/ChenGroup/OSMOSE-HRENYB-GIT/osmose-hrenyb-v4.4.1-xiangyan/osmose-hrenyb_0428.R line 1354)
osmose[warn] . . Parameter already defined output.biomass.byage.enabled = FALSE (from /gpfs/projects/ChenGroup/OSMOSE-HRENYB-GIT/calibration_0506/master/output-configuration.osm line 22)
osmose[warn] . . Osmose will ignore parameter output.biomass.bytl.enabled = FALSE (from /gpfs/projects/ChenGroup/OSMOSE-HRENYB-GIT/osmose-hrenyb-v4.4.1-xiangyan/osmose-hrenyb_0428.R line 1355)
osmose[warn] . . Parameter already defined output.biomass.bytl.enabled = FALSE (from /gpfs/projects/ChenGroup/OSMOSE-HRENYB-GIT/calibration_0506/master/output-configuration.osm line 23)
osmose[warn] . . Osmose will ignore parameter output.abundance.enabled = TRUE (from /gpfs/projects/ChenGroup/OSMOSE-HRENYB-GIT/osmose-hrenyb-v4.4.1-xiangyan/osmose-hrenyb_0428.R line 1357)
osmose[warn] . . Parameter already defined output.abundance.enabled = FALSE (from /gpfs/projects/ChenGroup/OSMOSE-HRENYB-GIT/calibration_0506/master/output-configuration.osm line 45)
osmose[warn] . . Osmose will ignore parameter output.abundance.bysize.enabled = FALSE (from /gpfs/projects/ChenGroup/OSMOSE-HRENYB-GIT/osmose-hrenyb-v4.4.1-xiangyan/osmose-hrenyb_0428.R line 1358)
osmose[warn] . . Parameter already defined output.abundance.bysize.enabled = FALSE (from /gpfs/projects/ChenGroup/OSMOSE-HRENYB-GIT/calibration_0506/master/output-configuration.osm line 47)
osmose[warn] . . Osmose will ignore parameter output.abundance.byage.enabled = FALSE (from /gpfs/projects/ChenGroup/OSMOSE-HRENYB-GIT/osmose-hrenyb-v4.4.1-xiangyan/osmose-hrenyb_0428.R line 1359)
osmose[warn] . . Parameter already defined output.abundance.byage.enabled = FALSE (from /gpfs/projects/ChenGroup/OSMOSE-HRENYB-GIT/calibration_0506/master/output-configuration.osm line 48)
osmose[warn] . . Osmose will ignore parameter output.meansize.byage.enabled = TRUE (from /gpfs/projects/ChenGroup/OSMOSE-HRENYB-GIT/osmose-hrenyb-v4.4.1-xiangyan/osmose-hrenyb_0428.R line 1361)
osmose[warn] . . Parameter already defined output.meansize.byage.enabled = TRUE (from /gpfs/projects/ChenGroup/OSMOSE-HRENYB-GIT/calibration_0506/master/calibration_parameters.osm line 145)
osmose[warn] . . Osmose will ignore parameter output.diet.composition.enabled = TRUE (from /gpfs/projects/ChenGroup/OSMOSE-HRENYB-GIT/osmose-hrenyb-v4.4.1-xiangyan/osmose-hrenyb_0428.R line 1363)
osmose[warn] . . Parameter already defined output.diet.composition.enabled = TRUE (from /gpfs/projects/ChenGroup/OSMOSE-HRENYB-GIT/calibration_0506/master/calibration_parameters.osm line 138)
osmose[warn] . . Osmose will ignore parameter output.diet.composition.byage.enabled = TRUE (from /gpfs/projects/ChenGroup/OSMOSE-HRENYB-GIT/osmose-hrenyb-v4.4.1-xiangyan/osmose-hrenyb_0428.R line 1364)
osmose[warn] . . Parameter already defined output.diet.composition.byage.enabled = TRUE (from /gpfs/projects/ChenGroup/OSMOSE-HRENYB-GIT/calibration_0506/master/calibration_parameters.osm line 139)
osmose[warn] . . Osmose will ignore parameter output.diet.composition.bysize.enabled = TRUE (from /gpfs/projects/ChenGroup/OSMOSE-HRENYB-GIT/osmose-hrenyb-v4.4.1-xiangyan/osmose-hrenyb_0428.R line 1365)
osmose[warn] . . Parameter already defined output.diet.composition.bysize.enabled = TRUE (from /gpfs/projects/ChenGroup/OSMOSE-HRENYB-GIT/calibration_0506/master/calibration_parameters.osm line 140)
osmose[warn] . . Osmose will ignore parameter output.diet.pressure.enabled = TRUE (from /gpfs/projects/ChenGroup/OSMOSE-HRENYB-GIT/osmose-hrenyb-v4.4.1-xiangyan/osmose-hrenyb_0428.R line 1366)
osmose[warn] . . Parameter already defined output.diet.pressure.enabled = FALSE (from /gpfs/projects/ChenGroup/OSMOSE-HRENYB-GIT/calibration_0506/master/output-configuration.osm line 101)
osmose[warn] . . Osmose will ignore parameter output.diet.pressure.byage.enabled = FALSE (from /gpfs/projects/ChenGroup/OSMOSE-HRENYB-GIT/osmose-hrenyb-v4.4.1-xiangyan/osmose-hrenyb_0428.R line 1367)
osmose[warn] . . Parameter already defined output.diet.pressure.byage.enabled = FALSE (from /gpfs/projects/ChenGroup/OSMOSE-HRENYB-GIT/calibration_0506/master/output-configuration.osm line 102)
osmose[warn] . . Osmose will ignore parameter output.diet.pressure.bysize.enabled = FALSE (from /gpfs/projects/ChenGroup/OSMOSE-HRENYB-GIT/osmose-hrenyb-v4.4.1-xiangyan/osmose-hrenyb_0428.R line 1368)
osmose[warn] . . Parameter already defined output.diet.pressure.bysize.enabled = FALSE (from /gpfs/projects/ChenGroup/OSMOSE-HRENYB-GIT/calibration_0506/master/output-configuration.osm line 103)
osmose[warn] . . Osmose will ignore parameter output.spatial.enabled = FALSE (from /gpfs/projects/ChenGroup/OSMOSE-HRENYB-GIT/osmose-hrenyb-v4.4.1-xiangyan/osmose-hrenyb_0428.R line 1388)
osmose[warn] . . Parameter already defined output.spatial.enabled = FALSE (from /gpfs/projects/ChenGroup/OSMOSE-HRENYB-GIT/calibration_0506/master/output-configuration.osm line 63)
osmose[warn] . . Osmose will ignore parameter output.spatial.ltl.enabled = FALSE (from /gpfs/projects/ChenGroup/OSMOSE-HRENYB-GIT/osmose-hrenyb-v4.4.1-xiangyan/osmose-hrenyb_0428.R line 1389)
osmose[warn] . . Parameter already defined output.spatial.ltl.enabled = FALSE (from /gpfs/projects/ChenGroup/OSMOSE-HRENYB-GIT/calibration_0506/master/output-configuration.osm line 64)
osmose[warn] . . Osmose will ignore parameter output.spatialbiomass.enabled = FALSE (from /gpfs/projects/ChenGroup/OSMOSE-HRENYB-GIT/osmose-hrenyb-v4.4.1-xiangyan/osmose-hrenyb_0428.R line 1391)
osmose[warn] . . Parameter already defined output.spatialbiomass.enabled = FALSE (from /gpfs/projects/ChenGroup/OSMOSE-HRENYB-GIT/calibration_0506/master/output-configuration.osm line 66)
osmose[warn] . . Osmose will ignore parameter output.spatialtl.enabled = FALSE (from /gpfs/projects/ChenGroup/OSMOSE-HRENYB-GIT/osmose-hrenyb-v4.4.1-xiangyan/osmose-hrenyb_0428.R line 1392)
osmose[warn] . . Parameter already defined output.spatialtl.enabled = FALSE (from /gpfs/projects/ChenGroup/OSMOSE-HRENYB-GIT/calibration_0506/master/output-configuration.osm line 68)
osmose[warn] . . Osmose will ignore parameter output.mortality.enabled = TRUE (from /gpfs/projects/ChenGroup/OSMOSE-HRENYB-GIT/osmose-hrenyb-v4.4.1-xiangyan/osmose-hrenyb_0428.R line 1394)
osmose[warn] . . Parameter already defined output.mortality.enabled = TRUE (from /gpfs/projects/ChenGroup/OSMOSE-HRENYB-GIT/calibration_0506/master/calibration_parameters.osm line 141)
osmose[warn] . . Osmose will ignore parameter output.mortality.perspecies.byage.enabled = FALSE (from /gpfs/projects/ChenGroup/OSMOSE-HRENYB-GIT/osmose-hrenyb-v4.4.1-xiangyan/osmose-hrenyb_0428.R line 1395)
osmose[warn] . . Parameter already defined output.mortality.perspecies.byage.enabled = TRUE (from /gpfs/projects/ChenGroup/OSMOSE-HRENYB-GIT/calibration_0506/master/output-configuration.osm line 8)
osmose[warn] . . Osmose will ignore parameter output.mortality.perspecies.bysize.enabled = FALSE (from /gpfs/projects/ChenGroup/OSMOSE-HRENYB-GIT/osmose-hrenyb-v4.4.1-xiangyan/osmose-hrenyb_0428.R line 1396)
osmose[warn] . . Parameter already defined output.mortality.perspecies.bysize.enabled = FALSE (from /gpfs/projects/ChenGroup/OSMOSE-HRENYB-GIT/calibration_0506/master/output-configuration.osm line 77)
osmose[warn] . . Osmose will ignore parameter output.size.enabled = TRUE (from /gpfs/projects/ChenGroup/OSMOSE-HRENYB-GIT/osmose-hrenyb-v4.4.1-xiangyan/osmose-hrenyb_0428.R line 1409)
osmose[warn] . . Parameter already defined output.size.enabled = TRUE (from /gpfs/projects/ChenGroup/OSMOSE-HRENYB-GIT/calibration_0506/master/calibration_parameters.osm line 146)
osmose[warn] . . Osmose will ignore parameter output.size.catch.enabled = FALSE (from /gpfs/projects/ChenGroup/OSMOSE-HRENYB-GIT/osmose-hrenyb-v4.4.1-xiangyan/osmose-hrenyb_0428.R line 1410)
osmose[warn] . . Parameter already defined output.size.catch.enabled = FALSE (from /gpfs/projects/ChenGroup/OSMOSE-HRENYB-GIT/calibration_0506/master/output-configuration.osm line 85)
osmose[warn] . . Osmose will ignore parameter output.tl.enabled = TRUE (from /gpfs/projects/ChenGroup/OSMOSE-HRENYB-GIT/osmose-hrenyb-v4.4.1-xiangyan/osmose-hrenyb_0428.R line 1411)
osmose[warn] . . Parameter already defined output.tl.enabled = TRUE (from /gpfs/projects/ChenGroup/OSMOSE-HRENYB-GIT/calibration_0506/master/calibration_parameters.osm line 142)
osmose[warn] . . Osmose will ignore parameter output.tl.catch.enabled = FALSE (from /gpfs/projects/ChenGroup/OSMOSE-HRENYB-GIT/osmose-hrenyb-v4.4.1-xiangyan/osmose-hrenyb_0428.R line 1412)
osmose[warn] . . Parameter already defined output.tl.catch.enabled = FALSE (from /gpfs/projects/ChenGroup/OSMOSE-HRENYB-GIT/calibration_0506/master/output-configuration.osm line 87)
osmose[warn] . . Osmose will ignore parameter output.meantl.bysize.enabled = TRUE (from /gpfs/projects/ChenGroup/OSMOSE-HRENYB-GIT/osmose-hrenyb-v4.4.1-xiangyan/osmose-hrenyb_0428.R line 1413)
osmose[warn] . . Parameter already defined output.meantl.bysize.enabled = FALSE (from /gpfs/projects/ChenGroup/OSMOSE-HRENYB-GIT/calibration_0506/master/output-configuration.osm line 91)
osmose[warn] . . Osmose will ignore parameter output.meantl.byage.enabled = TRUE (from /gpfs/projects/ChenGroup/OSMOSE-HRENYB-GIT/osmose-hrenyb-v4.4.1-xiangyan/osmose-hrenyb_0428.R line 1414)
osmose[warn] . . Parameter already defined output.meantl.byage.enabled = FALSE (from /gpfs/projects/ChenGroup/OSMOSE-HRENYB-GIT/calibration_0506/master/output-configuration.osm line 92)
osmose[info] . . Loading parameters from /gpfs/projects/ChenGroup/OSMOSE-HRENYB-GIT/osmose-hrenyb-v4.4.1-xiangyan/input/initial_conditions_0415.osm
osmose[warn] . . . Osmose will ignore parameter population.initialization.biomass.sp0 = 62810.3 (from /gpfs/projects/ChenGroup/OSMOSE-HRENYB-GIT/osmose-hrenyb-v4.4.1-xiangyan/input/initial_conditions_0415.osm line 4)
osmose[warn] . . . Parameter already defined population.initialization.biomass.sp0 = 62810.2999999998 (from /gpfs/projects/ChenGroup/OSMOSE-HRENYB-GIT/calibration_0506/master/calibration_parameters.osm line 9)
osmose[warn] . . . Osmose will ignore parameter population.initialization.biomass.sp1 = 32391.98 (from /gpfs/projects/ChenGroup/OSMOSE-HRENYB-GIT/osmose-hrenyb-v4.4.1-xiangyan/input/initial_conditions_0415.osm line 12)
osmose[warn] . . . Parameter already defined population.initialization.biomass.sp1 = 32391.9799999999 (from /gpfs/projects/ChenGroup/OSMOSE-HRENYB-GIT/calibration_0506/master/calibration_parameters.osm line 10)
osmose[warn] . . . Osmose will ignore parameter population.initialization.biomass.sp2 = 140.231 (from /gpfs/projects/ChenGroup/OSMOSE-HRENYB-GIT/osmose-hrenyb-v4.4.1-xiangyan/input/initial_conditions_0415.osm line 20)
osmose[warn] . . . Parameter already defined population.initialization.biomass.sp2 = 140.230999999999 (from /gpfs/projects/ChenGroup/OSMOSE-HRENYB-GIT/calibration_0506/master/calibration_parameters.osm line 11)
osmose[warn] . . . Osmose will ignore parameter population.initialization.biomass.sp3 = 2374.515 (from /gpfs/projects/ChenGroup/OSMOSE-HRENYB-GIT/osmose-hrenyb-v4.4.1-xiangyan/input/initial_conditions_0415.osm line 28)
osmose[warn] . . . Parameter already defined population.initialization.biomass.sp3 = 2374.51500000002 (from /gpfs/projects/ChenGroup/OSMOSE-HRENYB-GIT/calibration_0506/master/calibration_parameters.osm line 12)
osmose[warn] . . . Osmose will ignore parameter population.initialization.biomass.sp4 = 23293.294 (from /gpfs/projects/ChenGroup/OSMOSE-HRENYB-GIT/osmose-hrenyb-v4.4.1-xiangyan/input/initial_conditions_0415.osm line 36)
osmose[warn] . . . Parameter already defined population.initialization.biomass.sp4 = 23293.2939999999 (from /gpfs/projects/ChenGroup/OSMOSE-HRENYB-GIT/calibration_0506/master/calibration_parameters.osm line 13)
osmose[warn] . . . Osmose will ignore parameter population.initialization.biomass.sp5 = 2559.035 (from /gpfs/projects/ChenGroup/OSMOSE-HRENYB-GIT/osmose-hrenyb-v4.4.1-xiangyan/input/initial_conditions_0415.osm line 44)
osmose[warn] . . . Parameter already defined population.initialization.biomass.sp5 = 2559.03499999998 (from /gpfs/projects/ChenGroup/OSMOSE-HRENYB-GIT/calibration_0506/master/calibration_parameters.osm line 14)
osmose[warn] . . . Osmose will ignore parameter population.initialization.biomass.sp6 = 695.02 (from /gpfs/projects/ChenGroup/OSMOSE-HRENYB-GIT/osmose-hrenyb-v4.4.1-xiangyan/input/initial_conditions_0415.osm line 52)
osmose[warn] . . . Parameter already defined population.initialization.biomass.sp6 = 695.020000000005 (from /gpfs/projects/ChenGroup/OSMOSE-HRENYB-GIT/calibration_0506/master/calibration_parameters.osm line 15)
osmose[warn] . . . Osmose will ignore parameter population.initialization.biomass.sp7 = 1951.095 (from /gpfs/projects/ChenGroup/OSMOSE-HRENYB-GIT/osmose-hrenyb-v4.4.1-xiangyan/input/initial_conditions_0415.osm line 60)
osmose[warn] . . . Parameter already defined population.initialization.biomass.sp7 = 1951.09499999999 (from /gpfs/projects/ChenGroup/OSMOSE-HRENYB-GIT/calibration_0506/master/calibration_parameters.osm line 16)
osmose[warn] . . . Osmose will ignore parameter population.initialization.biomass.sp8 = 71398.78 (from /gpfs/projects/ChenGroup/OSMOSE-HRENYB-GIT/osmose-hrenyb-v4.4.1-xiangyan/input/initial_conditions_0415.osm line 68)
osmose[warn] . . . Parameter already defined population.initialization.biomass.sp8 = 71398.7800000005 (from /gpfs/projects/ChenGroup/OSMOSE-HRENYB-GIT/calibration_0506/master/calibration_parameters.osm line 17)
osmose[warn] . . . Osmose will ignore parameter population.initialization.biomass.sp9 = 6058.335 (from /gpfs/projects/ChenGroup/OSMOSE-HRENYB-GIT/osmose-hrenyb-v4.4.1-xiangyan/input/initial_conditions_0415.osm line 76)
osmose[warn] . . . Parameter already defined population.initialization.biomass.sp9 = 6058.33499999997 (from /gpfs/projects/ChenGroup/OSMOSE-HRENYB-GIT/calibration_0506/master/calibration_parameters.osm line 18)
osmose[warn] . . . Osmose will ignore parameter population.initialization.biomass.sp10 = 17717.523 (from /gpfs/projects/ChenGroup/OSMOSE-HRENYB-GIT/osmose-hrenyb-v4.4.1-xiangyan/input/initial_conditions_0415.osm line 84)
osmose[warn] . . . Parameter already defined population.initialization.biomass.sp10 = 17717.523 (from /gpfs/projects/ChenGroup/OSMOSE-HRENYB-GIT/calibration_0506/master/calibration_parameters.osm line 19)
osmose[warn] . . . Osmose will ignore parameter population.initialization.biomass.sp11 = 3156.918 (from /gpfs/projects/ChenGroup/OSMOSE-HRENYB-GIT/osmose-hrenyb-v4.4.1-xiangyan/input/initial_conditions_0415.osm line 92)
osmose[warn] . . . Parameter already defined population.initialization.biomass.sp11 = 3156.91799999998 (from /gpfs/projects/ChenGroup/OSMOSE-HRENYB-GIT/calibration_0506/master/calibration_parameters.osm line 20)
osmose[warn] . . . Osmose will ignore parameter population.initialization.biomass.sp12 = 335331.813 (from /gpfs/projects/ChenGroup/OSMOSE-HRENYB-GIT/osmose-hrenyb-v4.4.1-xiangyan/input/initial_conditions_0415.osm line 100)
osmose[warn] . . . Parameter already defined population.initialization.biomass.sp12 = 335331.813000001 (from /gpfs/projects/ChenGroup/OSMOSE-HRENYB-GIT/calibration_0506/master/calibration_parameters.osm line 21)
osmose[warn] . . . Osmose will ignore parameter population.initialization.biomass.sp13 = 48804.319 (from /gpfs/projects/ChenGroup/OSMOSE-HRENYB-GIT/osmose-hrenyb-v4.4.1-xiangyan/input/initial_conditions_0415.osm line 108)
osmose[warn] . . . Parameter already defined population.initialization.biomass.sp13 = 48804.3190000005 (from /gpfs/projects/ChenGroup/OSMOSE-HRENYB-GIT/calibration_0506/master/calibration_parameters.osm line 22)
osmose[warn] . . . Osmose will ignore parameter population.initialization.biomass.sp14 = 14246.976 (from /gpfs/projects/ChenGroup/OSMOSE-HRENYB-GIT/osmose-hrenyb-v4.4.1-xiangyan/input/initial_conditions_0415.osm line 116)
osmose[warn] . . . Parameter already defined population.initialization.biomass.sp14 = 14246.9760000001 (from /gpfs/projects/ChenGroup/OSMOSE-HRENYB-GIT/calibration_0506/master/calibration_parameters.osm line 23)
osmose[warn] . . . Osmose will ignore parameter population.initialization.biomass.sp15 = 5.315 (from /gpfs/projects/ChenGroup/OSMOSE-HRENYB-GIT/osmose-hrenyb-v4.4.1-xiangyan/input/initial_conditions_0415.osm line 124)
osmose[warn] . . . Parameter already defined population.initialization.biomass.sp15 = 5.31500000000001 (from /gpfs/projects/ChenGroup/OSMOSE-HRENYB-GIT/calibration_0506/master/calibration_parameters.osm line 24)
osmose[warn] . . . Osmose will ignore parameter population.initialization.biomass.sp16 = 1.881 (from /gpfs/projects/ChenGroup/OSMOSE-HRENYB-GIT/osmose-hrenyb-v4.4.1-xiangyan/input/initial_conditions_0415.osm line 132)
osmose[warn] . . . Parameter already defined population.initialization.biomass.sp16 = 1.881 (from /gpfs/projects/ChenGroup/OSMOSE-HRENYB-GIT/calibration_0506/master/calibration_parameters.osm line 25)
osmose[warn] . . Osmose will ignore parameter output.netcdf.format = netcdf3 (from /gpfs/projects/ChenGroup/OSMOSE-HRENYB-GIT/osmose-hrenyb-v4.4.1-xiangyan/osmose-hrenyb_0428.R line 1448)
osmose[warn] . . Parameter already defined output.netcdf.format = netcdf3 (from /gpfs/projects/ChenGroup/OSMOSE-HRENYB-GIT/osmose-hrenyb-v4.4.1-xiangyan/osmose-hrenyb_0428.R line 1408)
osmose[warn] . . Osmose will ignore parameter output.netcdf.format = netcdf3 (from /gpfs/projects/ChenGroup/OSMOSE-HRENYB-GIT/osmose-hrenyb-v4.4.1-xiangyan/osmose-hrenyb_0428.R line 1450)
osmose[warn] . . Parameter already defined output.netcdf.format = netcdf3 (from /gpfs/projects/ChenGroup/OSMOSE-HRENYB-GIT/osmose-hrenyb-v4.4.1-xiangyan/osmose-hrenyb_0428.R line 1408)
osmose[warn] . . Osmose will ignore parameter movement.checks.enabled = netcdf3 (from /gpfs/projects/ChenGroup/OSMOSE-HRENYB-GIT/osmose-hrenyb-v4.4.1-xiangyan/osmose-hrenyb_0428.R line 1456)
osmose[warn] . . Parameter already defined movement.checks.enabled = netcdf3 (from /gpfs/projects/ChenGroup/OSMOSE-HRENYB-GIT/osmose-hrenyb-v4.4.1-xiangyan/osmose-hrenyb_0428.R line 1322)
osmose[info] Configuration version: 4.4.1
osmose[warn] Could not find parameter 'simulation.restart.enabled'. Osmose assumes it is true and a NetCDF restart file will be created at the end of the simulation (or more, depending on parameters 'simulation.restart.recordfrequency.ndt' and 'simulation.restart.spinup').
osmose[info] Simulation restart spinup is 0
osmose[info] Output folder set to /gpfs/projects/ChenGroup/OSMOSE-HRENYB-GIT/calibration_0506/master/output/
osmose[info] Output CSV separator set to COMA
SLF4J: Failed to load class "org.slf4j.impl.StaticLoggerBinder".
SLF4J: Defaulting to no-operation (NOP) logger implementation
SLF4J: See http://www.slf4j.org/codes.html#StaticLoggerBinder for further details.
osmose[info] 1: Using surveys.selectivity.tiny.sr1 = 0.001000
osmose[info] Simulation 0 started...
osmose[info] 0: Using default tiny (0.000001).
osmose[info] 1: Using default tiny (0.000001).
osmose[info] 2: Using default tiny (0.000001).
osmose[info] 3: Using default tiny (0.000001).
osmose[info] 4: Using default tiny (0.000001).
osmose[info] 5: Using default tiny (0.000001).
osmose[info] 6: Using default tiny (0.000001).
osmose[info] 7: Using default tiny (0.000001).
osmose[info] 8: Using default tiny (0.000001).
osmose[info] 9: Using default tiny (0.000001).
osmose[info] 10: Using default tiny (0.000001).
osmose[info] 11: Using default tiny (0.000001).
osmose[info] 12: Using default tiny (0.000001).
osmose[info] 13: Using default tiny (0.000001).
osmose[info] 14: Using default tiny (0.000001).
osmose[info] Growth function VonBertalanffy used for species AtlanticHerring.
osmose[info] Growth function VonBertalanffy used for species AtlanticMackerel.
osmose[info] Growth function VonBertalanffy used for species BlackSeaBass.
osmose[info] Growth function VonBertalanffy used for species Scup.
osmose[info] Growth function VonBertalanffy used for species SpinyDogfish.
osmose[info] Growth function VonBertalanffy used for species StripedBass.
osmose[info] Growth function VonBertalanffy used for species Goosefish.
osmose[info] Growth function VonBertalanffy used for species WinterFlounder.
osmose[info] Growth function VonBertalanffy used for species Squids.
osmose[info] Growth function VonBertalanffy used for species Flounders.
osmose[info] Growth function VonBertalanffy used for species SkateRays.
osmose[info] Growth function VonBertalanffy used for species Hakes.
osmose[info] Growth function VonBertalanffy used for species Benthopelagics.
osmose[info] Growth function VonBertalanffy used for species MiscellaneousDemersals.
osmose[info] Growth function VonBertalanffy used for species ShallowDemersal.
osmose[info] Growth function VonBertalanffy used for species WhitePerch.
osmose[info] Growth function VonBertalanffy used for species AtlanticTomcod.
osmose[warn] The minimum value for output distribution was set equal to 0. It has been corrected to 10.0
osmose[warn] The minimum value for output distribution was set equal to 0. It has been corrected to 2.0
osmose[warn] Could not find Boolean parameter output.spatial.abundance.enabled. Osmose assumes it is false.
osmose[warn] Could not find Boolean parameter output.spatial.biomass.enabled. Osmose assumes it is false.
osmose[warn] Could not find Boolean parameter output.spatial.size.enabled. Osmose assumes it is false.
osmose[warn] Could not find Boolean parameter output.spatial.enet.enabled. Osmose assumes it is false.
osmose[warn] Could not find Boolean parameter output.spatial.enet.larvae.enabled. Osmose assumes it is false.
osmose[warn] Could not find Boolean parameter output.spatial.enet.juv.enabled. Osmose assumes it is false.
osmose[warn] Could not find Boolean parameter output.spatial.mstarv.enabled. Osmose assumes it is false.
osmose[warn] Could not find Boolean parameter output.spatial.mpred.enabled. Osmose assumes it is false.
osmose[warn] Could not find Boolean parameter output.spatial.dg.enabled. Osmose assumes it is false.
osmose[warn] Could not find Boolean parameter output.spatial.egg.enabled. Osmose assumes it is false.
osmose[warn] Could not find Boolean parameter output.spatial.fisheries.enabled. Osmose assumes it is false.
osmose[warn] Could not find Boolean parameter output.fisheries.byage.enabled. Osmose assumes it is false.
osmose[warn] Could not find Boolean parameter output.fisheries.bysize.enabled. Osmose assumes it is false.
osmose[info] Growth function VonBertalanffy used for species AtlanticHerring.
osmose[info] Growth function VonBertalanffy used for species AtlanticMackerel.
osmose[info] Growth function VonBertalanffy used for species BlackSeaBass.
osmose[info] Growth function VonBertalanffy used for species Scup.
osmose[info] Growth function VonBertalanffy used for species SpinyDogfish.
osmose[info] Growth function VonBertalanffy used for species StripedBass.
osmose[info] Growth function VonBertalanffy used for species Goosefish.
osmose[info] Growth function VonBertalanffy used for species WinterFlounder.
osmose[info] Growth function VonBertalanffy used for species Squids.
osmose[info] Growth function VonBertalanffy used for species Flounders.
osmose[info] Growth function VonBertalanffy used for species SkateRays.
osmose[info] Growth function VonBertalanffy used for species Hakes.
osmose[info] Growth function VonBertalanffy used for species Benthopelagics.
osmose[info] Growth function VonBertalanffy used for species MiscellaneousDemersals.
osmose[info] Growth function VonBertalanffy used for species ShallowDemersal.
osmose[info] Growth function VonBertalanffy used for species WhitePerch.
osmose[info] Growth function VonBertalanffy used for species AtlanticTomcod.
osmose[info] year 0
osmose[info] year 1
osmose[info] year 2
osmose[info] year 3
osmose[info] year 4
osmose[info] year 5
osmose[info] year 6
osmose[info] year 7
osmose[info] year 8
osmose[info] year 9
osmose[info] year 10
osmose[info] year 11
osmose[info] year 12
osmose[info] year 13
osmose[info] year 14
osmose[info] year 15
osmose[info] year 16
osmose[info] year 17
osmose[info] year 18
osmose[info] year 19
osmose[info] Simulation 0 completed (time ellapsed: 477 seconds)
osmose[info] *********************************************
osmose[info] OSMOSE 4.4.1 (c) 2024 IRD.
osmose[info] ----------------------------------------------
